{"type":"FeatureCollection", "features": [
{"type":"Feature","geometry":{"type":"MultiPolygon","coordinates":[[[[607.5,740],[605.5,740],[605.26,738.76],[604.76,738.5],[604.5,737.26],[605.5,736.76],[605.5,735.76],[605,735.5],[604.76,734.26],[606,733.76],[606.76,734.26],[606.26,733],[608.26,732.76],[608.76,732],[609.5,732.76],[609.5,734.26],[610.76,734.76],[613,733.76],[613,732.76],[612.5,732.5],[613,731.26],[612,730.76],[612,729.76],[613.26,729.26],[612.76,728.5],[611.26,727.5],[609.76,727.5],[609.5,726.26],[607.76,726.26],[607.26,725.5],[607.5,723],[608.76,723.76],[609.76,723.5],[609.5,722],[611.26,722],[612,721.5],[611.76,720],[611,719],[611,718.26],[612,718.26],[613,717],[613.76,717.5],[614.26,716.5],[614.76,716.76],[614.76,715.76],[616.76,713.5],[616.76,711.5],[615,710.76],[614.26,710.76],[615.26,710],[616,708.5],[617.26,708.5],[616.76,707.26],[618.5,706.76],[619,705.76],[620,705.76],[620,706.76],[620.76,707],[621,706.5],[622.5,706],[622.5,705.5],[624.26,704.76],[624.5,703.5],[625.26,702.76],[625.26,701.5],[625.76,701],[624.5,700],[625.26,698.76],[626.26,698.76],[627,700.26],[627.76,700.26],[628.26,699.5],[629.26,699.26],[629,698.26],[629.76,698],[631.5,698],[631.5,696.76],[630.5,697],[629.26,696.5],[628.5,695.5],[628,695.5],[628.5,694],[629.5,694],[629.76,692.76],[628.76,693],[628.26,692],[626.5,692.26],[626.5,691.76],[625.5,691.76],[625,691.26],[625,690.26],[626.26,689.76],[626.76,689],[626.76,688],[627.26,687.76],[627.5,686.5],[627,686.26],[627,685],[627.5,685],[628,684],[629,683.5],[628.76,682.76],[629,681],[630,681.26],[633.26,681.26],[633.76,680.76],[635.26,680.26],[635.26,678.76],[636.5,679.26],[637.26,678.26],[638,678.76],[640.26,678.76],[642.26,678],[643.5,678.26],[646,678],[647.76,677],[649,676],[650,674.26],[653.26,673.26],[654,672.26],[654.26,671],[655.5,670.5],[655.5,669.5],[656.5,668.5],[658,668.76],[660,668.76],[660.26,669.76],[661,670.26],[662.76,670],[663.76,668.76],[665.76,668.76],[666.76,669],[667.76,668.26],[668,667.26],[669,667.26],[669,666.76],[670.26,666.76],[670.76,667.26],[672.26,667],[673,667.76],[674.26,667.76],[674.5,667],[675.26,666.5],[676.5,666.5],[677.5,667.26],[677.5,666],[677,666],[676.76,664.5],[677.76,664.5],[678,663.5],[678.76,663.26],[678.5,662.5],[678.76,660.26],[680.26,659.76],[680.76,658.5],[682.26,658.5],[682.26,657.76],[683.26,657.26],[683.26,656.5],[684.76,654.5],[686,654.26],[686.5,653.5],[687.26,653.5],[688.5,654.76],[691.5,654.76],[692.76,654.5],[693.76,655.26],[694.5,655],[697.76,655.26],[698.5,654],[699.5,653.5],[701.26,653.5],[701.26,653.26],[703,653.26],[703,653.5],[705.26,653.5],[706,653.76],[705.76,654.76],[706.5,655],[706.26,655.76],[706.26,658.26],[706.76,658.26],[706.5,660.76],[707,661],[707,662],[707.5,663.26],[708.26,663.76],[709.5,664],[710.76,664.76],[711,665.76],[711.76,666.26],[711.76,668],[712.26,668.5],[713.76,669],[714.5,670],[716.76,670.5],[717.5,670],[717.5,671],[718,671.5],[719.5,671.26],[720.26,672.26],[720.5,674.5],[721.26,675.26],[721.26,676.5],[723,677.76],[723.26,678.5],[724.5,678.5],[724.26,680],[725,680.5],[725.26,682],[725.76,682.5],[727.26,682.76],[728,683.5],[729,683.5],[729.76,684.26],[731,684.76],[731.26,686.5],[730.5,687.5],[731,689],[731,690.76],[732,692.26],[734,693],[735.26,694.76],[735.76,694.76],[736.26,695.76],[739.76,698.76],[740.26,699.5],[740.5,700.76],[741.76,702],[742.26,703.5],[742.26,705.5],[741.76,706],[742,707.76],[742.5,708.26],[742.5,710.26],[742.26,711.5],[742.76,712.26],[742.76,714],[742.26,714.5],[742.26,716.76],[739.5,716.76],[739.26,717.26],[737.76,717.76],[736,717.76],[735.26,719],[733.76,719.5],[733.5,721],[735,722.5],[735,724],[734.5,724.5],[734.76,726.26],[734.26,726.5],[734.26,727.76],[733.26,727.76],[732.5,728.26],[732.26,729],[731.5,729.5],[731.5,730.26],[732.26,731],[732.26,732.76],[733,733],[733,734.26],[731.76,735.26],[731.76,737],[731.5,738],[732.76,738.5],[732.76,740.5],[733.26,740.26],[734.26,741.5],[734.5,742.76],[734.26,743],[734.26,744.76],[733.5,745.26],[730,745.26],[730,745.5],[729.26,745.5],[728.5,745.5],[727.76,744],[727.76,742.76],[726,742.5],[725.76,742],[723.26,742],[722.26,740.5],[722.26,739.26],[721.76,738.26],[722,736.76],[721.5,736.5],[720.76,735.26],[717.5,734.26],[715.76,733],[715,731.76],[713,731.5],[712,730.76],[711,730.76],[710.5,729.5],[709.76,728.5],[709.76,727.5],[709.26,727.5],[708.26,726],[706.5,725.76],[706.26,725.26],[705,725],[704.5,724.26],[702.76,723.26],[702.76,721.76],[702,721],[701.76,720],[700.26,719.76],[699,719.26],[697.76,717.5],[696.26,717.26],[695.26,716.26],[693.5,715.5],[693.26,714.76],[692.26,714],[691.76,713],[691.76,712],[691.26,711.5],[691.26,713],[692.5,715.26],[692.5,716],[696,717.5],[696.26,718.26],[697.26,718.26],[698,718.76],[698.76,720],[700,720],[701.5,721.5],[702,722.5],[702,723.76],[703,724.76],[704,725],[704.26,725.5],[705.5,726],[706.5,726.76],[706.5,727.26],[708.5,727.5],[708.76,728.5],[709.76,729.5],[709.76,730.76],[711.26,732.26],[713.5,732.26],[714,733],[715,733],[716.5,735],[717.76,735.26],[718.76,736],[720.26,736],[720.76,736.5],[720.76,739.5],[721,740.26],[720.26,740.26],[719.5,739.26],[718.26,740],[718,740.76],[716.76,740.26],[716,740.5],[715,742.26],[713,742.26],[712.5,741.76],[711.26,742.5],[711,743.5],[710.5,743.76],[710.5,745.5],[710,746],[709,746],[708.76,746.76],[707,746.5],[706.76,747],[705.5,747.5],[705.5,748.26],[704.76,749],[704.5,750.5],[704,751.76],[705.5,754],[704.5,754.76],[704.26,756.76],[703.5,757.5],[703.26,758.76],[703.76,759.26],[703.76,760.26],[702,758.76],[701,758.5],[699,756.76],[698,754.76],[696.5,753.5],[696.5,748.76],[696,747.76],[695.26,747.5],[694.76,746.5],[693.5,745.5],[693.5,745],[691.76,744],[690.76,742.5],[689.76,742.5],[689,741.5],[685,741.5],[684.26,740.76],[683.26,740.76],[682,740],[681.26,738.26],[680.5,738],[680.5,736.26],[679.26,736.5],[674.76,736.5],[673.76,736.76],[673.76,736.26],[672.76,736],[672.26,735.26],[671.76,735.5],[669,735.5],[668.26,735.26],[667.5,736],[666.76,736],[666.26,735.26],[664.5,735.5],[663,737],[661.76,736.76],[661,737.26],[660.5,738.26],[660.76,740],[658.5,741],[658.5,742.26],[657.76,742.76],[658,745.5],[657,745.5],[656.5,746.76],[655.5,747.26],[653.76,747.26],[653.5,748],[652,748.5],[652,749.76],[651.26,750.26],[651.26,751],[648.26,751],[647.5,751.76],[645.76,751.76],[645,751.26],[642.26,751.76],[642,752.76],[641.26,753.26],[640.76,753],[639.5,753.26],[639.5,753.76],[638.5,753.5],[638.5,752.5],[638,752],[637,752.5],[635.76,752.26],[635.5,751.76],[634.26,751.5],[633.26,752.26],[631.5,752.26],[630.5,752.76],[630.26,753.5],[628.5,753],[627,751.76],[627,751.26],[626,751.5],[625.5,750.76],[625.26,749.5],[623.76,749.26],[622.76,748.26],[622.76,747.76],[621.76,747],[620.26,747.26],[620,748],[617.76,748],[617.26,747.76],[616.26,746.26],[615.76,746.26],[615.26,745.26],[614.5,745],[613,743.26],[611.26,743],[611,742.26],[609.5,741.76],[609.26,740.76],[608.5,740.76],[607.5,740]]],[[[613.26,712.5],[613,711.76],[614,711.76],[613.26,712.5]]],[[[612,713],[611.26,713],[611.5,712.26],[612.26,712.5],[612,713]]],[[[613.5,716],[613,716.26],[613,715.26],[613.76,715.26],[613.5,716]]],[[[609.26,731],[608.5,731.5],[608.5,730.26],[609.26,731]]],[[[601,732.5],[601.26,731.5],[602.5,731.76],[603.26,732.76],[603.26,733.5],[602.26,734],[600.76,733.76],[601,732.5]]]]},"properties":{"id":"k1","key":"k_andalos","name":"Andalos","counties":26,"color":"#dfdce8","owner":null,"ownerCountryId":null,"notes":""},"id":"k1"},
{"type":"Feature","geometry":{"type":"Polygon","coordinates":[[[872,858],[872,857],[871.5,856],[870,856],[869.5,855],[868.26,854.76],[866.5,854.76],[865.76,853.5],[864.76,853.5],[864.5,854.26],[863.76,854.26],[862.26,852.5],[862,853],[860.5,852.76],[860.5,851.26],[860,851],[860.26,849.76],[859.76,849.5],[860.76,848.76],[860.76,847.76],[861.5,846.5],[862.76,846.5],[863,845.76],[864,846],[864.76,845],[865.5,845],[866.5,844.26],[866.76,841.26],[867.26,841.26],[867.76,838],[869.26,837.26],[869.26,836.5],[870,835.5],[871,835.5],[871.76,834.76],[872.5,834.76],[873.76,833.76],[874.26,834],[874.26,835],[873.76,836.26],[874.76,836.76],[875.26,837.5],[874.26,838.26],[874.5,839.5],[875.26,840],[875.76,842],[876.26,843],[875.5,843],[875.26,844],[874.76,844],[874,845.76],[873.26,846],[873.26,846.76],[875.26,848.26],[875,849],[875.26,851],[876,851.5],[877.76,851.5],[877.76,853.26],[878.5,853.26],[879.26,854.76],[879,855.76],[877.5,856],[877.26,856.5],[876,856.76],[874,856.76],[873.26,857.76],[872,858]]]},"properties":{"id":"k2","key":"k_ar_noy","name":"Ar Noy","counties":3,"color":"#e5dee7","owner":null,"ownerCountryId":null,"notes":""},"id":"k2"},
{"type":"Feature","geometry":{"type":"MultiPolygon","coordinates":[[[[2076.26,1330.76],[2076.5,1330.26],[2078.26,1330.5],[2078.76,1330],[2079.26,1330.76],[2079,1333.26],[2078.26,1334.26],[2077.5,1334.5],[2077.5,1336.26],[2076.5,1336.5],[2076,1335.5],[2076,1333.76],[2075,1333.5],[2074.26,1332.76],[2075,1332],[2075.26,1331],[2076,1331.26],[2076.26,1330.76]]],[[[2075.5,1334.5],[2075.76,1335.26],[2075,1335.26],[2074.76,1334.26],[2075.5,1334.5]]],[[[2076.76,1389.26],[2078.5,1388],[2079,1388.76],[2078.5,1390.5],[2076.76,1390.26],[2076.76,1389.26]]],[[[2077.26,1400.5],[2077.76,1399.26],[2079.26,1399],[2079,1400.26],[2078.26,1400.76],[2077.26,1400.5]]],[[[2068.5,1405],[2069.76,1403.76],[2072.5,1403.76],[2073.26,1404.26],[2074.26,1404.26],[2074.26,1405],[2075,1406],[2075,1407.26],[2073.5,1407.5],[2072.26,1406.5],[2071.26,1406.5],[2070.76,1406],[2067.76,1406.26],[2068.5,1405]]],[[[2094.26,1303],[2096.5,1303],[2096.76,1304],[2100,1304],[2100.5,1304.5],[2103,1304.26],[2103.76,1305.26],[2105.5,1305.26],[2106.76,1307.26],[2107.26,1307.26],[2107.76,1306.26],[2109.5,1306.26],[2111,1306.5],[2111.26,1305.5],[2112.26,1304.76],[2115,1304.76],[2116.26,1305.26],[2116.26,1308.26],[2116.76,1309.5],[2116.76,1311.5],[2116.5,1311.5],[2116.5,1313.76],[2117.5,1315],[2118,1316.26],[2118,1318.5],[2118.26,1318.5],[2118.5,1320.5],[2119.76,1322.26],[2120,1323],[2120,1325.5],[2120.76,1327],[2120.76,1329.5],[2121.5,1330.5],[2121.5,1331.5],[2122,1332.26],[2122,1334],[2121.26,1334.5],[2121,1335.26],[2121,1337.76],[2120.76,1337.76],[2120.76,1342.5],[2120.5,1342.5],[2120.5,1344.76],[2120.26,1346],[2118.5,1350.26],[2117.76,1351.26],[2116.5,1352.26],[2115.5,1354.76],[2115.5,1356.76],[2115.26,1356.76],[2114.76,1358.5],[2113.76,1359.5],[2112.76,1362.26],[2111.26,1363.5],[2111.26,1364],[2110.26,1364.76],[2109.5,1366.26],[2109,1368.5],[2108,1369.26],[2107.5,1370.26],[2107.26,1371.76],[2106.5,1373],[2105.26,1374],[2104.76,1374.76],[2104.5,1376],[2104,1376.76],[2103.76,1378.5],[2103,1379.26],[2102.76,1380.76],[2102.26,1382],[2101,1384],[2101,1384.76],[2100.26,1386],[2099.76,1388.76],[2099.26,1389.26],[2099,1390.5],[2096.76,1392.5],[2096.5,1393.26],[2096.5,1395],[2096.26,1396.5],[2095.26,1398.26],[2094.5,1398.76],[2093.76,1400.5],[2093.26,1400.76],[2093,1402],[2091.5,1404.26],[2090.26,1407.76],[2089.5,1408.26],[2088.26,1409.76],[2088,1411],[2085.26,1415.76],[2084.76,1418],[2085.76,1417.76],[2086,1416.26],[2087.5,1415.76],[2088.26,1414],[2089,1414],[2089.76,1412.26],[2091.5,1409.76],[2092,1408.5],[2092,1407],[2092.76,1405.76],[2093.76,1405],[2094.5,1403.5],[2095,1401.5],[2096.76,1399],[2097,1397],[2098,1395.26],[2099,1394.5],[2099,1394],[2101,1390.76],[2101.5,1389.5],[2102,1386.76],[2102.76,1385.76],[2102.76,1385],[2104,1383],[2105,1379.26],[2107.5,1376],[2107.76,1374.5],[2108.26,1374],[2109.5,1370.5],[2110,1370.26],[2110.76,1369],[2112.5,1367],[2112.5,1366.26],[2113.26,1364.76],[2113.26,1363.76],[2114.5,1362.5],[2114.5,1361.76],[2115.5,1360.26],[2116.5,1357.26],[2118.26,1355.26],[2118.5,1354.26],[2118.5,1351.5],[2118.76,1351],[2120.76,1349.26],[2120.76,1348.76],[2121.76,1347.26],[2121.76,1345.5],[2122,1345.5],[2122.5,1342.5],[2123.5,1340],[2123.5,1337],[2123.26,1335.5],[2124.26,1334.76],[2124.26,1330],[2123.76,1328.5],[2122.76,1327.26],[2122.76,1326],[2122.26,1324.76],[2122.26,1321.26],[2121,1320],[2121,1319.26],[2120.26,1317.5],[2120.26,1315.5],[2120.5,1315.5],[2120.5,1313.76],[2120.26,1313.76],[2120.26,1311.5],[2119.5,1310.5],[2119.5,1306],[2119,1304.76],[2119,1302.5],[2119.26,1302.5],[2119.26,1300.26],[2119,1299.26],[2119.5,1299.5],[2121.76,1299.5],[2122.76,1299.76],[2123,1300.5],[2124,1300],[2125.26,1300],[2125.5,1301.5],[2127,1302.26],[2126.76,1304.26],[2127.76,1304.5],[2127.76,1305.26],[2130,1305.26],[2130.76,1305.5],[2131.5,1305],[2133.76,1305],[2135.26,1305.76],[2136.76,1305.76],[2138.26,1306.76],[2140,1306.76],[2140.5,1306.26],[2142.5,1306.26],[2142.76,1306.76],[2145.5,1306.76],[2146.26,1306.5],[2147.26,1307.26],[2148.26,1307],[2151.5,1307],[2151,1308],[2151,1310.5],[2151.5,1311],[2152.76,1311],[2153.76,1310.26],[2154.76,1310],[2155.76,1309.26],[2156.76,1307],[2158.26,1306],[2160.26,1305.76],[2161.26,1305],[2162,1305],[2162.76,1304.26],[2163.76,1304],[2165.5,1304],[2166,1303.76],[2167.26,1302.26],[2167.76,1302],[2169,1302.26],[2169,1304.76],[2168.76,1304.76],[2168.76,1306.5],[2168.5,1306.5],[2168.5,1309],[2168.76,1310.5],[2169.5,1311.5],[2170,1312.76],[2169.76,1314.5],[2169,1315.26],[2168.76,1316.5],[2168.76,1320.76],[2167.76,1321.5],[2167,1323.76],[2166.5,1324.5],[2165.5,1325],[2162,1325],[2161.5,1325.26],[2159.76,1327.26],[2158.26,1327.76],[2158,1328.26],[2156.5,1328.76],[2155.5,1329.5],[2154,1331.26],[2152.26,1332.26],[2150.5,1332.76],[2149,1334.5],[2148.26,1335],[2146.76,1335],[2146.26,1335.76],[2145.26,1336],[2144.5,1337],[2143.26,1337.76],[2142.5,1339.26],[2141.5,1342.26],[2140,1343.26],[2140,1343.76],[2139,1345.26],[2138,1345.5],[2136.76,1346.5],[2136,1348.5],[2136,1350],[2135.26,1351.26],[2134.26,1352.26],[2133.76,1354.76],[2133.26,1356],[2132.26,1357.5],[2132,1359.26],[2131.5,1359.76],[2131,1361.26],[2131,1362.26],[2128.76,1366],[2128,1369.76],[2127.5,1370.26],[2127.26,1371.5],[2128,1372.5],[2130,1371],[2130.26,1370.5],[2130.26,1368],[2130.76,1367.26],[2131,1365.26],[2131.76,1364.5],[2132.5,1364.5],[2133.26,1363.26],[2133.26,1362.26],[2133.76,1361.26],[2134.76,1360.5],[2135.5,1358.76],[2135.5,1356],[2136.76,1354.26],[2138.26,1353.5],[2138.5,1352.26],[2138.5,1350.26],[2140,1349],[2141.26,1347],[2142.5,1347.5],[2142.76,1345.26],[2144.76,1343.5],[2144.76,1343],[2146.26,1341.26],[2147.26,1340.76],[2147.76,1339.5],[2148.5,1339],[2149.5,1337.26],[2151,1336.76],[2153,1335],[2154.5,1333],[2155.5,1332.76],[2156.5,1331.76],[2158.5,1331],[2159.26,1330],[2160.76,1329.26],[2162.26,1329.26],[2163.26,1330],[2164,1331],[2164,1333.76],[2163.26,1335.5],[2163.26,1338.5],[2163.5,1338.5],[2163.5,1342.26],[2164.26,1342.76],[2164.5,1343.5],[2165,1343.26],[2165.76,1341.76],[2165.76,1340.5],[2166.5,1339.5],[2166.76,1338.5],[2166.76,1336.76],[2167.5,1336],[2167.5,1334.5],[2166.76,1333.26],[2166.76,1331.76],[2167.5,1331.26],[2168.76,1331],[2169.26,1330.26],[2169.26,1329],[2170,1327.26],[2170,1325.5],[2169.76,1325.5],[2169.76,1322.5],[2170.26,1321.26],[2171,1320.5],[2171.26,1318.5],[2172,1317],[2172,1314.26],[2171.5,1313.76],[2171.5,1311.26],[2172,1311],[2172,1308.26],[2174.76,1308.26],[2176,1310],[2177.76,1310],[2178.76,1309.5],[2179.5,1310.26],[2179.76,1309.76],[2181.26,1309.5],[2182,1310.26],[2183.26,1310.26],[2184.5,1311],[2184.5,1311.76],[2185.26,1312],[2186.76,1311.76],[2187,1311.26],[2188,1311.26],[2189.26,1310.5],[2189.5,1309],[2190.26,1308.5],[2190,1307.5],[2191.26,1306.76],[2192.26,1306.76],[2192.5,1306.26],[2194.26,1306.26],[2194.26,1306.5],[2196.26,1306.26],[2197,1307.26],[2198.5,1307.26],[2198.26,1308.76],[2197.5,1310.76],[2197.26,1312],[2197.26,1313.76],[2197.5,1313.76],[2197.5,1316.5],[2197.76,1316.5],[2197.76,1318.26],[2197,1319.76],[2196.76,1321.26],[2196.76,1323],[2196.26,1324.5],[2195.5,1325],[2195.26,1326],[2194.76,1326.26],[2194.5,1327.26],[2194,1327.5],[2193.76,1328.5],[2193,1329.5],[2190.76,1331.26],[2190.76,1331.76],[2189,1333],[2189,1333.5],[2188,1334],[2185.76,1336],[2185.26,1337.5],[2184.5,1338.5],[2183.5,1339],[2182,1340.76],[2179.5,1341.5],[2178.76,1342.5],[2178.5,1344.5],[2177.76,1345.5],[2177.5,1346.5],[2177,1346.76],[2175.76,1348.76],[2173.5,1350.5],[2173.5,1351],[2169.5,1354.76],[2168.5,1356.26],[2167.5,1356.5],[2167,1357.26],[2165,1358],[2164.76,1358.5],[2162.26,1360.5],[2161.5,1362.26],[2160.26,1363.26],[2160.5,1364],[2163,1363.5],[2165.5,1361.26],[2167,1359.5],[2168,1359],[2168.5,1358.26],[2169.76,1357.76],[2170.76,1356.5],[2172.26,1356],[2174.26,1354.76],[2174.26,1354.26],[2176,1352.76],[2176.76,1351.76],[2177.76,1349.76],[2181,1347.76],[2181.26,1346.76],[2181.76,1346.5],[2182,1345.5],[2183.5,1344],[2184.5,1344],[2185.76,1343.26],[2187.26,1341.5],[2188.5,1341],[2189.5,1339.5],[2190,1339.5],[2191,1338.26],[2191.76,1337.76],[2193.5,1337.26],[2194.76,1335.26],[2195.26,1333.5],[2197.76,1331.26],[2197.76,1330.76],[2198.76,1329.76],[2199,1328],[2199.76,1326.76],[2200,1325.26],[2200,1323.26],[2200.26,1323],[2203.26,1323],[2204.5,1323.5],[2205.26,1324.76],[2205.76,1324.76],[2205.5,1326.26],[2206.76,1326.76],[2207.76,1327.5],[2210,1327.5],[2210,1327.26],[2211.76,1327.26],[2212.26,1327.76],[2213.5,1327.76],[2214,1328.26],[2214,1330],[2215.26,1330.76],[2215.26,1331.26],[2217,1331.76],[2217.76,1333],[2219.26,1333.5],[2219.5,1334.5],[2221,1335.5],[2221,1336],[2222,1336.26],[2222,1336.76],[2223,1337.5],[2224.26,1336.26],[2226,1336.26],[2227.5,1335.26],[2228.5,1335.26],[2228.76,1336],[2230.5,1336.26],[2230.5,1336.76],[2232,1337.26],[2232.26,1338.76],[2231,1339.5],[2229.76,1340.76],[2230.5,1341],[2230.26,1341.5],[2229.26,1341.5],[2228.76,1342.26],[2227.76,1342.76],[2226.26,1343],[2225.76,1344],[2227.26,1344.5],[2227.5,1345.26],[2226,1345.76],[2226.26,1346.76],[2225,1348.26],[2225.26,1349.76],[2226.76,1349.76],[2226.26,1351.5],[2225.5,1352],[2225.5,1353.26],[2225,1353.76],[2223.26,1354],[2222.5,1353.26],[2219.26,1354.5],[2219.26,1355.26],[2217.76,1355.26],[2216.26,1356],[2216,1357.26],[2217,1357.5],[2216.5,1358.5],[2217.5,1359],[2217,1359.76],[2215.26,1360.26],[2215,1361.5],[2215,1363.26],[2215.5,1364.26],[2214.26,1365],[2212.26,1365],[2210.76,1365.76],[2209.76,1366.76],[2208,1366.76],[2207.26,1367],[2206.26,1365.5],[2207.26,1365],[2209,1365],[2209.26,1363.5],[2210,1363],[2211.5,1362.76],[2211,1361.26],[2211.76,1361.26],[2212.26,1359.76],[2211.5,1359.26],[2210.76,1357.26],[2212.5,1355.76],[2212.5,1354.76],[2213,1354.76],[2213.5,1353.76],[2213.76,1351.76],[2213,1351.26],[2209.5,1354],[2208.26,1354],[2208,1352.76],[2206.76,1352.5],[2206.26,1353.26],[2205.26,1353.76],[2203,1353.5],[2202.26,1354],[2200.76,1354],[2200.26,1354.5],[2200.26,1356.26],[2198.5,1356.5],[2197.26,1358],[2195.26,1358.26],[2194.26,1359],[2194.76,1360.5],[2193.5,1361.26],[2193.76,1363],[2195.5,1363],[2195.5,1364.5],[2197.5,1364.5],[2196.5,1366.26],[2195.76,1368.26],[2195,1368],[2194.76,1368.5],[2193.76,1368.5],[2193.26,1368],[2192,1368.5],[2192.26,1370],[2191,1370],[2189.76,1371.76],[2188.5,1372.26],[2188.76,1374],[2190.76,1374],[2190.5,1375.26],[2189.5,1376],[2187.5,1376.26],[2188,1376.76],[2187.5,1377.5],[2186.76,1377.76],[2186.76,1378.5],[2187.5,1379.5],[2186.26,1380.76],[2184.76,1380.76],[2184.5,1381.26],[2183.5,1381.26],[2182,1382.76],[2182,1384.5],[2181.5,1384.76],[2179.5,1384.5],[2178.5,1385],[2176.76,1384.76],[2176.5,1385.5],[2174.5,1385.26],[2174.5,1384.76],[2172.5,1384],[2172.26,1383.26],[2171.5,1383.5],[2169.5,1384.76],[2169.26,1385.5],[2168.5,1385.5],[2167.26,1384.5],[2165.76,1384.76],[2165,1385.76],[2163.76,1386],[2164.26,1384.26],[2163.5,1383.76],[2163.5,1382.26],[2162.76,1382],[2162.26,1383],[2162.26,1384],[2161.76,1384.5],[2159.76,1384.26],[2159.26,1385],[2160,1385.5],[2161,1385.5],[2161.26,1386],[2162.5,1386.5],[2162.5,1387.5],[2164.76,1387.26],[2165,1389.76],[2166,1389.76],[2164.76,1390.5],[2164.5,1391.5],[2163.26,1392.5],[2162.76,1394],[2163.76,1395],[2163.5,1396.5],[2162,1396.5],[2159.76,1395.76],[2159.76,1396.5],[2158.5,1396.26],[2156.76,1396.76],[2156.76,1398],[2157.76,1397.76],[2157.76,1399],[2159,1399.5],[2159,1400.76],[2156.5,1402.76],[2156.76,1404.5],[2156,1404.26],[2155,1406.5],[2154,1406.76],[2151.76,1406.5],[2150.5,1407.76],[2149.76,1409],[2149.76,1410.5],[2148.5,1410.5],[2148.26,1411],[2147,1411.26],[2146.26,1412],[2146,1414.5],[2144.26,1414.26],[2143,1413],[2142.26,1413],[2142,1414],[2141.26,1415],[2140.26,1414.76],[2140,1415.26],[2138.26,1415.76],[2138.26,1416.76],[2137.5,1417.5],[2137.76,1418.76],[2138.5,1419],[2139,1419.76],[2138,1419.76],[2137,1420.76],[2136.26,1421],[2136.26,1422],[2135,1422],[2133.76,1423.26],[2132.5,1424],[2132.76,1425],[2132.76,1427],[2133.26,1427.5],[2131.5,1427.5],[2130.76,1426.76],[2129.76,1426.76],[2130,1425.5],[2129.76,1424.76],[2129,1424.76],[2126.5,1423.76],[2124,1424],[2123,1424.5],[2122.5,1425.26],[2121.5,1425.5],[2119.76,1423.26],[2119,1423.26],[2118.26,1424.5],[2117.76,1424.26],[2115.76,1424.5],[2115.5,1425.76],[2115,1426.5],[2113.76,1427],[2111.5,1426.76],[2110.76,1428.26],[2109,1428.76],[2107.5,1428.5],[2107.5,1430],[2108.26,1430.26],[2109,1431.26],[2109,1432],[2108.26,1432.5],[2108.5,1434.76],[2107.76,1435],[2107.76,1436.5],[2106.76,1436.76],[2106.5,1437.26],[2103.76,1437],[2102.26,1436],[2099.76,1437],[2099.5,1437.5],[2098.26,1437.76],[2097.76,1438.5],[2097.26,1437.76],[2096,1437.76],[2095.76,1437],[2094.5,1436.5],[2090.5,1437.26],[2087.26,1439],[2086.76,1440.5],[2085.76,1440.26],[2085.26,1438.76],[2084.26,1439],[2084.26,1440.5],[2084.76,1440.76],[2084.26,1442.76],[2086,1443],[2086.26,1444],[2085.76,1444],[2085.76,1445],[2083.76,1445.26],[2083.26,1446],[2083,1447.26],[2083.5,1448],[2082.76,1448.5],[2081.76,1448.5],[2081.26,1449.26],[2080.26,1449.76],[2078.5,1450],[2078.26,1449.26],[2077.76,1449.5],[2075.26,1449.5],[2075,1450.5],[2073.76,1451],[2072.76,1451],[2071.5,1451.76],[2071,1451],[2069.76,1450],[2069,1450.5],[2067.5,1450.5],[2067.5,1451.26],[2066.26,1452.26],[2064,1453],[2063.76,1452],[2062,1452],[2062,1451.26],[2060.5,1451],[2060,1450.5],[2060.5,1447.5],[2059.76,1447],[2060.26,1446],[2061.76,1445.5],[2062,1445],[2063.76,1444.26],[2062.76,1443.5],[2062.26,1441.26],[2062.76,1441],[2063.26,1439.26],[2065.5,1439.26],[2066.26,1438.76],[2066.5,1437.5],[2065.76,1437],[2066,1435.5],[2065,1434],[2064.76,1432.5],[2065.76,1431.76],[2066,1430.5],[2068,1430.26],[2068.5,1429.5],[2068.76,1426.76],[2068.26,1425.5],[2069.5,1424.26],[2069.26,1422.5],[2070.5,1422.5],[2070.5,1421.5],[2071.5,1420.76],[2073,1421],[2073.5,1420.26],[2074.76,1420],[2074.76,1419],[2075.5,1419],[2074.76,1418],[2073.76,1417.76],[2074.5,1417],[2075.5,1417],[2075.76,1416],[2075.76,1412.76],[2075,1412.5],[2074.5,1411.5],[2076.5,1410.5],[2076.5,1409.26],[2078,1409],[2078.26,1408.26],[2077.26,1406.5],[2076.76,1406.5],[2075.5,1404.5],[2075.5,1403.76],[2076.5,1403.5],[2076.5,1402.76],[2077.76,1402.76],[2077.76,1402.26],[2078.76,1402],[2078.76,1401],[2079.5,1401],[2079.76,1400.26],[2080.76,1399.5],[2080.76,1397.76],[2081.5,1397.26],[2081.5,1396.5],[2082.26,1396],[2082.76,1394.76],[2081.5,1394.76],[2081.26,1394],[2082.26,1393.5],[2082.26,1392.5],[2080.76,1391],[2079.76,1390.76],[2079.76,1389.76],[2080.5,1389.76],[2080.76,1387.26],[2081.26,1386.5],[2083,1386.5],[2083.5,1386],[2084.76,1385.76],[2085,1385],[2083.76,1384.76],[2084.5,1384.26],[2085.26,1382.5],[2087,1382.5],[2087.76,1382],[2088.26,1380.76],[2088.26,1379.5],[2089,1378.76],[2088.26,1378.5],[2088.5,1377.76],[2088.5,1375.76],[2087,1375],[2087,1373.76],[2088.26,1373.76],[2088.76,1373],[2089.76,1373],[2091.26,1372.26],[2092.76,1372.26],[2093.26,1371.5],[2093,1370.5],[2093,1367.5],[2092.5,1367],[2092.76,1366.26],[2092.5,1365.26],[2093.26,1365.76],[2095,1365.5],[2095.26,1364.76],[2094.5,1364.26],[2094.5,1363.26],[2095.76,1363.26],[2096.5,1362.26],[2098,1362.5],[2098.26,1362],[2098.26,1359.26],[2097,1359],[2095.5,1357.76],[2093.5,1357.5],[2093,1356.76],[2093.76,1355.76],[2095.26,1355.26],[2095.26,1354.26],[2096.26,1353.26],[2096.76,1352],[2096.26,1350.76],[2097.26,1350.5],[2097,1349.76],[2097,1346],[2095.26,1346],[2094.5,1343.5],[2095.26,1343.26],[2096,1342.26],[2097,1342],[2097,1340],[2097.5,1339.5],[2098.76,1339.5],[2099,1338.76],[2099.76,1338.76],[2100.26,1337.76],[2099.76,1336.26],[2099,1336],[2098.76,1335],[2097.5,1334.76],[2097.76,1332],[2097.26,1331.26],[2096,1331.26],[2095,1332],[2093.26,1332],[2092.5,1330],[2093.76,1329],[2094.5,1329],[2095,1328],[2095.76,1327.5],[2095.76,1326.5],[2095,1326.5],[2094.26,1327.26],[2093.26,1327.26],[2092.76,1326.76],[2092.5,1328],[2091.5,1328],[2090.5,1328.76],[2089.76,1331.5],[2087.5,1331.5],[2086.76,1330.5],[2086.76,1329.76],[2086,1329.5],[2085.76,1330],[2084,1329.76],[2083.76,1330.26],[2082.76,1330.26],[2081.26,1332.76],[2080.26,1332.76],[2080.76,1329.5],[2079.26,1329],[2079.26,1328.26],[2080,1327.76],[2080.76,1326.5],[2080.76,1325.5],[2080,1325.5],[2079.5,1324.5],[2080.76,1324],[2082.26,1324],[2082.76,1323],[2083.5,1323],[2083.76,1322.26],[2084.5,1322],[2084.5,1320.76],[2085.5,1320.76],[2085.5,1318.26],[2086.26,1318],[2088.26,1318],[2090,1318.26],[2090.26,1317.76],[2091.76,1317],[2092,1315.76],[2092,1313.76],[2091.76,1313.26],[2093.26,1313],[2093.5,1312],[2095,1311.5],[2094.76,1310],[2093.26,1309],[2093,1308.26],[2093.26,1306.76],[2094.26,1305],[2094.26,1303]],[[2111.76,1413.76],[2112.5,1413.5],[2113,1412.5],[2115,1410.76],[2115,1409.76],[2116,1409],[2116,1408.5],[2117.76,1406.5],[2120.26,1405.26],[2121.5,1404.26],[2121.76,1402.26],[2122.5,1401.76],[2122.5,1401],[2124.26,1400],[2124.76,1399.26],[2127.26,1397.5],[2127.26,1397],[2131.26,1393.26],[2133.5,1393.26],[2135.5,1391.5],[2135.5,1391],[2137.26,1389.76],[2138.26,1388.26],[2139.76,1388],[2140.5,1387.5],[2142.26,1385.26],[2144,1384.76],[2145,1383.5],[2145.26,1382.5],[2147.5,1380],[2148.26,1378],[2149.5,1377],[2150,1375.5],[2151,1374.5],[2151.26,1373.5],[2151.76,1373.5],[2152.76,1372],[2152.76,1371.26],[2153.5,1370.76],[2153.26,1370.26],[2150.26,1370.76],[2148.76,1373.26],[2147,1374.26],[2146.5,1376.5],[2146,1376.5],[2145.5,1377.76],[2145.5,1378.76],[2145,1379],[2143.5,1380.76],[2143,1380.76],[2141.5,1383.5],[2140.76,1384],[2140.26,1385],[2139,1385.5],[2138,1387],[2135.76,1387.76],[2135.5,1388.26],[2134.5,1388.5],[2133.76,1389.5],[2132.5,1389.76],[2130.5,1391],[2130.5,1391.5],[2129.5,1392],[2128.5,1393.26],[2127,1394],[2126.26,1394],[2125.76,1394.76],[2124.5,1395.26],[2123.76,1396.26],[2122.26,1397.26],[2122.26,1397.76],[2121.26,1398.5],[2120.76,1400],[2119.76,1401],[2119.76,1401.76],[2117.26,1404],[2117,1405],[2115.5,1406.26],[2114.76,1407.5],[2113.76,1407.76],[2112.76,1408.5],[2111.26,1410.26],[2110.5,1410.26],[2110.26,1411],[2109.26,1411.5],[2109,1413.26],[2108,1415],[2107,1415.26],[2106,1416],[2105,1417.26],[2103.26,1418.26],[2103,1420],[2104.26,1420.26],[2104.76,1419.5],[2106,1419],[2107,1417.76],[2107.5,1417.76],[2108.26,1416.76],[2109.76,1416],[2109.76,1415.26],[2111.26,1414.5],[2111.76,1413.76]]],[[[2083.26,1331.5],[2084.26,1330.5],[2084.26,1331.5],[2083.26,1331.5]]],[[[2079.26,1338.5],[2079.5,1337.5],[2080.5,1337.5],[2080.5,1338.26],[2082.26,1338.26],[2083,1338.76],[2081.5,1340.76],[2081.26,1343.26],[2081.5,1344.26],[2081,1344.76],[2079.26,1344.5],[2079.26,1342.26],[2079.76,1342],[2079.76,1339.76],[2079.26,1339.5],[2079.26,1338.5]]],[[[2088.76,1332.26],[2087.76,1332.76],[2087.5,1332],[2088.76,1332.26]]],[[[2091.76,1333.76],[2092.26,1334.26],[2092.26,1335.26],[2090.26,1334.76],[2090.26,1333.76],[2091.5,1333],[2091.76,1333.76]]],[[[2087.76,1337],[2087.76,1336],[2089,1336],[2089.26,1337.26],[2088.5,1338.5],[2087.5,1338.5],[2087.76,1337]]],[[[2090.26,1368],[2090.26,1367.26],[2091.76,1367.76],[2092,1368.5],[2092,1370.26],[2091.76,1370.76],[2090,1370.26],[2089,1371.5],[2088,1371],[2087.76,1369],[2089.76,1368.76],[2090.26,1368]]],[[[2092.76,1305.5],[2092.5,1304.5],[2093.5,1304.5],[2093.5,1305.26],[2092.76,1305.5]]],[[[2092.76,1333.26],[2092.5,1333.76],[2092,1333],[2092.76,1333.26]]],[[[2139.26,1418],[2140.26,1417.5],[2140.76,1419],[2140,1419],[2139.26,1418]]],[[[2148.5,1414.5],[2148.26,1413.26],[2149,1412.76],[2150.26,1412.76],[2150.76,1414],[2149.76,1414.76],[2149.26,1415.76],[2148,1415.76],[2148.5,1414.5]]],[[[2186.5,1383.5],[2188.26,1382],[2189.26,1383.26],[2189.5,1384.26],[2191.26,1384.5],[2191,1385.76],[2188.76,1385.76],[2188,1385],[2186.76,1385.26],[2185,1384.76],[2185.5,1384],[2186.5,1383.5]]],[[[2180.5,1385.26],[2182,1386],[2182,1387],[2181.5,1387.76],[2180,1386.26],[2180,1385.26],[2180.5,1385.26]]],[[[2202,1359.76],[2202.26,1359],[2203,1359],[2203.76,1358.26],[2203.76,1359.5],[2204.76,1360.5],[2204.76,1361.26],[2204,1361.26],[2203.76,1362.26],[2203,1362.26],[2202.76,1361.26],[2201.76,1361.26],[2200.76,1360.76],[2201,1360],[2202,1359.76]]],[[[2205,1359.76],[2204.5,1360],[2204.26,1359],[2205,1359],[2205,1359.76]]],[[[2203.5,1367.5],[2205.26,1366.26],[2206,1367],[2206,1368.26],[2204.76,1368.76],[2203.5,1368.76],[2203.5,1367.5]]],[[[2193.5,1386],[2193,1386.26],[2192.76,1385.5],[2193.26,1385],[2194.5,1385.26],[2194.5,1385.76],[2193.5,1386]]],[[[2209.76,1357.26],[2210,1358],[2209,1358],[2209.26,1357],[2209.76,1357.26]]]]},"properties":{"id":"k3","key":"k_asshai","name":"Asshai","counties":60,"color":"#d5e1db","owner":null,"ownerCountryId":null,"notes":""},"id":"k3"},
{"type":"Feature","geometry":{"type":"MultiPolygon","coordinates":[[[[637.26,678.26],[637.26,677.76],[634.76,676.76],[634.5,676.26],[633.5,676.26],[633.5,675.26],[632.76,675],[632.26,675.76],[631.76,675.5],[631.76,673.5],[633.26,673.26],[634,672.76],[635,672.76],[635.76,672],[635.76,671.26],[635,670.5],[635,668.76],[633.76,668.26],[633.76,667.26],[635.5,667.26],[635.5,667],[637.26,667],[638.26,666.26],[638.5,664.76],[639.76,663],[641.26,662],[641.5,661],[642,660.76],[642,659.5],[641,658.26],[641.26,656.76],[639,655],[639.76,654.26],[639.76,653.26],[639,652.26],[637.5,652],[636.76,651.26],[637.26,651],[637.26,649.5],[637.76,649.5],[639.26,648],[640.76,648],[641.5,647.5],[641.5,646.5],[641,646],[640.76,644.26],[641,643],[640.76,641.5],[641.76,640],[641.26,638.76],[641.26,637.76],[642.76,637],[642.76,636.5],[644.26,636.76],[644.76,636],[644.76,635],[644.26,634],[643.5,633.76],[643,633],[642,632.76],[642.76,630.26],[641.76,630],[642.26,628.5],[640.76,627.26],[640.5,626.5],[642,625.26],[643,623.5],[643,622],[644,622],[644.26,621.5],[645.26,621.26],[644.5,620],[643.26,619.76],[640.5,619.76],[639.26,619],[638.26,618],[637,618.26],[636.76,619],[635.76,618.26],[636.5,615.76],[637.26,615.5],[636.76,613.26],[635.76,613.26],[633.76,612],[633.76,611.26],[634.5,611.26],[635.26,610.26],[636,607.76],[637.26,607.76],[637,606.76],[635.5,606.5],[636.5,605.5],[635.26,604.26],[635.26,602.26],[635.5,601.5],[636.5,602],[636.5,600.26],[637.26,600.26],[637.76,599],[638.5,598.76],[638.76,599.76],[639.76,601],[639,601.5],[639.26,602.76],[640.76,602.76],[641.26,603.76],[641.26,605.5],[641,606],[642,606.26],[642.26,607.5],[641.76,607.76],[642,608.76],[644.26,608.5],[644.5,606.5],[644,605.5],[643.26,605],[643.26,603.5],[644,603],[643.76,602.26],[643.76,600.5],[643,600],[641.5,600],[642,599.5],[642,598.5],[641.5,598.26],[641.76,597],[641.76,595],[642,595],[641.76,593],[640,593],[640.26,591.26],[639.76,591],[639.76,590],[638.5,590],[638.5,589.26],[637,589],[636.76,586.76],[637.26,586.5],[637.5,585],[636.26,585],[635.26,584.5],[635.5,583.26],[634.26,583.26],[634.26,581.5],[634,581.5],[633.76,579.5],[634.5,579.26],[634.26,578],[634.5,576.26],[635,576],[634.5,574.5],[634.5,571.5],[635.26,572.5],[635.76,572.5],[636,574],[637.5,574.76],[637.5,575.5],[636.76,576],[636.76,579],[637.76,580],[637.76,581.26],[638.76,582],[639.76,582],[640.76,583],[642.76,582.76],[644,583.76],[646.26,583.76],[646.5,583],[647.5,583.26],[647.5,583.76],[650,583.76],[650.76,584],[651.26,583],[652.26,583],[653,582.26],[653,577.26],[652.5,577],[652.26,576],[651.26,575],[651.26,574],[652.5,574.5],[652,570.76],[651.5,570.76],[651,569.76],[652.26,569.76],[652,569],[650,569],[650,568.5],[651.26,567.26],[652.76,567.26],[652.76,568.26],[653.26,568.26],[653.76,569.5],[653.76,572.26],[654.26,572.76],[654,574],[654.5,574.5],[655.5,574.5],[656.5,575.26],[656.5,577],[656.76,577.76],[657.76,578],[658.26,577.26],[658.26,576.26],[659.76,575.5],[660.5,575.5],[660.5,574],[661,572.76],[660.5,572.5],[660.5,571.5],[662,570.5],[662.76,569.5],[662.76,568.5],[663.26,567.26],[663.76,567],[664,565.5],[665.76,565.5],[666.5,565],[666.76,564],[668,563.26],[668.76,560.76],[669.26,560.76],[670.26,559.5],[671.5,559.76],[671.5,564.26],[670.76,564.5],[670.26,565.26],[670.26,566.26],[671,566.76],[672,566.5],[672.76,567],[672.76,568.5],[673.76,569.5],[673.76,571],[673.26,571.26],[672.26,573],[672.26,574.26],[671.5,574.5],[671.5,576.5],[671.76,577.26],[671,578],[671.26,579.5],[672.26,579.5],[672.26,579],[673.76,578.76],[674.26,579.26],[674.76,578.5],[674,578],[674,577.26],[675,576.76],[676.5,576.76],[677,578],[677,579.76],[676.5,580],[677.26,580.5],[677.26,582.26],[678,582.76],[679.26,583],[680,584.26],[681.5,584],[681.5,583.26],[682.26,583],[683.5,581.5],[685,581],[686.26,581],[687,579.26],[688.26,579.26],[689.26,578.76],[693.5,578.76],[695.26,577.26],[696.5,577],[697.26,577.76],[697.76,579.26],[699.26,579.26],[700,577.5],[700.76,577.5],[701.5,578.76],[702.5,578.76],[704.5,579.5],[705.26,580.5],[704.76,581.26],[704,581.26],[704.26,583.76],[703.26,584.26],[703.26,585],[702,586],[701.76,585.26],[700.76,584.5],[700.5,585.76],[701.26,586],[701.26,586.76],[700.5,587],[700.5,587.76],[701.5,589],[701.26,590.5],[701.76,591],[701.26,592.26],[701.26,593.5],[699.5,594.76],[699.5,596.26],[700.26,596.76],[700.26,598.76],[699.76,599],[699.5,600.76],[700,600],[701.5,600],[702.5,600.76],[703.26,600.76],[703.76,601.5],[704.76,601.26],[706.26,601.5],[705.76,602.26],[706,604],[706.5,604],[707.26,605.26],[709,605.26],[710,606],[712,606],[713.76,606.76],[714,608],[712,609.76],[712,610.5],[711.26,611.26],[712,612.26],[713.5,612.26],[715,613.5],[715.76,614.76],[714,614.26],[713,615.76],[712.26,615.76],[711.5,616.5],[712.5,617.76],[714.26,618.5],[714.26,619],[716.5,619],[716.5,619.76],[715.5,620.26],[716,622],[714.5,623],[714.76,623.76],[715.76,624],[715.76,626.76],[715.5,628],[716.26,629],[716.76,628.26],[718.5,628.5],[720.26,630.76],[719.26,631.5],[718.26,631.76],[717.76,632.5],[717.76,635.5],[718,637],[717,636.5],[716.76,637.5],[716.26,637.76],[716.26,640.5],[716.5,641],[718,640.5],[718,641.76],[717.5,642.5],[715.76,643.26],[715.5,644],[714.5,644.5],[713.5,644.5],[713,645.26],[712,645.5],[709.5,647.76],[709.5,649.76],[708.5,651.5],[707.5,652],[707,652.76],[706.26,652.76],[706,653.76],[705.26,653.5],[703,653.5],[703,653.26],[701.26,653.26],[701.26,653.5],[699.5,653.5],[698.5,654],[697.76,655.26],[694.5,655],[693.76,655.26],[692.76,654.5],[691.5,654.76],[688.5,654.76],[687.26,653.5],[686.5,653.5],[686,654.26],[684.76,654.5],[683.26,656.5],[683.26,657.26],[682.26,657.76],[682.26,658.5],[680.76,658.5],[680.26,659.76],[678.76,660.26],[678.5,662.5],[678.76,663.26],[678,663.5],[677.76,664.5],[676.76,664.5],[677,666],[677.5,666],[677.5,667.26],[676.5,666.5],[675.26,666.5],[674.5,667],[674.26,667.76],[673,667.76],[672.26,667],[670.76,667.26],[670.26,666.76],[669,666.76],[669,667.26],[668,667.26],[667.76,668.26],[666.76,669],[665.76,668.76],[663.76,668.76],[662.76,670],[661,670.26],[660.26,669.76],[660,668.76],[658,668.76],[656.5,668.5],[655.5,669.5],[655.5,670.5],[654.26,671],[654,672.26],[653.26,673.26],[650,674.26],[649,676],[647.76,677],[646,678],[643.5,678.26],[642.26,678],[640.26,678.76],[638,678.76],[637.26,678.26]]],[[[634.76,565.76],[635.5,564.26],[636.5,564.26],[637,563.26],[638,563],[637.26,564.5],[637.26,566.5],[636.5,567],[637,568],[636.76,569],[637,570.26],[637,573.26],[636.5,573.26],[636.26,572],[635.26,571],[634.76,570],[635,567.26],[634.26,567],[634.76,565.76]]],[[[634,570.5],[634.26,571],[633.26,571],[633.5,570],[634,570.5]]],[[[632.5,571.76],[633.5,571.5],[633.26,572.76],[632.5,572.5],[632.5,571.76]]],[[[632.76,594],[632,592.76],[632.76,592.5],[634.5,592.5],[634.76,594],[633.76,594.76],[632.76,594]]],[[[635.26,593],[636.5,592.76],[636.26,593.26],[635.26,593]]],[[[640.26,562.26],[640.26,562.5],[638.5,562.5],[640.26,561.26],[643.76,561.26],[643,562.76],[640.26,562.26]]],[[[639.5,568.76],[638.5,568.76],[638.5,567.76],[639,567.26],[640,567.5],[639.5,568.76]]],[[[640.26,570.26],[640.26,571.26],[638.5,571.26],[638.76,569.76],[640,569.76],[640.26,570.26]]],[[[635.76,595.26],[636.26,594.26],[637.26,594],[637.26,595],[637.76,595.5],[638,596.76],[637.76,598.26],[636.26,598.76],[636,597.76],[636.5,597],[635.26,596],[635.76,595.26]]],[[[636.5,625.5],[637.26,624.26],[638.26,625],[637.76,626],[636.26,626],[636.5,625.5]]],[[[639.5,626.5],[640,627.5],[639,627.26],[639.5,626.5]]],[[[643.26,560.26],[643.26,561],[642.26,560.5],[643.26,560.26]]],[[[643,563.5],[643.76,564.26],[643.76,565.5],[642,565.76],[640.76,565],[640.76,564.26],[639.76,564],[640,563],[640.5,563.26],[642.5,563.26],[643,563.5]]],[[[640.76,567.26],[641,567],[645,567],[645.5,567.5],[645.76,565],[646.76,565],[646.76,567.76],[647.26,567.76],[647.5,569],[648.26,569.26],[648.5,572],[647,572.26],[645.26,572],[645.5,571],[644.76,570.5],[644.5,569.5],[644,569.26],[641.5,569],[640.76,568.26],[640.76,567.26]]],[[[641.26,576.76],[640.76,576.5],[640.76,575.26],[641.26,574.26],[641.26,571.5],[640.5,571.5],[640.76,570.76],[640.26,570.26],[640.26,569.5],[641.76,569.76],[642,570.26],[644.5,570.26],[645,572.76],[644,573.26],[645,573.26],[646,574.5],[646.26,576],[647.76,577.5],[647.5,580.26],[646,580],[646.26,578.5],[644.26,578.76],[644.26,577.5],[643.26,577],[641.26,576.76]]],[[[641.26,576.76],[641.5,577.26],[643.5,577.5],[644.26,579],[644.26,581],[641.26,581],[641.26,579],[640.76,578.5],[640.76,576.76],[641.26,576.76]]],[[[643,602.76],[642.5,603.26],[642.5,602.26],[643,602.76]]],[[[647.5,561.76],[647,561],[648,561],[647.5,561.76]]],[[[643,563.5],[643.76,562.26],[644.76,561.76],[646.76,561.5],[647.5,562.26],[647.5,563.26],[645.76,563],[645.5,563.76],[643.5,563.76],[643,563.5]]],[[[649.5,572.5],[650,576],[649,576.26],[648.26,577.26],[647,576.26],[647,574.76],[646,573.76],[645.76,572.76],[646.5,572.5],[649.5,572.5]]],[[[648.26,562],[649.26,561.76],[649.26,561.26],[651.26,561.26],[651.76,560.76],[652.5,561.26],[652.5,564.26],[651,565.76],[650,566],[649.26,566.76],[649.26,564.76],[648.76,564.76],[648.5,563.5],[648,563.26],[648.26,562]]],[[[650.5,566.26],[652.26,566],[653.26,565.5],[653.26,566],[652,566.76],[651,566.76],[649.76,568],[650.5,566.26]]],[[[648.26,577.5],[649.26,577.26],[649.5,576.5],[650.5,576.5],[650.5,577.76],[650,578],[649.76,580],[648.76,580],[648.26,579.26],[648.26,577.5]]],[[[650.5,580.5],[650.5,580.26],[652.26,580.5],[652.26,581.5],[651.5,581.76],[651.26,582.5],[650.5,583],[649.5,583],[649,582.5],[647.5,582.5],[647.76,581.76],[649,581.76],[649.26,580.76],[650.5,580.5]]],[[[652.76,564],[653.26,563.5],[653.5,564.26],[652.76,564]]],[[[654.26,564.76],[654,565.26],[653.26,564.76],[654.26,564.76]]],[[[654.26,566.26],[654.5,566.76],[653.26,566.76],[653.76,566],[654.26,566.26]]],[[[661.5,569.26],[661,568.5],[661.76,567.76],[661.5,569.26]]],[[[668,557.26],[668.5,556.5],[669.76,556],[670.26,556.76],[671,556.76],[670,558.26],[667.76,557.76],[668,557.26]]],[[[674.76,556.26],[674,556.76],[674.26,556],[674.76,556.26]]],[[[675.26,557],[676.26,557],[676,559],[676.76,559.76],[675.26,560],[675.5,560.76],[674.5,561.5],[673.76,561.5],[672.76,560.76],[672.26,559],[673.5,559],[674.26,558.5],[674.5,557.5],[675.26,557]]],[[[675.26,569],[674.5,569],[674.76,568.26],[676.5,568],[676,568.76],[675.26,569]]],[[[677,554.76],[678,554],[678,553.26],[678.76,553.26],[679.26,554],[679.26,556.26],[678.76,556.26],[679,557.26],[677.26,556.76],[677.26,556],[676.26,555.76],[677,554.76]]],[[[685.26,577.76],[685.5,577.26],[686.26,577.76],[685.26,578.5],[685.26,577.76]]],[[[703.76,577.26],[703.76,577.76],[702.26,577.5],[702.26,576.76],[703.76,577.26]]],[[[704.76,579.26],[705.26,578.76],[705.5,579.5],[704.76,579.26]]],[[[703.26,586.76],[703.26,585.76],[704,585.76],[704.5,586.76],[703.26,586.76]]],[[[702.26,592.5],[702.5,591.26],[703,591.26],[702.76,592.5],[702.26,592.5]]],[[[714.5,607.5],[714.5,606.5],[715,605.76],[716.26,605.76],[717.26,606.76],[719.26,607.76],[719,608.26],[719.76,609.26],[721,609.26],[721,609.76],[718.5,609.5],[717.5,608.76],[715.76,608.76],[714.5,607.5]]],[[[713.5,610.5],[713.5,609.76],[714.26,609],[715.26,610.26],[715,611.26],[714.26,611.26],[713.5,610.5]]],[[[715.76,610],[716.76,609.5],[717,610.26],[715.76,610.5],[715.76,610]]],[[[719,642],[719.26,641.5],[720.26,642.5],[719,642.5],[719,642]]]]},"properties":{"id":"k4","key":"k_braavos","name":"Braavos","counties":32,"color":"#ded4e0","owner":null,"ownerCountryId":null,"notes":""},"id":"k4"},
{"type":"Feature","geometry":{"type":"Polygon","coordinates":[[[638.26,968.76],[638.26,968.26],[636.76,967.76],[636.26,966.5],[637,965.5],[636.26,965.26],[636,964],[635,962.5],[634,963],[633,962.76],[633,962.26],[632,962.26],[632,961.76],[631,961.26],[631,959.76],[630.26,958.76],[628.76,959.26],[628.5,958.5],[627.5,958.5],[627,957],[626,956.5],[625.76,955.5],[626.5,955.26],[626.5,954.26],[627.26,954],[627.26,951.5],[627.5,950.76],[627,950],[626.26,949.76],[626,949],[626.5,948.76],[628.5,949],[628.76,948.26],[629.76,947.76],[629.76,946.76],[631,946.76],[631.26,945.26],[632,945.5],[631.76,944.76],[633,944.76],[633.5,943.76],[634.76,943.76],[634.76,943],[635.5,942.76],[637.26,942.76],[638,943.76],[639.76,943.76],[641,945],[642.26,945.5],[642.5,944.5],[643.5,944],[644.5,944],[645.26,945],[645.76,944.26],[647.5,943.76],[648,943],[649,943],[651.26,942],[651,940.26],[652.26,940],[653.26,938.76],[655,938.5],[655.26,939],[656.76,939],[657,938.5],[659.26,937.76],[660,937],[660.26,937.76],[661.76,937.76],[662,938.26],[663.5,938.5],[664,939],[665.5,938.76],[666.5,939.26],[667,938.5],[668,938.5],[668.5,938],[669.76,938],[669.76,937],[670.26,936.76],[670.5,935.5],[671.5,933.26],[673,933.5],[673.76,933],[673.76,934],[674.26,934],[674.5,935],[675.26,936],[677.26,936.76],[677.5,936.26],[678.76,936],[679.5,935.26],[680.26,933.76],[681.26,933.76],[681.5,935.76],[681,936.76],[681,938.76],[680.76,938.76],[680.5,940],[680,940],[680.76,941.26],[681.5,941.5],[681.26,943.5],[681.76,944],[683.5,944],[684.26,945],[686,945],[686.76,944.5],[686.76,943.5],[688.5,943],[688.76,941],[689.76,940.5],[690.76,940.5],[690.76,941],[692,940.5],[693.5,940.5],[693.76,941.26],[696.5,941],[697.5,941.5],[697.76,942.26],[698.76,942.5],[698.76,942],[701,942.26],[701.26,941],[702,941],[704.5,938],[705.5,938.26],[706.26,939.5],[707.5,939.76],[707.76,941],[707.26,942],[708,942.26],[707.26,943.26],[706.76,943.26],[707,944.26],[706.5,944.76],[707.26,945],[707.5,946.5],[709.26,946.76],[709.26,947.26],[710.26,947],[711.76,945.26],[712.76,945.26],[712.76,944.5],[713.5,944],[714.26,942.5],[715.26,943],[716.26,943],[716.76,942.26],[717.76,942],[718.26,943.5],[719.76,943.76],[719.26,945.26],[719.76,945.26],[720,947],[721,947.26],[721.26,948],[722.26,948],[722,947.5],[723,947],[724.26,947],[724.76,947.5],[726.5,947.5],[726.76,947.5],[727.26,948.76],[729.5,949.76],[729,950.26],[727,950.76],[727,952.5],[727.5,952.5],[727.5,954.26],[728.26,955],[728.26,956],[729.76,957.26],[729,958.26],[727,959],[726.76,960.76],[726,961.5],[725.76,963.5],[727,964],[727,965.5],[726.26,966.5],[726,967.76],[727.5,968.76],[727.5,970.26],[728.5,970],[730.26,969],[730.5,967],[732.26,965],[733,965],[734,963.76],[734.26,962.76],[735.26,962],[735.26,960.26],[734.5,959.76],[735.76,957.5],[736.26,957.5],[736.5,958.5],[737.26,959],[739.26,958.76],[740.26,959.5],[741,959.26],[742,959.5],[742.26,961],[743,961.5],[744.26,961.5],[744.26,960.5],[745.5,960.76],[746.26,959.26],[747,958.76],[748,959],[748.5,959.76],[748.26,959.76],[747.76,961],[748.5,961.76],[748.5,962.76],[748,963.26],[748.76,963.5],[749,964.76],[748.5,965],[748,966.76],[747.26,967],[747,969.76],[747.5,969.76],[747.5,970.76],[747,971.5],[747.26,972.5],[748.26,972.5],[748.5,973.26],[750.26,973],[751.26,973.76],[751.26,974.5],[752.5,975.5],[752.5,976],[753.5,977],[753.5,979.26],[754.5,980.26],[756.5,980.76],[756.5,981.76],[757,982],[757,984.26],[756.5,985.5],[756,985.5],[755.76,987],[756.76,988.26],[756,991.5],[757.5,992],[758,992.76],[759.5,993],[761,994],[761,994.76],[760.26,995.26],[760.26,997],[761,997],[761.5,997.76],[761.5,998.76],[762,998.76],[763,1000],[764.26,1000.5],[765.76,1000.76],[766,1001.5],[767,1001],[768,1001],[768.5,1001.5],[768.5,1002.76],[767.76,1003.76],[768.26,1005],[768.26,1006.26],[769.26,1007],[769.5,1008.5],[768.76,1008.76],[768.26,1010.26],[767.26,1011.76],[767.26,1012.76],[767.76,1013.26],[767.76,1014.26],[768.26,1015.26],[769,1015.76],[770,1015.76],[770.5,1016.5],[771.5,1016.76],[771,1017.76],[770.26,1020.26],[769.26,1020.26],[768.76,1021],[769,1022.5],[767.76,1025],[767.76,1027.26],[766.76,1027.76],[767,1029],[766,1029.76],[764.76,1031.76],[763.76,1031.5],[762,1031.5],[761,1029.76],[759,1031],[757.76,1031],[757,1031.76],[755.5,1031.76],[755,1030.76],[753.76,1030.76],[752.76,1030],[751.26,1030.26],[751.26,1032],[750.5,1032.76],[749.26,1033],[749,1033.5],[747.76,1033.76],[747.5,1034.76],[746.76,1034.5],[746,1035.5],[745.5,1034.76],[744,1034.76],[743,1034],[742,1034],[740.5,1035.26],[738.5,1035.5],[738,1034.5],[736.5,1034.5],[735.26,1035.26],[734.76,1033.76],[733,1033.76],[732.26,1033.26],[730.76,1033.26],[730.76,1034.5],[731.26,1035.26],[731.5,1037],[729.76,1037],[728.5,1037.76],[727.76,1036.76],[726.5,1036],[724.76,1036.26],[723.26,1034.76],[721,1034.76],[720,1035.26],[720,1034.26],[719,1033.76],[719.76,1033],[719.76,1030.5],[720.76,1029.26],[721.76,1029],[722,1027.76],[721.26,1027],[721,1024.76],[719,1023.5],[717.5,1023.5],[717.5,1022.26],[716.76,1021],[717.26,1020.76],[717,1019.26],[717,1018.26],[718,1017.76],[718.5,1017],[718,1016.76],[718,1014.5],[717,1013.26],[717.76,1012.76],[716.26,1011.5],[716.26,1010.76],[715.26,1009.76],[715.5,1008.26],[715,1007.76],[713.5,1007.5],[711.76,1006.5],[711.76,1005.26],[712.76,1005],[712.76,1004.26],[711.76,1003.5],[711.76,1002],[712.26,1001],[711.76,1001],[711.26,1000],[711.76,999.76],[711.76,998.76],[710.76,998],[709.5,997.5],[709.5,996.5],[708.5,996.26],[707,997.5],[707,998.5],[705,998.26],[704.26,997.76],[704.26,998.76],[703.76,998.26],[701.76,998.5],[700.26,1000],[699.26,1000],[699,999.26],[698.26,999.76],[696.76,999.76],[695.76,999],[695.26,1000],[693.5,1000],[693,1001],[691.76,1000.76],[690.5,999.26],[689.76,999.26],[689.26,998],[687.26,998],[687,996.76],[686,996.76],[685.26,996.26],[685,996.76],[684,996.76],[683.26,997.26],[681.5,997.26],[681.5,996.76],[680,996.5],[679.26,995.26],[678.5,995.5],[677,995.26],[676.26,995.76],[675.26,995.76],[673.76,994],[672,993.76],[671.5,992],[672.26,991.5],[672.26,989.76],[672,988.76],[672.76,987.76],[673.76,987.26],[674,985.5],[674.5,985.26],[674.76,984.26],[673,983.5],[671.76,984.76],[670,984.5],[670,984],[668.5,983.5],[668.5,982.76],[667.26,983],[667.26,982.5],[666.26,981.76],[666.26,981.26],[665.26,979.76],[663.5,979.76],[662.5,979.5],[661.76,978.5],[661.76,977.5],[660.5,977],[659.76,976.26],[658.5,976.26],[658,977],[656.5,977.26],[656.26,976.76],[654.76,976.26],[653.5,976.26],[653,977.26],[651.5,977.26],[650.26,977.76],[649.5,977.26],[649.26,975.26],[648,974.76],[646.76,976.5],[645.76,976.5],[645.5,975.76],[644.5,975.5],[644.5,975],[643,975],[642.76,973.5],[643,972.76],[641.76,971.76],[641,970.26],[639.76,970.76],[639.5,969.5],[638.26,968.76]],[[709.26,990],[713,990],[714,989],[714,987.5],[714.76,986.76],[716.76,986.76],[717.26,985.76],[716.26,984.76],[716.26,983.5],[717.5,982.5],[718.5,980.76],[718.76,979],[717.5,978],[716.5,976],[715.26,976.5],[713.26,976.76],[712.76,977.5],[712.76,978.76],[713.5,979.5],[713.26,981.5],[712.5,982.26],[713,982.5],[712.76,984.5],[711.76,985.5],[711.76,986],[710.5,986.76],[710.76,989],[709.26,990]]]},"properties":{"id":"k5","key":"k_disputed_lands","name":"Disputed Lands","counties":25,"color":"#d5e2d4","owner":null,"ownerCountryId":null,"notes":""},"id":"k5"},
{"type":"Feature","geometry":{"type":"MultiPolygon","coordinates":[[[[260.76,1013.26],[260.5,1011],[261,1010.5],[261.5,1008.76],[262.26,1008.5],[262.5,1006.26],[264.26,1005.76],[265,1004.76],[265.26,1002.26],[266.26,1001.5],[267,1000.5],[266.5,999],[265.5,998],[265.76,996.5],[266.5,995.5],[266.5,993.26],[266.76,993.26],[267.5,990.26],[268.26,989.76],[269.76,987.76],[270.5,987.26],[272.26,987],[271.76,986.26],[269.76,985],[269.76,983.26],[269.26,983],[268.26,981.26],[268.26,980.5],[267.5,979.5],[267.5,976.76],[268.26,975.76],[268.26,975],[267.26,975],[266.5,975.5],[265.26,977],[264.5,977],[262.5,975.26],[262.26,974.26],[260.76,972.76],[260,970.76],[262,970.76],[262,969.76],[263,969.76],[263.26,968.26],[264,968.26],[265,967],[266.26,967.26],[266.26,966.76],[267.5,966],[267.5,965],[268.76,963.76],[268.5,963.26],[270.26,963.26],[270.5,963],[270.5,961.26],[271,960.26],[271.76,959.76],[272.76,959.76],[273.76,959],[273.76,957.76],[275.26,956.5],[275,955],[274,953.76],[274,952.26],[273.5,951.5],[273.26,949],[271.5,948.5],[270.5,947.76],[270,946.76],[266,944],[266,943],[268,943],[268.5,941.76],[269.5,941.5],[270.26,942.26],[270.26,941.26],[270.76,941.26],[271,940.26],[271.76,940.26],[271.5,942.5],[271,943.76],[272,944.5],[272,945],[273,945.76],[273,946.26],[274.76,946],[275,945.5],[276.5,945.76],[277.26,945],[278.26,945],[279.26,944.5],[280.76,944.5],[281.26,944],[283,943.76],[284,942.26],[285.5,942],[286.5,941.26],[288,941.26],[288.76,940.5],[292.76,940.5],[292.76,940.76],[295.5,940.76],[295.5,940.5],[297.5,940.26],[297.5,939.76],[298.5,939.76],[299.26,939.26],[301.26,939.5],[303,939.26],[303.26,939.26],[303.5,939.26],[305.76,941.26],[307.76,941.26],[308.5,940.76],[308.5,941.5],[309.76,942.76],[310,944.26],[310.5,944.5],[312.26,944.5],[313.26,945],[315.26,945],[315.26,944.76],[317.76,944.76],[318.5,945.26],[321.26,945.26],[321.26,945],[326.76,945],[327.5,944.76],[328.5,943.5],[329,943.76],[331,943.76],[331.5,944.5],[332,944.26],[334.5,944],[335.5,943.26],[338,943.26],[339.76,943.76],[341.5,943.76],[342,943],[342.5,943.26],[344.5,943.26],[345.26,943.76],[347,943.76],[348,944],[349,942.76],[350,943],[352.5,942.26],[355.5,942.26],[357,942.5],[357.5,941.76],[359.76,941.5],[360.26,941],[361.5,941],[361.76,940.26],[362.26,940.5],[364.76,940.5],[364.76,940.26],[366.5,940.26],[367.76,939.5],[368,938.5],[369,938.5],[370,939],[371.26,939],[372.26,938.26],[373.76,938.26],[374.26,937.5],[378.5,937.5],[379.5,937],[380.26,938],[381,938],[381,934.26],[381.76,934.76],[383.76,934.76],[383.76,934.26],[385,933.26],[386,933.76],[388.76,933.76],[388.76,933.26],[390,933.26],[390.5,933.76],[391.5,933.76],[392.76,934.5],[393.5,934.5],[394,935.5],[395.26,936.5],[395.26,937],[396.26,937.26],[397,938.26],[398.26,938.26],[398,938.76],[396.26,938.76],[396.26,939],[393.26,939],[393.26,939.26],[398.76,940],[399.26,940.76],[399.26,942.26],[401,942.5],[401.5,943.5],[401.5,945.26],[401,946],[401.76,946.5],[401.5,947.5],[400,948.5],[399.76,949.26],[398,949.26],[397.5,950],[397.5,951.26],[397,951.26],[398,953],[397,953],[396.26,953.5],[395,953.26],[393.26,953.76],[393,955.26],[391.26,955.5],[390.26,957.26],[390.26,958],[391.5,958],[391.76,959.5],[392.26,960],[393.26,959.26],[393.26,960],[395.26,961.26],[390.26,961.26],[389.26,962],[388,962.26],[388,963.26],[386.5,963.5],[386.5,962.76],[385.5,962.76],[384.76,963.76],[384.76,965.76],[384.5,966.76],[385.5,966.76],[385.5,967.76],[384.5,968],[384.5,969],[385,969.5],[385,970.5],[385.5,970.5],[385.5,971.5],[384,972.5],[384,973.26],[382.26,974],[380.5,974],[380.5,975.5],[379.5,975.5],[378.76,976],[378.26,975.26],[376.76,975.26],[376,977.26],[375.5,977.5],[375.26,978.76],[376.5,979.76],[375.76,981.26],[374.26,981.26],[373.76,981.76],[375,981.5],[377.76,981.5],[377.76,981.26],[380,981.26],[380.76,981],[381,980.26],[385.5,980.26],[385.5,982.26],[385,982.76],[386.5,982.76],[386.5,983.26],[388,983.26],[388,984],[389.5,983.5],[389.76,982.5],[391.76,982.5],[393.26,982.26],[393.76,981.26],[395.26,981.26],[395.76,981.76],[397,981.76],[396.5,983.26],[398.5,983.26],[399,982.5],[399.26,983.26],[400,983.26],[400.5,984],[403.26,984],[404.26,983.76],[404.26,984.5],[402.76,985],[402.5,985.76],[403.26,986],[403.26,987.26],[403.76,987.76],[404.76,987.76],[405.76,987],[405.76,986],[406.76,985.76],[408.76,985.76],[409,985],[410.26,984.5],[410.76,985.26],[412,985.26],[412.26,986],[413.26,986],[413.76,985],[416.5,985],[416.76,986],[419,986],[419,985.76],[421,985.5],[421.26,984.76],[422.26,984],[422.26,983],[423,983.76],[425,984],[425,983.5],[426.26,982.76],[426.5,984],[426,985],[427.76,985.26],[429,984.76],[429,986.26],[430,986.5],[430.26,987],[431.26,987.26],[431.26,988.5],[432.26,989],[435.26,989],[435.76,989.26],[435.76,990.5],[436.76,991.5],[438.5,991.5],[439.26,991.76],[439.5,994.26],[440.5,994.76],[440.5,991.26],[441.5,991.76],[443.5,991.76],[444.5,991],[445.5,990.76],[445.5,991.5],[446.5,991.5],[448,990.5],[448.26,991.5],[448.26,994.26],[448.5,995.26],[449.76,995.76],[450.26,996.5],[450.26,997.5],[451.26,998.5],[453.5,998.5],[453,999.76],[453.76,1000.26],[455,999.5],[455,998.76],[456.5,998.76],[456.76,999.5],[457.5,999.5],[458.26,998.26],[459.5,998.5],[460.26,998.26],[460,999],[460.5,999.76],[459.76,1000],[459.76,1001],[460.26,1001.26],[463,1001],[463.5,1000.26],[465.26,1000],[465.76,1000.76],[467.76,1000.5],[468.5,1001.26],[471.5,1000.5],[471.5,999.26],[472.76,999.5],[473,998],[474.26,997.76],[474.5,998.5],[475.26,998.5],[476,997.76],[477.5,997.76],[478,998.5],[479.26,998.5],[479.76,997.5],[481,998.26],[480.5,999.26],[481,999.5],[481,1001.5],[482.26,1001.5],[482,1002],[482.5,1004.26],[483.76,1004.5],[487,1004.5],[487,1004.76],[489.5,1004.76],[490.76,1006.26],[491.26,1006.5],[492.5,1006.26],[494.5,1006.5],[494.76,1008],[496.5,1007.76],[497,1006.26],[497.5,1005.76],[498.76,1005.76],[499.26,1004.76],[501.76,1005],[502.5,1004.26],[502.76,1005.26],[505.5,1005.26],[506.5,1004.26],[508,1004],[509.5,1003],[511,1002.5],[511.76,1001.5],[512,1000],[513,999.5],[513.26,1000.26],[515.76,1000.26],[515.76,999.76],[516.76,999.5],[516.76,999],[517.76,998],[518.76,998],[519.5,997.26],[519.5,996],[520.5,995.76],[521.26,994.76],[521.26,993.76],[522,992.76],[523.76,992.76],[524,992.26],[526.5,991.76],[526.76,991.26],[528,991],[528.26,991.76],[529.76,991.26],[529.76,990.26],[530.76,990],[531.26,989],[533,988.5],[533.5,987],[534.26,986.76],[534.26,990.5],[534.5,990.5],[534.26,992.5],[533.76,992.76],[533.76,993.76],[531.76,996.5],[531,996.76],[531.26,998.5],[530.76,998.76],[530,1000],[529.26,1000.26],[529.5,1001.5],[531.26,999.5],[532.76,999.5],[533.26,998.76],[534,998.5],[534.26,997.76],[535.76,996.76],[535.26,996],[535.76,995],[537.26,994.76],[537.26,993.26],[538.26,992],[539,992],[539.76,991.26],[539.76,990],[540.5,990],[540.76,989.26],[541.76,988.76],[541.5,986.76],[542.26,985.76],[543.76,984.76],[543.76,985.5],[544.76,985.76],[545,985],[546.5,984.5],[546.26,985.76],[545,986.76],[545,987.76],[544,988.5],[544,989],[545.26,990],[545.5,992.26],[543.5,993],[543.5,994.76],[541.76,995.76],[542.5,996.26],[542.5,997.76],[542,998.26],[542,999.26],[540.5,1000.5],[540.76,1002.26],[540,1002.5],[540,1003.26],[539.26,1003.5],[539.76,1004],[539.5,1005],[538.5,1006.26],[537.76,1006.26],[537,1007.26],[540,1006.26],[540.76,1005],[541.26,1005],[541.76,1003.76],[543,1003.76],[543.5,1001],[545.76,1001],[545.76,1000],[546.5,999.76],[546.5,999],[547.5,998.5],[547.26,997.76],[547.5,996.5],[548.26,996.26],[548.5,995.26],[549.5,995.26],[550.5,994.76],[550.26,995.5],[550.5,997.26],[551.5,995.76],[552.26,995.76],[552.5,994.76],[553.5,994.5],[553.5,995.5],[552.5,996.5],[552.5,998.26],[551.5,999],[551.5,999.5],[550.5,999.5],[550.26,1000],[550.5,1001.5],[549.76,1001.5],[548.76,1002.26],[548.5,1003.76],[547,1005.26],[546.76,1007.26],[547.26,1007],[547.76,1005.76],[548.5,1005.26],[548.76,1004.26],[550.5,1004],[550.5,1003.26],[551.5,1002.5],[553.26,1002],[553.5,1000.26],[554.5,999.76],[556.5,999.26],[556.5,998.5],[557.26,997.5],[558.26,997.5],[558.5,996.5],[559.5,995],[560.5,995],[560.5,995.5],[562,995.76],[561,996.76],[560,996.76],[558.5,999.26],[558,999.26],[558.26,1000.76],[556.76,1001.76],[556.76,1002.76],[557.5,1003.5],[557.5,1004.76],[556.5,1005.5],[556,1006.5],[554.5,1007],[554.5,1008],[553.5,1010.76],[552.26,1012.26],[551.5,1012.5],[551.5,1013.76],[549.26,1014],[548.76,1014.5],[548.76,1015.76],[548.26,1016],[548.76,1017],[549.76,1016.5],[549.76,1015.76],[551.26,1016],[551.76,1015],[552.5,1015],[552.26,1016.26],[550.5,1017.26],[550.5,1018.76],[549,1019.76],[547.5,1022],[547,1022.26],[545.26,1022.26],[544.5,1023],[544.5,1023.76],[543.76,1024.76],[541.26,1025.26],[541.5,1026],[540.5,1026.5],[539.5,1026.5],[539,1027],[538,1027],[537.5,1026.26],[536.26,1026],[535.76,1026.5],[534.5,1026.76],[534.26,1027.5],[533.5,1027.76],[533.26,1029.5],[532,1029.5],[531,1030.76],[530.26,1032.76],[528.5,1033.5],[528.5,1034],[527.5,1034.76],[528.76,1034.76],[529.26,1034.26],[530.26,1034.26],[531.26,1033.26],[531.5,1032.5],[533,1032.5],[534.26,1032],[535.26,1030.76],[536,1030.5],[538.5,1030.5],[538.5,1031.26],[537,1032.76],[537,1033.76],[536,1034.26],[536,1035],[534,1035.26],[532.76,1036.5],[532.76,1037.26],[530.26,1038.26],[529.5,1039],[528,1039],[527,1039.76],[524.5,1039.76],[523.76,1039.26],[522,1039.26],[521.76,1039.76],[519.26,1039.76],[518.5,1040],[517.76,1041],[515,1041],[514.76,1042],[513.5,1042],[513,1041.5],[511.76,1041.5],[511.5,1041],[508.5,1040],[506.26,1038.5],[503.5,1038],[502.5,1037],[501.26,1037.26],[499,1037.26],[497.5,1036.76],[497,1036.26],[494,1036],[492.76,1035.26],[492.76,1033.76],[491.76,1033.26],[491,1031.5],[489.76,1031],[489.76,1030.26],[489,1029],[486.5,1029],[485.76,1029.5],[483.26,1029.5],[483.26,1029.26],[481.26,1029.26],[479.76,1029.5],[479.26,1029],[478,1029],[478,1028.5],[475.26,1028.5],[475.26,1028.26],[473.26,1028.26],[473.26,1028],[470.5,1028],[470.26,1028.5],[468.76,1028.76],[467,1028.76],[465.5,1029.5],[462.76,1029.5],[461.76,1030.5],[459.5,1030.5],[459,1029.5],[458,1029.5],[457.26,1028.5],[456,1028.5],[455.26,1027.76],[455.26,1026.5],[454.5,1026.5],[454,1025.76],[453,1025.5],[452.26,1024.26],[450.26,1024.26],[450.26,1023.76],[448.26,1023.5],[447.5,1023],[446.26,1022.76],[444,1022.76],[444,1022.5],[441.5,1022.26],[441.5,1022.76],[440.5,1022.76],[440.26,1023.26],[439,1023.26],[438.5,1022.76],[436.76,1022.5],[436.26,1022],[434.76,1021.5],[430,1021.5],[429,1021.26],[428.76,1020.76],[427.76,1020.76],[425.5,1018],[423,1018],[421.26,1016.76],[421.26,1015.76],[420.76,1015.26],[419.26,1014.76],[418.76,1012],[417.5,1011.26],[417,1010.26],[417,1009.26],[416.26,1008.26],[415,1008.26],[414.5,1006.76],[413.5,1006.5],[412.5,1005.76],[411.5,1005.76],[411.5,1006.26],[412.5,1006.5],[412.76,1007],[413.76,1007.26],[414.5,1008.76],[415.5,1009],[415.5,1009.5],[416.5,1010.26],[417.5,1012.5],[418.26,1012.76],[418.26,1014.5],[419.5,1015.76],[420.76,1016.5],[421.26,1018],[422,1018],[422.76,1018.76],[425,1018.76],[425,1019],[427,1020.76],[427,1021.26],[428,1021.76],[429.76,1021.76],[429.76,1022],[434,1022],[434.76,1022.76],[436.26,1022.76],[437.76,1023.26],[439,1024],[440.5,1024],[442,1023],[443.5,1023],[445.76,1023.76],[448,1023.76],[449.5,1024.76],[451.5,1024.76],[452,1025],[453,1026.5],[454.5,1027],[454.5,1028],[455,1029],[456.26,1029],[457,1029.5],[458,1031.26],[459,1031.5],[460.76,1031.5],[460.76,1031.26],[463,1031.26],[463.76,1030.5],[464.76,1030.5],[465.76,1030],[468.5,1030],[468.5,1029.5],[469.76,1029.5],[470.5,1029],[472,1028.76],[474.5,1028.76],[475.76,1029],[476.26,1029.5],[477.26,1029.5],[477.5,1030],[479,1030.26],[485.26,1030.26],[485.26,1030],[487,1030],[488.26,1029.76],[488.76,1031.5],[489.5,1031.5],[490.5,1033.26],[492,1034.26],[491.76,1036],[492.76,1036],[493.5,1036.5],[494.5,1036.5],[495,1037.26],[496.5,1037.26],[496.5,1037.76],[498.76,1037.76],[500,1038.26],[502.5,1038.26],[502.76,1039],[504.26,1039],[505.26,1039.5],[505.26,1040],[506.26,1040],[507.5,1040.76],[509,1041],[510.5,1042],[511.76,1042],[513,1043],[514,1043.26],[514.76,1044],[514.76,1045.5],[514,1046.76],[515,1047.26],[514.76,1047.76],[511.26,1048.26],[510.5,1048.76],[507.26,1048.76],[507,1049.26],[505.5,1049.76],[504.26,1049.76],[503.76,1050.5],[502.26,1051],[502.26,1051.5],[501.26,1051.76],[501.26,1051.26],[500,1051.26],[498.76,1051.76],[497.76,1053.5],[496.76,1053.5],[496.5,1054.5],[497.5,1054.5],[498.5,1055.76],[498.76,1056.5],[498.5,1057.5],[498,1057.5],[498.5,1058.5],[498.26,1059.26],[496.5,1059.5],[494.5,1061.26],[493,1061.5],[492.5,1060.76],[490.76,1061],[488.76,1059.5],[486.26,1059.5],[485,1060.5],[483.26,1060.26],[482.26,1059.76],[481,1061.26],[480,1061.26],[479,1062.5],[478.26,1062.76],[478,1061],[476.26,1061.76],[476,1061.26],[474,1061.5],[473.5,1060.5],[472.76,1060.26],[472.26,1059.5],[470.5,1058.5],[470.76,1056.76],[471.5,1056.5],[471.76,1055],[471.26,1055.76],[469.76,1056.5],[469.76,1057.5],[469.26,1058],[467.76,1058.26],[467.76,1058.76],[465.76,1058.76],[465.26,1059.76],[463.76,1059.5],[462.26,1061],[461.5,1061],[461.5,1061.76],[460.26,1062.26],[459.26,1062.26],[459,1063],[458.26,1062.5],[456,1062.5],[454.5,1062.26],[454,1063],[451.76,1062.76],[451.5,1062.26],[450.5,1062.26],[449.5,1063],[448.76,1061.26],[449.26,1060.76],[449.26,1058.5],[449.5,1058.5],[449.76,1056.5],[450.5,1056],[452.26,1055.5],[452.26,1053.26],[451.26,1053.26],[449.26,1054],[449.26,1054.5],[446.26,1054.5],[445.76,1055.5],[445,1055.5],[444.5,1056.26],[443.5,1056.76],[441.26,1056.5],[440,1057.5],[438.5,1057.5],[438.5,1057],[439.5,1056.5],[439.5,1055.26],[438.5,1054.76],[436.76,1054.76],[436.5,1054.5],[436.76,1052.26],[435.26,1053.26],[435.26,1054.76],[434.26,1055.76],[433.26,1056],[433.26,1057],[432.26,1057.26],[431.76,1056.76],[431,1057.26],[430.76,1058],[427.5,1057],[427,1058],[423.26,1055.76],[422.76,1054.5],[421,1054.5],[420.76,1052.76],[419.76,1052.5],[419.5,1051.76],[417.76,1051.5],[416.76,1050.76],[415.26,1051],[415.5,1049.76],[410.26,1049.76],[409.76,1050.76],[408.76,1050.76],[407.76,1051.26],[407.76,1051.76],[406.76,1051.5],[404.76,1051.5],[404.5,1051],[402.5,1051],[401.76,1051.76],[400.5,1051.76],[399.5,1052.26],[398.76,1051.5],[398,1052],[398,1054],[397,1054.5],[397,1056.5],[396.26,1057],[396,1058],[395.26,1058.5],[395.26,1060.26],[394.5,1060],[393,1060.26],[392.26,1061.26],[391,1061.26],[390,1061.76],[390,1062.76],[389.26,1063.26],[387.5,1063.26],[387.5,1063.76],[386.5,1063.76],[386.26,1064.26],[383,1064.26],[383,1064.76],[382,1064.76],[382.26,1065.76],[381.26,1065.5],[380.5,1064.5],[380,1064.5],[380.26,1063],[379.76,1062.26],[377.26,1062.26],[376.76,1061.26],[375.26,1060.5],[374.26,1059.5],[371.76,1059.5],[371,1058.5],[371.5,1058.5],[371,1057.5],[370.26,1057.5],[369.26,1056.76],[367,1057],[365.5,1056.26],[364.76,1055.5],[363.26,1055.5],[363,1056],[361.76,1056.26],[361.5,1054.5],[361,1054.5],[360.26,1052.76],[360.26,1050.76],[359.76,1050.76],[359.76,1053.5],[360.26,1053.76],[360.5,1055],[359.76,1055.26],[360.5,1056.5],[361.76,1057],[361.76,1058],[361,1058.5],[361,1059.76],[360.5,1060],[358,1060],[357.26,1061],[356.5,1061.26],[356.5,1062.5],[355.26,1062.5],[354.5,1063.26],[352.5,1063.26],[352.5,1063],[350.76,1062.76],[350.26,1063.26],[346.76,1063.26],[345.26,1063.76],[345,1064.26],[343.76,1064.26],[343.5,1063.26],[340.5,1063.26],[340.26,1062.76],[339.26,1063.26],[338.26,1063.26],[338,1064.26],[336.76,1065.26],[336.26,1064.76],[336.76,1063],[335.26,1062.26],[333.76,1062.5],[333.26,1063],[331.5,1063.26],[331.76,1061.26],[330.76,1061.26],[329.5,1061.76],[329,1062.76],[327.76,1062.76],[327.26,1063.5],[326,1063.76],[325.5,1062.76],[324.5,1062.76],[323.76,1061.5],[322.76,1061.26],[322,1060.5],[322,1059.76],[322.76,1059.26],[322.26,1058.5],[320.26,1058.5],[319.76,1056.5],[319,1055.76],[317,1055.76],[315.5,1056.5],[315.26,1057.5],[314.26,1057.5],[313.26,1059],[312.26,1058.76],[310.5,1059.26],[310.76,1060],[310.76,1062],[310.26,1062.26],[310.26,1063.26],[309.5,1063.5],[308.5,1063.26],[308.5,1062.26],[305.5,1062.26],[304.76,1062.5],[304.5,1063.26],[303,1063.5],[302.76,1064.26],[302,1064.26],[301,1065.76],[300,1066],[297.5,1065.76],[296.76,1066.5],[295,1066.5],[294.26,1067],[292.5,1067],[291,1067.26],[291,1066.5],[292,1066.26],[292,1065.5],[293.26,1065.26],[293.26,1064.5],[295.76,1064.5],[296.5,1063.26],[297.76,1063],[298,1062.26],[293.76,1062.26],[292.5,1063.5],[289.76,1063.26],[289,1064.26],[286.76,1064.26],[286.76,1064],[285,1064],[284.26,1065],[283.26,1065],[282.76,1064.26],[278.26,1064.26],[277.5,1063.26],[278,1063.26],[277.76,1061.5],[275.5,1061.5],[275.26,1062.26],[273.5,1062.26],[273.5,1063.26],[272.5,1063.26],[271.5,1063.76],[271,1063.26],[271,1062.26],[269.5,1061.5],[268.76,1062],[267,1062],[266.76,1060.26],[265.76,1059],[264.26,1058.26],[264,1057.5],[263.26,1057.5],[263,1058.5],[261.5,1058.5],[261,1059.26],[259,1059],[259.76,1057.76],[259.76,1056.5],[258.76,1055.5],[258,1055.5],[257.76,1056.5],[257,1056.5],[257,1055.5],[256.26,1054.76],[256,1053.76],[254.26,1053.76],[253.76,1052.76],[255,1052.5],[255.26,1052],[256.26,1051.76],[256.26,1050.5],[257.26,1049.5],[257.26,1048],[256.26,1046.5],[256.26,1044.76],[256.76,1044.5],[256.5,1042.5],[257.26,1042],[257.5,1039.5],[256.76,1039.26],[257,1038],[258,1036.76],[257.5,1034],[256.26,1033.76],[255.76,1032.5],[256.5,1032.26],[256.26,1030.26],[255.26,1029.5],[254.76,1030],[253.76,1030],[253.26,1029.26],[253.26,1028.26],[252,1027.5],[252.26,1026.5],[253,1027.5],[254.26,1028],[255.26,1028],[255.5,1027],[255,1026.5],[255,1025.26],[256.76,1024.76],[257,1023.5],[258,1023],[259,1023.5],[259.5,1022.76],[259.5,1021.76],[260.26,1021.76],[260.76,1021],[262.26,1020.76],[263.26,1019],[264.26,1018.5],[264.26,1017.5],[265,1015.26],[265,1012.76],[265.26,1011.26],[265.76,1011],[265.76,1010],[265.26,1010.5],[263.76,1011],[263.5,1011.5],[262.26,1011.76],[261.5,1013],[260.76,1013.26]]],[[[262,1014.26],[262.76,1012.76],[264.26,1012.5],[264.5,1014.26],[264,1015.26],[264,1016.76],[263.5,1017],[263.5,1018.26],[262.5,1018.26],[262.5,1018.76],[261,1018.5],[261.26,1017.26],[261.26,1015.5],[261.76,1015.26],[262,1014.26]]],[[[258.26,1017.5],[259.26,1017],[259,1018],[258.26,1018.26],[258.26,1017.5]]],[[[259.26,1019.26],[259.26,1018.76],[260.5,1018.26],[260.76,1019],[262,1019.26],[261.76,1020],[261,1019.76],[259.5,1020],[259.26,1019.26]]],[[[260,1020.76],[259.76,1021.5],[258.76,1021.5],[258.76,1020.76],[260,1020.76]]],[[[259,1022],[258.76,1022.76],[258,1022.76],[259,1022]]],[[[254.26,1032.26],[253.26,1032.26],[253.76,1031.5],[254.26,1032.26]]],[[[252,1054.5],[250.76,1054.76],[250.5,1054.26],[252,1054.5]]],[[[254.26,1057],[254.26,1056.5],[255.5,1056.5],[256.26,1055.76],[256.5,1056.76],[255.76,1057],[256.26,1058.26],[255.26,1058.76],[254,1058.76],[253.76,1057.76],[254.26,1057]]],[[[252.26,1056.5],[252.26,1057.26],[251.26,1057.5],[251.26,1056.5],[252.26,1056.5]]],[[[258,1058.76],[257.5,1059.5],[257.5,1058.5],[258,1058.76]]],[[[288.26,1067.5],[290,1067.26],[288.76,1068.5],[287,1068.5],[286,1068],[286.26,1067.5],[287,1067.76],[288.26,1067.5]]],[[[312.5,1064.26],[313,1063],[313.5,1063.26],[313.5,1064.26],[312.5,1064.26]]],[[[311.76,1066.5],[311.5,1065.5],[312.26,1065],[313.76,1065.5],[313.76,1066.76],[312.26,1068],[311.76,1066.5]]],[[[313.26,1069.26],[312.76,1069.5],[312.76,1068.5],[313.26,1068.26],[313.26,1069.26]]],[[[355.5,1063.76],[355.5,1063.26],[357.76,1063.26],[358.26,1062.5],[359,1062.5],[360.26,1064],[361,1064],[361.26,1065],[358.5,1065],[358.5,1064.76],[355.5,1064.26],[355.5,1063.76]]],[[[363,1065.26],[362.26,1065.26],[362.26,1064.5],[363.26,1064.5],[364,1065.5],[363,1065.26]]],[[[376.5,1066.26],[376.76,1065.76],[378,1065.76],[378.76,1065.26],[379.5,1067.5],[377.26,1067.5],[376.5,1066.26]]],[[[388.5,971.76],[386.5,971.76],[386.5,971],[388.26,970],[388.5,968.76],[390.5,969.26],[390.5,970.26],[389.5,972.26],[388.5,971.76]]],[[[386.76,980.5],[386,980.5],[386,979.26],[387.5,979.26],[389.5,978.5],[389.5,979.76],[388.76,980.26],[387,980.26],[386.76,980.5]]],[[[391,971],[391.76,970.26],[392.5,971.5],[391,971.5],[391,971]]],[[[408,973.26],[411,973.26],[411,973],[413.26,973],[413.26,972.5],[414.26,972.26],[416,972.26],[416,973],[417,973],[418,974.5],[419,974.76],[419,975.26],[420,976],[420,976.76],[419.26,977],[415.5,977],[414.26,977.26],[414,977.76],[412.26,977.5],[411.5,976],[410.76,976],[411,974.5],[408.5,974.5],[408,973.26]]],[[[399.5,1057.5],[400.76,1056.76],[400.76,1057.76],[400,1058],[399.5,1057.5]]],[[[397,1060.5],[396.26,1060.76],[396.26,1060],[397,1059.5],[398.5,1060.5],[398.5,1061],[397,1060.5]]],[[[448.26,989.26],[448.76,988],[449.26,987.76],[449.5,990.26],[448.76,990.76],[448.26,989.26]]],[[[467.5,1061.76],[466.76,1061.76],[466.76,1061],[467.76,1061.26],[467.5,1061.76]]],[[[464.5,1062.26],[464.76,1062.76],[465.5,1061.76],[467,1062.26],[467,1063.26],[466,1064.26],[464.76,1064],[464.76,1064.5],[463.76,1065.26],[463.5,1064.5],[464,1064.26],[464,1063],[464.5,1062.26]]],[[[474.26,1065.5],[474.76,1064.76],[475.76,1064.76],[475.76,1064.26],[476.76,1064.76],[476.5,1066.5],[476,1067.26],[475.26,1067.5],[474.26,1067],[473.26,1065.5],[474.26,1065.5]]],[[[475,1069.76],[473.5,1070],[473.76,1069.26],[475,1069.26],[475,1069.76]]],[[[478,986.76],[478,985.76],[478.76,985.76],[478.5,986.76],[478,986.76]]],[[[476.26,986.76],[476,986],[477.26,985.76],[477.26,987.26],[476.5,987.76],[476.26,986.76]]],[[[479,989],[481,989],[481.5,988.26],[482.26,988.5],[482.26,989.76],[482.76,990],[482.76,991],[481.5,991.5],[481.5,990.5],[480.76,990.5],[480.76,991.5],[481.26,991.76],[481.5,993.76],[480,993.26],[479.5,992.5],[478.76,992.5],[478.5,991.26],[478,991.26],[478.26,990],[479,989]]],[[[483.76,991],[483.26,989.26],[484,989.26],[484.76,990.26],[483.76,991]]],[[[478.76,995.5],[479.76,995.26],[480.26,994.5],[481.26,994.26],[481.26,994.76],[483,995.76],[483,996.5],[480.76,996.76],[479.76,996],[478.76,996],[478.76,995.5]]],[[[477.5,1065.26],[477.5,1064.26],[478.5,1064],[478.76,1063.5],[480,1063.5],[479.76,1064],[479.76,1066.26],[479,1066.5],[478.76,1066],[477.26,1066.26],[477.5,1065.26]]],[[[475.76,1068],[477.26,1067.26],[477.26,1066.76],[478.26,1066.76],[478,1068.5],[478.76,1068.76],[478.26,1069.5],[476.26,1069.76],[475.76,1069.26],[475.76,1068]]],[[[478.26,1072.26],[478.5,1071.5],[479.5,1070.76],[479.5,1072],[478.26,1072.26]]],[[[485.5,996.26],[485.5,995.26],[487.5,995.26],[488,995.5],[486.5,998.26],[485.76,998.26],[485.26,997.26],[485.5,996.26]]],[[[493.26,1063.5],[493,1062.5],[494.26,1062.26],[494,1064],[493.26,1064.26],[493.26,1063.5]]],[[[533.26,985.5],[532.5,986],[532.5,984],[532.26,983.5],[534.5,981.76],[534.76,983.76],[534.26,984.5],[533.5,984.76],[533.26,985.5]]],[[[540,1031.26],[541,1030.26],[541.5,1032.26],[540.76,1032.26],[541,1033.76],[539.26,1034],[538.26,1033.5],[538.26,1032.26],[540,1031.26]]],[[[542.26,1031.5],[542,1030.5],[542.76,1030.5],[542.76,1031.5],[542.26,1031.5]]],[[[563.26,996],[564,995],[565,995.5],[564.76,996.26],[563,996.5],[563.26,996]]],[[[554,1013.76],[554,1013.26],[555,1012.76],[555,1013.76],[554.26,1014.76],[553.26,1014.76],[553.26,1014],[554,1013.76]]]]},"properties":{"id":"k6","key":"k_dorne","name":"Dorne","counties":97,"color":"#e2eadf","owner":null,"ownerCountryId":null,"notes":""},"id":"k6"},
{"type":"Feature","geometry":{"type":"MultiPolygon","coordinates":[[[[497,746.76],[498,745.76],[499,746.26],[501.5,746.5],[502.5,745.76],[503.5,746.5],[503.76,747.26],[505.76,747.5],[506.76,746.5],[507.26,746.5],[508.5,748.5],[509.76,748],[510.76,748],[511.5,747.26],[513.5,747.5],[514.5,748.5],[512,751.5],[511,751.26],[508.76,751.26],[508.76,750.76],[507.5,751],[507.5,753],[504.76,753],[503,754.26],[500,754.26],[499.26,753.5],[498,753.26],[497.76,753.76],[496.76,753.5],[495.76,754],[495.76,755],[494.76,756],[493.76,756],[493,755.5],[493,753.26],[492.76,752.26],[493.26,751.5],[494,751.5],[494.76,750.76],[494,748.76],[495.5,747.5],[495.5,747],[497,746.76]]],[[[480,751.5],[480.26,750.76],[481.76,750.5],[481.76,751.5],[482.26,752],[483.76,752],[484.5,752.5],[483.5,754],[482,754.26],[481.26,753.76],[481,753],[480.26,752.76],[480,751.5]]],[[[508,761.76],[509,760.76],[509.5,762],[510.76,764],[507.76,763.76],[507.76,763.26],[506.26,762.76],[506.26,762.26],[508,761.76]]],[[[506,781.26],[506.5,780.76],[508,780.26],[508.76,781.5],[508.5,782.5],[508,782.76],[507.76,783.76],[506.76,785],[505.5,785],[504.76,786],[503.76,786.76],[502.5,786.76],[502.5,785.5],[503.26,784.76],[503.26,783.5],[504.5,781.26],[506,781.26]]],[[[514.26,744.76],[513.76,744.5],[513.76,743],[512.76,742.76],[513.26,742.26],[513.76,740.76],[515.26,740.5],[516.5,739.5],[517.76,739.5],[517.76,739],[519.26,739],[519.5,738.5],[520.5,738.5],[520.5,739],[521.76,739.5],[523.26,739.76],[524.26,741.26],[525.76,741.5],[526,742.26],[525.5,742.76],[524.5,742.76],[524,743.26],[524,744.26],[522,744.26],[519.76,745.5],[518.26,745.26],[518.26,744],[516.5,744],[515.5,745.26],[514.26,745.5],[514.26,744.76]]],[[[511.26,779],[511.76,778.5],[511.76,775.5],[512.26,776.26],[513,775.76],[513.76,774],[513,774],[511.76,773.26],[511.76,771.76],[511,771.26],[511,770.5],[510.26,769.5],[509.5,769.5],[508.5,768],[509.5,767.5],[509.76,765.76],[511.26,765.76],[512,766.76],[513,766.5],[513,767.76],[513.76,768],[514.26,768.76],[515.5,769],[516.26,769.5],[516,771],[517.5,771.76],[517.76,772.26],[519,772],[519,772.76],[518.5,773.5],[519,773.76],[519,775.26],[518.5,776.26],[517.5,776.26],[517.5,776.76],[516.26,777],[515.76,778.5],[513,778.5],[512.5,779],[511.26,779]]],[[[516.26,764.26],[516.5,763.26],[518.76,764.26],[519.76,766],[520,767],[520,769],[517.5,767.26],[517.5,765.76],[516.26,764.76],[516.26,764.26]]],[[[536.5,711.5],[538.76,708.5],[540,708],[540.26,706],[541,706],[541,705],[541.5,704.26],[542.26,704.26],[543.26,705.76],[543.26,707.76],[543,707.76],[543,709.76],[543.5,710.26],[543.26,711],[542,711],[541.5,712.26],[541,712.5],[540,711.5],[536.5,712],[536.5,711.5]]],[[[538.76,719.76],[539,718.26],[539.5,719.26],[538.76,719.76]]],[[[537,720],[537,719],[538,719],[538.5,720.26],[538.5,721.76],[536,722.26],[535.76,721.5],[537.26,720.5],[537,720]]],[[[520.5,768],[520.76,767],[521.26,767.26],[521.76,769],[520.5,769],[520.5,768]]],[[[542.76,700.26],[542.5,699],[543.5,699.76],[542.76,700.26]]],[[[540.76,700.26],[541.26,700],[542.5,700.26],[542.76,701.26],[542.5,702.5],[541.76,702.5],[541.26,701.5],[540.26,701.5],[540.76,700.26]]],[[[539.76,719.76],[540.26,718.76],[540.76,719.5],[539.76,719.76]]]]},"properties":{"id":"k7","key":"k_dragonstone","name":"Dragonstone","counties":10,"color":"#d9dee5","owner":null,"ownerCountryId":null,"notes":""},"id":"k7"},
{"type":"Feature","geometry":{"type":"MultiPolygon","coordinates":[[[[1795,1358],[1796.5,1357],[1797.76,1357],[1798.5,1357.76],[1798,1359],[1796.26,1358.76],[1795.76,1359.26],[1794.76,1359],[1795,1358]]],[[[1800,1358.5],[1800.76,1357.76],[1800.5,1357],[1800.76,1355.26],[1802.76,1355.26],[1802.76,1355],[1804.5,1355],[1805,1354.5],[1806.76,1354.26],[1809.26,1352.76],[1811.26,1353],[1811.76,1353.5],[1812.76,1353.5],[1813.76,1352.26],[1815.5,1351.76],[1816,1352.76],[1818,1353],[1818.76,1352.5],[1819.26,1353.26],[1819.26,1354.26],[1821.76,1354],[1821.76,1354.76],[1820.76,1355.26],[1819.76,1356.5],[1819,1356.26],[1817.76,1357],[1817.26,1358],[1815.5,1358],[1814.26,1358.26],[1814,1359.26],[1812.5,1360],[1812.76,1361.26],[1813.5,1361.76],[1815,1361.76],[1815.26,1362.76],[1814.76,1363],[1812.26,1363.26],[1811.76,1364.5],[1811,1365.5],[1809.26,1366.76],[1809.26,1368],[1809.76,1369],[1810.5,1369.5],[1810,1370.76],[1809,1370.76],[1809.26,1372],[1809.76,1372.26],[1810,1374],[1811.5,1374],[1812.26,1374.76],[1813.26,1375],[1813.5,1375.5],[1815.26,1375.26],[1815.76,1376],[1815.5,1378],[1814.5,1379],[1814.5,1380.5],[1815.5,1381.5],[1817,1382.26],[1818.76,1382.26],[1819.76,1382.76],[1821,1385],[1822.5,1385.26],[1822,1386.26],[1822,1387.5],[1822.76,1388.26],[1825,1388.26],[1825,1388],[1827.26,1388],[1827.26,1388.26],[1830.26,1388.26],[1831,1387.26],[1832,1388],[1833,1388.26],[1836.5,1386.76],[1837.5,1386.76],[1838,1387.26],[1839.5,1387.26],[1840.26,1386.76],[1842,1386.76],[1843.5,1385.76],[1843.5,1384],[1844,1383.76],[1844.5,1382.5],[1846.5,1382.5],[1848,1382.26],[1848.76,1380.76],[1849.26,1380.5],[1849.26,1379.26],[1850.5,1378.26],[1851.5,1379],[1852.76,1378.76],[1852.5,1376.76],[1853,1375.5],[1852.26,1375.26],[1851,1373.76],[1850,1373.5],[1850,1372.76],[1851,1372],[1851,1369.5],[1849.26,1368],[1848,1368],[1847.76,1367],[1848.5,1366.76],[1849,1367.26],[1850.5,1367],[1849.76,1366.26],[1848.26,1366.26],[1846.76,1365.5],[1846.5,1365],[1844.5,1365],[1844,1364],[1843.26,1363.5],[1844,1362],[1842.5,1361.26],[1842.26,1360.5],[1842.76,1360],[1844.5,1360],[1845.5,1361],[1847.76,1361],[1848.26,1361.76],[1849.5,1362.26],[1852,1362.26],[1852.76,1362],[1853.26,1362.5],[1853.26,1363.5],[1853.76,1364.5],[1854.5,1365],[1855,1366.76],[1856,1367.5],[1857,1369.5],[1856.5,1369.76],[1856.26,1370.76],[1857,1371],[1857.76,1372],[1859.5,1373],[1861.26,1373],[1862,1372.5],[1862,1374.5],[1861,1376],[1863,1377.76],[1862,1378.26],[1860.26,1378.26],[1858.76,1378.76],[1859,1380.5],[1859.5,1380.76],[1859.5,1382.26],[1860.26,1383.26],[1860.26,1384.26],[1859.5,1385],[1857.5,1385.26],[1857,1386.5],[1857,1388.5],[1856.76,1388.5],[1856.5,1390.5],[1855,1390.76],[1853,1392],[1853,1392.5],[1850.76,1393.5],[1850.76,1394.5],[1849.26,1396],[1847.26,1395.76],[1846.26,1396.5],[1845.5,1396.26],[1842.26,1396.26],[1842,1396.5],[1842,1398.76],[1840.5,1398.76],[1840,1398],[1838.5,1398],[1837.76,1399],[1836.26,1399.26],[1833.5,1399.26],[1832.5,1400],[1830.5,1400.26],[1830.26,1401],[1828,1400],[1827.76,1398.76],[1827,1398.76],[1825.5,1400.26],[1823.76,1400.26],[1823.76,1400.5],[1822,1400.5],[1820.5,1400.26],[1818.5,1399.5],[1818.26,1399],[1816.5,1398.5],[1816.5,1396.5],[1814.5,1395.26],[1814.5,1394.5],[1813.76,1394],[1809.76,1394],[1808.26,1393],[1808.26,1392.26],[1806.76,1391.5],[1807.26,1390.5],[1806.76,1389.76],[1805,1389.5],[1804.5,1388.76],[1804.5,1387.76],[1804,1387],[1804.26,1386],[1805,1385.76],[1805,1383.76],[1804.5,1382.5],[1802.76,1380.26],[1801.26,1379.5],[1801.5,1376.5],[1800,1375.5],[1799.76,1374.5],[1797.76,1372.76],[1797.26,1371.76],[1797.76,1371],[1799,1370.5],[1799.76,1369.5],[1799.76,1368.76],[1800.5,1367.26],[1800.26,1364.5],[1800.76,1363.76],[1802.5,1362.76],[1803.26,1362.76],[1802,1361],[1801,1360.5],[1800,1360.5],[1799.5,1360],[1800,1358.5]]],[[[1822.76,1354.26],[1823.5,1354],[1824,1353.26],[1825.26,1353.26],[1825.5,1354.5],[1824.5,1355.5],[1822.76,1355.5],[1822.76,1354.26]]],[[[1826.26,1360.76],[1827,1360],[1828.5,1359.76],[1828.76,1358.26],[1830,1358],[1830.76,1357.5],[1832.26,1357.76],[1832.76,1358.26],[1832.26,1359.5],[1830.76,1359.76],[1830.26,1360.26],[1830.26,1362.26],[1829,1363.5],[1829.26,1365.76],[1827.26,1366],[1826,1366.76],[1824.26,1366.76],[1824,1365.26],[1824.76,1364.5],[1824,1363.76],[1823.76,1362.5],[1824.26,1361.76],[1826,1361.26],[1826.26,1360.76]]],[[[1836.26,1375.5],[1837,1375.76],[1838,1374.26],[1838.76,1374.26],[1838.76,1375.5],[1837.76,1376.5],[1837.76,1377.76],[1836.76,1379.26],[1834.5,1379.5],[1834,1380],[1833.76,1381.26],[1831.76,1381.26],[1831.26,1380],[1829.5,1379.26],[1829.5,1378.26],[1830.5,1378],[1830.76,1377.26],[1832.26,1377.26],[1832.76,1376],[1833.76,1375.5],[1835.26,1375.26],[1836.26,1374.76],[1836.26,1375.5]]],[[[1838.5,1360.5],[1838.76,1359.26],[1840.26,1359],[1840.76,1359.5],[1840.76,1360.5],[1839.76,1361],[1838.76,1361],[1838.5,1360.5]]],[[[1862.5,1370.26],[1862.76,1369.76],[1864,1369.5],[1864.5,1370],[1864,1371],[1862.76,1371],[1862.5,1370.26]]],[[[1863.26,1371.76],[1865,1371],[1865,1372.26],[1864.26,1373.26],[1863.26,1373.26],[1863.26,1371.76]]],[[[1863.26,1377],[1863,1376],[1863.76,1375.76],[1865.5,1376],[1865.76,1376.5],[1865,1377],[1863.26,1377]]],[[[1939.76,1415],[1939.76,1415.26],[1942.76,1415.5],[1943.5,1415],[1944.26,1415.76],[1944,1417.5],[1944.76,1417.76],[1944,1418.26],[1943.26,1419.76],[1942.26,1420.76],[1942.76,1421.5],[1942.76,1422.5],[1941.5,1422.76],[1941,1422.26],[1940,1422.5],[1939.76,1423.76],[1938.76,1423.5],[1938.5,1423],[1937,1423.5],[1936.76,1424],[1934.5,1424],[1933.5,1424.5],[1933,1425.26],[1931,1425.26],[1930.5,1424.76],[1931.26,1424.26],[1931,1423.76],[1929.76,1423.5],[1927.5,1423.5],[1927.76,1422.26],[1928.5,1422],[1929.26,1420],[1930,1419.5],[1931.5,1419.5],[1931.26,1419],[1932.5,1418.76],[1932.5,1417.26],[1933.26,1416.26],[1934.76,1415.26],[1936.26,1415.26],[1937,1417],[1937.76,1416.76],[1939.76,1415]]],[[[1960,1398.76],[1960.26,1397.76],[1960.76,1397.5],[1962.5,1397.5],[1963.76,1397],[1966.5,1394.5],[1966.76,1395.76],[1965.76,1397.26],[1966,1399.26],[1964.5,1399.5],[1963.5,1400.76],[1962.26,1401.5],[1961,1401.76],[1959.5,1401.5],[1959.26,1401],[1959.26,1399.26],[1960,1398.76]]],[[[1965.76,1403.5],[1965.76,1403.76],[1964,1404.26],[1963.5,1405],[1962.76,1405],[1962.76,1404.26],[1962,1404],[1962,1403],[1963.5,1402],[1965.76,1402.26],[1965.76,1403.5]]],[[[1954.76,1406.26],[1956,1405.26],[1957.26,1405.5],[1957.5,1406.26],[1958.5,1406.26],[1959.76,1407],[1960.5,1407],[1960.5,1408.26],[1959,1409],[1958,1408.76],[1956,1408.76],[1955.76,1409.26],[1954.76,1409.26],[1954.5,1408.26],[1954,1408],[1954,1407],[1954.76,1406.26]]],[[[1949,1410.26],[1949.76,1410],[1950.26,1411.26],[1951.76,1410.76],[1952.76,1410.76],[1952.76,1411.5],[1951.76,1412.26],[1951.76,1413.76],[1951.26,1414],[1949.26,1414],[1948.5,1414.5],[1947.76,1415.76],[1946.76,1415.76],[1946.5,1414.5],[1947.76,1413.26],[1947.5,1412.76],[1947.5,1411],[1949,1410.26]]],[[[1976.76,1378],[1977.76,1377],[1977.76,1377.76],[1978.5,1378.26],[1978.5,1380.26],[1978.26,1380.26],[1978.26,1382.26],[1979,1382.5],[1979,1384],[1977.5,1385.26],[1977.5,1386.26],[1976.5,1387.5],[1975,1388],[1975,1385],[1976,1384],[1976,1381.76],[1977,1381],[1977.26,1379.76],[1976.76,1379.26],[1976.76,1378]]],[[[1969.76,1391.76],[1970.26,1391],[1971,1391],[1971.26,1392],[1970.5,1393],[1969.5,1393],[1969.76,1391.76]]]]},"properties":{"id":"k8","key":"k_far_essos_islands","name":"Far Essos Islands","counties":14,"color":"#dae2e5","owner":null,"ownerCountryId":null,"notes":""},"id":"k8"},
{"type":"Feature","geometry":{"type":"MultiPolygon","coordinates":[[[[1606.5,1367.26],[1606.76,1366.76],[1607.76,1366.76],[1607.76,1367.26],[1609.5,1368],[1609.76,1368.76],[1609.5,1371.26],[1608.26,1371],[1607.5,1370],[1607.26,1368.76],[1606.5,1368.26],[1606.5,1367.26]]],[[[1610.26,1372],[1611.26,1371.5],[1612.76,1371.76],[1613.5,1372.5],[1613.5,1373.5],[1611.76,1373.5],[1610.5,1373],[1610.26,1372]]],[[[1615.76,1376.5],[1617.26,1376.26],[1618.26,1377],[1620,1377.26],[1620.26,1378],[1619.76,1378.5],[1616.76,1378.5],[1616.26,1378.26],[1615.76,1376.5]]],[[[1628,1383.5],[1628,1383],[1630.26,1383.26],[1631.5,1384.5],[1633.76,1384.5],[1635.5,1385.76],[1635.26,1386.26],[1633.76,1386.26],[1633.5,1387.26],[1632.5,1387.76],[1631,1387.5],[1630.5,1387],[1629.5,1387],[1629.5,1386.5],[1627.76,1384.5],[1628,1383.5]]]]},"properties":{"id":"k9","key":"k_faros","name":"Faros","counties":1,"color":"#dae3e4","owner":null,"ownerCountryId":null,"notes":""},"id":"k9"},
{"type":"Feature","geometry":{"type":"MultiPolygon","coordinates":[[[[353.26,63.5],[353.5,64],[354.5,63.5],[356.26,63.5],[356.26,61.5],[357.26,62],[358.76,61.76],[361,62],[361.5,62.76],[364.76,62.76],[364.76,62.26],[367.5,62.26],[368,61.76],[369,62],[369.26,60.76],[369.76,60.76],[369.26,59.76],[370.5,59],[371,57.5],[372.76,57],[372.76,56],[373.76,55],[373.5,54.26],[373.76,51.5],[374.5,50.5],[375.26,51.5],[376,51.26],[379.26,51.26],[379.76,50.76],[381.5,50.5],[381.5,51],[383,51.5],[383,52.26],[384,52.76],[385.26,55],[386,55],[386.26,55.76],[387,56],[387.26,54.5],[388.76,54.5],[389.5,53.26],[391.76,53.5],[392.26,52.76],[393.26,52.76],[394,54.26],[395.26,54.26],[395.26,55],[396.76,55.26],[397.5,55.76],[397.76,56.5],[399,56.76],[399,57.26],[400,57.26],[400.5,56.76],[401.26,57],[403.26,57],[403.5,57.76],[403.76,56.76],[404.5,56.76],[404.26,57.76],[404.5,59],[405.26,59.5],[406,60.76],[406.26,62.26],[409.26,59],[411,58.26],[414.26,58.26],[414.76,58.76],[416.26,58.76],[416.26,57.76],[415.5,57.5],[415.76,56],[417,55.26],[417.5,53.76],[418,53.76],[418.5,52.26],[419.76,51.76],[419.76,50.76],[422,50.5],[422,51.76],[421.5,52.76],[422,53.76],[421.26,54.5],[424,54.5],[424.26,53.5],[425,53.26],[425.26,52.5],[426,52.5],[426,56.26],[426.26,56.26],[426.26,58],[427.76,57.76],[428,58.26],[429.26,58.26],[430,57.26],[430,58],[430.76,58.5],[431,59.5],[432,60.26],[432.76,60.26],[432.76,61],[433.5,60.76],[433.76,61.26],[435,61.5],[434.76,62.76],[434,63],[433.5,63.76],[433.5,65],[430.5,65],[430,66],[427.76,66],[427.76,64.76],[427.26,64.26],[425.76,64.26],[426,65],[425,65],[424,65.5],[424,67.76],[423,68.5],[421.26,68.5],[420.76,68.26],[420.26,69],[420.26,70.5],[420.76,70.5],[419.76,71.5],[419.76,72.26],[418.26,73.5],[418.26,74.5],[416.76,74.76],[416,75.76],[415.5,75.76],[415.5,77.5],[414.76,78.5],[416.5,79.5],[416.76,81.76],[415.5,81.76],[415,82.5],[413.76,82.5],[414.26,83.26],[414.26,84.5],[415.26,85],[415.26,86.76],[416.5,87.5],[416.5,88.5],[417,89],[416.26,90],[414.5,90],[414.5,90.26],[412.76,90.26],[412.76,92.26],[411.76,92.26],[412.26,93.76],[410.26,95],[411.26,95.5],[411.5,96.5],[412.5,96.5],[412.76,97],[414.76,97],[414,98.76],[413.5,98.76],[413.5,100.76],[413,101.26],[412.76,102.5],[413.26,103.26],[414.26,103.26],[414.5,103.76],[415.5,103.76],[415.76,105],[414.76,105],[414,105.5],[413.26,107.5],[412.5,107.76],[412.5,111.26],[413,111.5],[413.5,113.26],[414.5,113.26],[415.26,112.5],[415.76,112.76],[415.5,114.26],[415,115],[415,116.26],[414.5,117.5],[413.5,117.76],[413.5,119.26],[415,119.76],[415.76,121],[417.5,121],[417.5,122],[416.5,122.5],[414.5,123],[414.5,123.76],[415.26,124.5],[414.76,125.76],[415.5,125.26],[417,125],[416.5,126],[416.5,127.5],[417.5,127.5],[418,127],[418.5,128],[420.26,127.76],[420.26,127.26],[421.26,127.26],[421.26,127.76],[422.26,127.76],[422.26,128.5],[421.26,128.76],[421.26,130.5],[420.5,131.5],[421.76,132.5],[422,133.26],[421.5,133.5],[422,134.5],[423,134.5],[423.26,135.26],[425.26,135.26],[426,135.5],[426,137],[425.5,137.5],[426.76,137.5],[427.5,138.26],[428.5,138.26],[429.76,140],[428.76,140],[428,140.5],[429.5,140.5],[430,141.5],[429.26,141.76],[429.26,143.26],[428,143.5],[427.76,142.76],[425.76,142.76],[425.76,143.5],[425,143.76],[425,144.76],[425.5,145],[425.5,146.26],[424.26,147.5],[423.76,148.76],[422.76,149],[422.76,148.26],[419.5,148.26],[419.5,149.5],[420,149.76],[419.26,150.76],[417.76,151.5],[417.5,152.76],[415,153],[414.5,153.5],[413,153.5],[414.26,154],[414.26,154.76],[413.5,154.76],[413.5,155.5],[415,156],[416.26,156],[416.5,156.76],[417.76,156.76],[418,157.76],[417.26,157.76],[417,158.76],[419.5,159.76],[419.26,161.26],[421,161.5],[422.76,162.5],[425,162.5],[426,163],[425.76,164],[426.5,164.5],[425,164.76],[427,166],[427,166.5],[429,166.5],[430,165.76],[430,167.26],[431.5,167.26],[435.5,168.5],[435.76,169.26],[434.76,169.26],[435,170.26],[434,170.26],[433.26,169.5],[432.26,169.5],[431.5,170],[431.76,171.76],[433.76,171.76],[433.76,172.76],[434.76,173.76],[433.26,173.76],[432.76,174.26],[432.76,175.5],[431.76,176.5],[432.76,176.5],[432.76,177],[433.76,177.26],[433.76,177.76],[434.76,177.76],[437.26,179.76],[439.26,180],[439.26,179.26],[441.26,179.26],[442,179],[443.5,177.5],[443.5,176.26],[444.26,176],[444.26,175.26],[445.5,174.76],[445.76,175.26],[446.76,175.26],[446.26,176],[445.5,176],[445.5,176.76],[446.26,177],[446.26,178],[445.5,178],[445.76,179],[446.76,179],[446.76,180],[447.76,180.5],[448.26,179.76],[449,179.76],[449.5,179],[450.26,178.76],[449.26,177.76],[450.26,177.5],[450,176.26],[451.26,176.26],[451.5,175.5],[452.26,175.76],[452,175],[453,174.76],[453,173.26],[454,172.76],[454.76,171.5],[454.26,171.26],[454,170.26],[455.26,170.26],[455.5,169.5],[457,168.5],[457,167.76],[458.26,167],[459.5,167],[459.76,168.26],[458,168.5],[458,170.26],[457,170.5],[457,172.26],[458,172.26],[459,173.5],[458,173.5],[458,175],[459.5,175],[459.26,176],[460.76,176],[461,176.5],[462.26,176.76],[461.26,178.5],[461.76,178.5],[461.76,179.5],[460.76,180.26],[460.5,181],[461.76,181],[462.76,180.5],[462.76,179],[464,178.5],[465.26,177.5],[464.26,176.76],[464.76,176],[465,174.26],[466.5,174],[466.5,172.26],[465.76,172.26],[465.5,171.26],[466.5,171.26],[466.5,169.26],[467,169.26],[467.5,168.26],[466.5,168.26],[466.5,167.26],[465.76,167.26],[465.76,164],[464.76,163.5],[463.76,163.5],[463.5,162.5],[462.5,162.5],[462.76,161.5],[464,159.76],[464.76,159.76],[464,159],[464.26,158.5],[465.76,158],[465.76,157],[466.26,157.5],[467.26,157.5],[467.5,157],[468.5,157.26],[468.5,158.76],[467.5,158.76],[468.26,159.26],[468.26,160.26],[469,161.26],[470.26,160.5],[470.5,159.5],[471.5,159.5],[471.5,158.76],[472.26,158.76],[472.5,159.5],[473.5,159.26],[473.26,160],[473.76,161.26],[472.76,162],[473.76,163.5],[473.26,163.76],[473.26,165],[472.76,165.5],[473.76,165.5],[474.76,164.5],[475.5,164.5],[476.26,163.76],[477.26,164],[477,165.5],[475.76,166.5],[476,168.26],[475.26,168.5],[475,170.26],[475.5,170.5],[475.26,171.76],[476.26,172],[476.26,173.26],[476.76,173.5],[476.76,174.76],[476,176],[474.76,176.26],[474.76,177.5],[476,178.26],[476.26,179.76],[475.5,180],[475.26,180.76],[476.26,181],[477,181.76],[477.26,183],[476.26,183.76],[476.26,187.76],[475.26,187.76],[475.26,189.26],[474.5,189.5],[474.76,191],[474,192],[472.76,192.5],[472.5,193.5],[471.5,192.76],[471.76,191.5],[470.76,191.26],[470.76,187.76],[470.5,188.5],[469.26,188],[469.76,188.76],[469.5,190],[468.5,189.5],[467.5,189.5],[468.26,190.26],[467.76,191.26],[467.76,192.5],[466.26,192.5],[465.26,193],[465.5,193.76],[466.5,194],[466.5,195.26],[467.5,195.26],[467.76,197.26],[467,197.26],[466.76,198.76],[467.5,199],[467.26,200],[466.5,200.26],[466.76,202],[465.76,202.26],[465.76,203.76],[465,203.76],[464.5,205.26],[463.76,205.5],[463.5,204.76],[462.5,205],[462.5,206],[461.26,206.5],[461.26,207],[460.26,207.26],[459.76,206.76],[459,207],[457,207],[457,208],[456.5,208.5],[454.5,209],[454.5,210.26],[451.5,211.76],[451.76,212.76],[452.26,213],[436.76,213],[436.76,213.26],[435,213.26],[433.76,213.76],[428,213.76],[428,213.5],[418.76,213.5],[418.76,213.76],[415,213.76],[415,213.5],[412.76,213.5],[411.26,214],[405.5,214],[405.5,213.76],[400.76,213.76],[400.76,213.5],[398.76,213.5],[398.5,214],[396.26,214.5],[395.26,215.26],[393.26,215.5],[393,216],[391.76,216.26],[390,216.26],[389.26,215.5],[384.26,215.5],[384.26,215.76],[381,215.76],[380.26,216.26],[379.26,216.26],[378.5,216.76],[378.26,216.76],[378.26,215.5],[377,214.76],[377,214.26],[375.76,213.76],[375.5,212.76],[374.76,212.26],[374.5,210.76],[373.76,210.5],[374,209.76],[374.76,209.5],[374.76,208.5],[374.26,208.26],[374.26,207],[375.5,205.76],[376,205.76],[376.26,204.76],[377.76,203.5],[377.5,202],[378.26,201],[378.26,197.76],[376.76,196.5],[376.5,194.5],[376,194.26],[374.5,191.76],[373,191],[373,188.76],[373.26,188.76],[373,187],[370.5,186.76],[369.76,186],[369,186],[368.26,184.26],[366.5,183.76],[366,183],[366,181.26],[365.26,180.5],[364.26,180.26],[363,178.26],[361.5,178],[360.5,177],[359.76,177],[359,176.26],[359,174.26],[358.5,174],[357.5,172],[356.26,172.5],[354.76,172.5],[354.26,171.76],[353,171.26],[353.26,168.76],[350.5,168.76],[349,169],[348.26,168.5],[347.26,168.5],[346.76,167.26],[345.76,166.5],[343.5,166.26],[341.76,164.26],[341.76,162],[342.26,161.26],[343.76,160.5],[343.76,159.76],[343,159],[342.26,159],[341.5,158],[341,158],[341.26,156.76],[342,156.5],[342.26,155.76],[343.76,154.5],[343.76,153],[343.26,152.5],[343,151.26],[343,149.5],[343.5,148.26],[342,147.26],[341.76,145.5],[340.5,145],[340.26,144.5],[339.26,144.26],[338.5,143.26],[338.5,141.76],[339.26,141],[339.26,140.26],[340,139.5],[341,139.26],[342,138.26],[343.76,138],[344.76,137.5],[345.26,136.26],[346,135.26],[348,135.5],[348.5,134.76],[349.76,134.5],[350.26,132.76],[349.76,132.26],[349.5,130],[348.76,129.26],[347,128.76],[346.26,128],[345,127.76],[344,127],[344,126.5],[343,125.76],[342,124.26],[339.5,123.26],[338.76,122],[338.26,121.76],[338.26,120.5],[339,119.76],[339,118.26],[338.5,117.26],[337.26,116],[335.26,115.26],[335.26,114.5],[334.5,114],[334.26,113],[333.5,112.5],[332.5,110.5],[331.5,110.5],[331,110],[331,107.5],[332.76,106.5],[333.5,106.5],[333.5,104.76],[333.26,104.5],[331.26,104.5],[329.76,103],[329,101.76],[328,101.5],[326.76,100.26],[326.76,99],[326,98.5],[325.26,97],[323.5,97.26],[323.5,96.76],[322.26,96],[322.26,94],[322.76,93.76],[322.26,92.26],[322.26,90],[322.5,90],[322.5,88.26],[322.26,86.76],[323.26,86],[323.26,84.5],[322,83.26],[322,79.76],[321.76,78.26],[322,78.26],[322.26,77],[323.76,76.26],[324,75.5],[326.76,75.76],[327.26,76.26],[328.26,76.26],[328.5,77],[329.5,77],[329.5,73.5],[330.26,72.26],[332.5,72],[333.5,71.5],[334.76,71.5],[335.5,71],[335.5,69.5],[336.5,69.26],[336.26,67.76],[337.26,67],[337.26,66.5],[338.26,65.76],[337.5,64.76],[336.5,64.76],[335.26,63.76],[336.26,63.26],[337.26,63.26],[338,63.26],[338.26,63.76],[339.26,64],[341.26,64],[342.5,63.5],[343,64],[344.76,64.5],[346.76,64.5],[347.5,64],[350,64],[351.5,64],[351.76,63.5],[352.5,63.5],[353.26,63.5]],[[413.26,178.76],[414.26,178.5],[414.5,177.5],[413.5,177.5],[412.76,177],[411.5,177],[410.5,176],[407.76,176],[406.5,175.26],[405.76,175.5],[403.76,175.26],[404,176],[404.76,176.5],[407.26,177],[409,177],[409.26,177.5],[410.26,177.5],[410.5,178.5],[413.26,178.5],[413.26,178.76]],[[395.5,210.76],[398.26,210.76],[400,209.26],[399,209.5],[398.76,209],[396.5,208.76],[395.76,209.5],[394.5,209.76],[394.5,210.26],[395.5,210.76]]],[[[446.5,173],[446.5,172.26],[447.26,171.5],[447.76,171.76],[447.26,173],[446.5,173]]],[[[447.5,175.26],[448,176],[447.26,176],[447.5,175.26]]],[[[467.5,157],[466.76,157],[467.5,156.26],[467.5,157]]],[[[460.76,168.5],[461,169.26],[460,169.26],[460.76,168.5]]],[[[462.5,176.26],[461.76,176],[462.5,175.5],[462.5,176.26]]],[[[468.5,201.5],[467.76,202],[467.76,201.26],[468.5,201.5]]],[[[461,208.26],[460.76,207.76],[462,207],[462,208],[462.76,208],[462.76,208.76],[461.5,209],[461,208.26]]],[[[466.76,209],[466.76,208.5],[468.26,208.26],[468.26,208.76],[466.76,209]]],[[[469.26,158.5],[468.76,157.5],[470.5,157.5],[470.5,158],[469.26,158.5]]],[[[473.26,194.5],[472.5,195],[471.5,194.5],[472.5,194],[473.26,194.5]]],[[[474.26,155.76],[474,154],[475.26,154.5],[475.26,155.5],[474.26,156.5],[473.5,156.5],[474.26,155.76]]],[[[475.26,156.26],[475.26,157],[474.5,157.26],[475.26,156.26]]],[[[476.26,159.76],[475.5,159.76],[475.76,158.5],[476.26,158.26],[476.26,159.76]]],[[[475.26,161],[474.26,161.5],[474.26,160.76],[475.26,160.5],[475.26,161]]],[[[477.26,164],[477.26,163.26],[478.26,162.5],[478.26,163.5],[477.26,164]]],[[[477,165.76],[477.26,165],[478.26,164.76],[478.5,165.5],[477.5,166.26],[477,165.76]]],[[[477,170.76],[476,171],[476.5,170],[477.26,170],[477,170.76]]]]},"properties":{"id":"k10","key":"k_first_forest","name":"First Forest","counties":43,"color":"#e1dfd3","owner":null,"ownerCountryId":null,"notes":""},"id":"k10"},
{"type":"Feature","geometry":{"type":"MultiPolygon","coordinates":[[[[734.5,742.76],[735,742.5],[738,742.26],[738.76,743.26],[741,743.26],[741.76,742.76],[743.26,743],[744.76,742.26],[746.5,742],[746.5,743.26],[747.26,744.26],[748.5,745],[749.76,745],[749.5,746.5],[750.26,746.76],[751.26,747.76],[752,747.76],[752.26,748.5],[753.5,749],[753.26,749.5],[753.26,751.76],[753.76,752.76],[755.26,752.76],[755.5,754.76],[756,755.26],[756,756.26],[756.76,757],[758,757.5],[758.76,756.26],[760.76,756.76],[761,758],[762.26,757.5],[762.76,759],[763.5,759.26],[765.76,759.26],[766.26,760.76],[767.26,761],[767.5,762],[770.26,762],[770.26,763.26],[772.5,763.26],[774,765.5],[774.76,765.5],[776.26,764.5],[777.5,764.5],[778.26,765.76],[780.26,766],[781,766.5],[781.26,767.76],[782.26,768.76],[783,770.5],[783.5,770.76],[784,772],[784,774],[783.76,774],[783.76,775.76],[784,777],[785.5,778],[785.5,779],[786,779.76],[785.76,781.26],[783.26,781],[782.26,780],[781.26,780],[781,780.5],[779.5,780.76],[778.26,780.26],[776.26,779],[774.76,779.5],[773.76,780.5],[771.26,780.26],[771.26,779.76],[769.5,778.5],[769.5,777.76],[768.5,777.5],[768.5,776.76],[767.26,775.76],[767.26,775],[766.5,774.76],[766,774],[765,773.5],[764,773.5],[763,774],[763,772.26],[763.26,771.76],[762.5,771.5],[762.26,770.76],[761.76,771.26],[759.26,771],[759.26,770.26],[758,770],[757.5,770.76],[755.5,770],[755.26,770.5],[753.76,770],[753.5,769.26],[751.76,768.76],[752,768],[751.76,767],[751.26,766.76],[751.26,765.5],[750,764.76],[750,763.76],[748.76,763],[748.76,762],[748.26,762],[748.26,760.5],[747,760],[745.76,758.26],[744.5,758],[744,758.5],[742.76,758.26],[742.76,756],[743.26,755.76],[742.76,753.5],[741.76,753.26],[742,751.76],[741.5,751],[740.76,751],[740.26,749.5],[738,748.5],[737.5,747.5],[736.26,748],[733.76,747.26],[734,745.76],[733.5,745.26],[734.26,744.76],[734.26,743],[734.5,742.76]]],[[[788.5,786.26],[787.5,786.26],[787,784.5],[787,782],[787.5,781],[787.5,779.5],[787,779],[787,777.26],[786.76,776.76],[785.26,775.5],[784.76,774.5],[784.76,771.5],[784.26,770],[783.76,769.76],[783.26,768.26],[782.76,768],[782.5,766.5],[784.26,766.5],[784.76,767],[786.26,767.26],[787.26,766.76],[788,767.5],[790,767.76],[790.5,769],[790.5,770.76],[790,771.5],[790,772.76],[790.76,772.76],[790.76,775],[792.26,775.26],[791.5,776.5],[792.5,777.5],[792.76,779.76],[793.76,779.76],[794.26,780.5],[796.5,780.26],[797,782.26],[796,783],[794.5,783.26],[793.76,784],[793,783.76],[792.76,784.26],[791.5,783.76],[789.76,785.76],[788.5,786.26]]]]},"properties":{"id":"k11","key":"k_ghoyan_drohe","name":"Ghoyan Drohe","counties":7,"color":"#d6d4e1","owner":null,"ownerCountryId":null,"notes":""},"id":"k11"},
{"type":"Feature","geometry":{"type":"MultiPolygon","coordinates":[[[[2094.26,1303],[2093.26,1303],[2092.5,1303.76],[2091.5,1303.5],[2091.26,1303],[2090,1303],[2089.76,1302],[2090.5,1301],[2091,1301],[2091.5,1299.26],[2093.5,1298],[2093.5,1297],[2093,1296],[2092.26,1296],[2092.5,1295.26],[2090.26,1293.76],[2091,1291.5],[2092.5,1291.26],[2092.26,1290.5],[2093.26,1289.5],[2093,1288.5],[2092,1288.26],[2091.76,1287.5],[2092.26,1287],[2091.26,1286.76],[2091,1286.26],[2088.5,1285.26],[2088.26,1284.5],[2090,1284],[2090.26,1283.26],[2089.76,1282.5],[2090.76,1282.5],[2090.76,1280.26],[2091.26,1279.5],[2091.26,1278],[2090.76,1277],[2090,1277.5],[2088.76,1277.5],[2088.26,1275.76],[2087.76,1275.5],[2087.26,1274.26],[2086,1274.26],[2086.5,1273.5],[2086.26,1272],[2085.76,1272],[2084.76,1274.5],[2083.5,1274.5],[2082.76,1273.76],[2082,1273.76],[2082,1272.76],[2082.76,1272.26],[2082.76,1269.5],[2081.5,1269.26],[2082.26,1268.26],[2081,1267.5],[2079.5,1267.5],[2079.5,1266.76],[2080.26,1266.26],[2079.76,1264.5],[2081.76,1263.76],[2084,1263.76],[2084.26,1262.5],[2085.26,1262.76],[2085.26,1261.5],[2084.76,1261],[2084.76,1259],[2084.5,1257.76],[2085.5,1257],[2086.26,1257.5],[2087,1258.76],[2087.76,1258.76],[2088.76,1257.76],[2088.5,1256.5],[2088.5,1254.76],[2088,1253.76],[2087.5,1253.76],[2086.76,1252.26],[2085.26,1252.26],[2084.26,1251.26],[2082.76,1251.26],[2081.5,1249.76],[2079.26,1249.76],[2079,1249.5],[2079,1245.76],[2079.26,1245.26],[2078.5,1244.76],[2076.5,1244.5],[2076.26,1244],[2074.5,1244],[2074.5,1243.26],[2075.5,1242],[2076,1240],[2077.76,1238.5],[2078.26,1237.76],[2078.5,1236.26],[2080,1235],[2080,1234.5],[2078.5,1235.26],[2077,1236.76],[2076.26,1236.76],[2076,1237.5],[2075,1237.76],[2074.76,1238.5],[2072.5,1238.76],[2072.26,1239.5],[2071,1239],[2071,1241],[2070,1241.5],[2068,1239.76],[2067.5,1239],[2067.26,1237.76],[2066.76,1237.5],[2066.26,1238.26],[2064.76,1237.76],[2064.5,1238.26],[2062.5,1238],[2063,1236.76],[2063,1235.5],[2062.5,1234.5],[2061.5,1234.26],[2061.5,1233],[2060.5,1232.76],[2060.26,1232],[2059,1231.76],[2059.26,1230.76],[2060.5,1230],[2060.76,1228.5],[2060.26,1228.26],[2060.5,1227.5],[2059.5,1226.5],[2059,1224.76],[2057.76,1225],[2057,1226.26],[2056.5,1226.5],[2054.76,1226.5],[2055,1225.5],[2055.5,1225.26],[2055.76,1224.26],[2056.5,1224],[2056.76,1223],[2055.5,1222.5],[2055.76,1221.76],[2055.76,1219.76],[2054.5,1219.26],[2054.5,1218.5],[2056.76,1218.5],[2057,1217.76],[2057.76,1217.76],[2058.26,1216.76],[2058.26,1214.5],[2057.76,1214.5],[2058,1212.76],[2057,1212.76],[2056.5,1213.76],[2054,1214.5],[2054.5,1213.5],[2054.5,1212.5],[2052.26,1213.5],[2050.26,1213.26],[2050,1212],[2049.5,1211.76],[2048.26,1212.5],[2048,1213.26],[2046,1213.5],[2046,1214.76],[2044.76,1215.5],[2044.26,1216.76],[2042.5,1217.26],[2042.26,1218],[2041.5,1218.26],[2041,1217.76],[2041,1216],[2039.26,1215.76],[2038.26,1214.76],[2036.26,1214.76],[2036,1215.76],[2034,1216],[2033.5,1215.26],[2033.5,1213.5],[2034.26,1213.5],[2034.76,1212.5],[2034.26,1211.76],[2034.26,1209.5],[2033.76,1208.76],[2032,1209],[2030.5,1207.76],[2030.5,1206],[2029.26,1206.26],[2029.26,1205.5],[2028.5,1205.5],[2027,1204.5],[2027.26,1203.76],[2026.5,1202],[2024,1202],[2023.5,1201.26],[2023.26,1200],[2022.5,1199],[2021.26,1199.76],[2020.5,1200.76],[2019.26,1200.5],[2018.5,1201.5],[2017.5,1201.5],[2017.26,1202],[2017,1204.26],[2016.26,1204],[2014.26,1204],[2014.26,1202],[2014,1202],[2013.76,1200],[2012.5,1200],[2012.5,1199.26],[2011.5,1199],[2011.26,1198.5],[2010,1198.5],[2009.5,1198],[2008,1198],[2007.76,1198.76],[2006.76,1199],[2006.26,1198.5],[2003.5,1198.5],[2002.5,1197.76],[2002.5,1197],[2003.26,1196.5],[2002.76,1195.76],[2003.26,1195],[2003,1193.76],[2002.26,1193.5],[2002,1192.76],[2001,1191.5],[2000,1192],[1998.26,1191.76],[1997.76,1191.26],[1997.26,1192],[1996.26,1192.5],[1996,1192],[1994.76,1191.26],[1994.26,1190.5],[1994.26,1189.5],[1995,1189.5],[1996.26,1187.76],[1998,1186.76],[1997.76,1186],[1997.76,1183.26],[1998.26,1182.5],[1999,1182.5],[2000,1181.76],[1999.76,1180.76],[2000.76,1180],[2000.76,1178.5],[2000,1178],[2000.5,1176.76],[2000.5,1175.5],[2001,1175],[2000.5,1174.5],[1999,1174.5],[1999,1172],[2000.5,1171.26],[2000.5,1170.5],[2001.26,1170.5],[2001,1168.76],[2000.5,1168.5],[2000.5,1166.76],[2000.76,1165.76],[2000.26,1166],[1999.76,1167.26],[1998.26,1167.26],[1997.26,1168.76],[1995.5,1169.26],[1995.26,1171.26],[1994,1171.5],[1993.26,1172.76],[1994.26,1172.76],[1994.5,1173.5],[1994.26,1174.5],[1993.5,1175.5],[1993,1175.26],[1991.26,1175.26],[1991.5,1176.26],[1991.5,1178],[1991.26,1178.5],[1989.76,1178.26],[1989,1179.26],[1987.76,1179.26],[1987.5,1178.26],[1986.76,1178.26],[1987.5,1176],[1988.5,1174.76],[1988.5,1173.76],[1989,1173],[1989,1171],[1989.26,1169.5],[1988,1169.5],[1987.5,1168.5],[1987.5,1167.26],[1986.76,1167.76],[1986.5,1168.5],[1984.76,1168.26],[1984.5,1168.76],[1984.76,1171],[1984.26,1171.5],[1984.5,1172.26],[1983.26,1173],[1983,1173.5],[1983,1176],[1982.5,1176.5],[1981.76,1176.26],[1981.5,1173.5],[1980,1173.26],[1979.76,1172],[1980.26,1170.76],[1981,1170],[1981,1168.26],[1979.76,1169.26],[1979.76,1170],[1978.26,1172.5],[1976.76,1173.5],[1976.76,1175.26],[1976.26,1176],[1976.26,1177],[1975.5,1176.5],[1975,1177.26],[1974,1177.76],[1972.76,1177.76],[1972.5,1178.26],[1971.76,1178],[1972,1176.26],[1971.5,1175],[1970.26,1174.26],[1969.76,1173.5],[1969.76,1172.5],[1971.26,1169.76],[1971.76,1169.76],[1971.5,1168.5],[1970.76,1168],[1970.76,1166.76],[1972.26,1163.26],[1972.26,1162.26],[1971.5,1162.76],[1970,1165],[1969.26,1165],[1968.5,1165.76],[1967,1165.76],[1966.26,1168.5],[1965.76,1168.76],[1965.26,1170.26],[1963.5,1171.5],[1962.76,1172.76],[1962.26,1173],[1960.5,1173],[1959.5,1174.26],[1959,1173.76],[1958,1174.26],[1958,1175],[1958.76,1175.5],[1958.5,1177.26],[1955,1178.26],[1954.26,1177.5],[1954.5,1176.76],[1954.5,1173.76],[1953.5,1175.26],[1952.5,1175.26],[1952.5,1173.5],[1951.5,1173.76],[1951.5,1174.76],[1950.5,1175.76],[1949.5,1176],[1949.26,1175.5],[1947.76,1176],[1948.26,1176.76],[1948.5,1178.26],[1949.5,1178.76],[1950,1180],[1948.5,1180.5],[1948.26,1180],[1947.26,1180.26],[1947,1179.5],[1944.26,1180.76],[1944.26,1181.76],[1943.5,1181.76],[1943.26,1184.26],[1942.76,1185],[1941.76,1185],[1941.76,1184],[1940.26,1184.26],[1939,1185.5],[1938.26,1185.5],[1938.5,1181.76],[1938,1181.5],[1938,1179],[1937.5,1178.26],[1934.26,1178.26],[1933.5,1179.26],[1932,1179],[1931.76,1178.26],[1930.76,1178.26],[1929.76,1180],[1929.26,1180],[1929.26,1181.26],[1928.26,1181.76],[1926.26,1181.76],[1926.26,1182.5],[1925.26,1182.26],[1923.26,1184.5],[1924.26,1184.76],[1924.26,1186],[1923.76,1186],[1920.76,1187.76],[1920,1187.76],[1919.5,1188.5],[1923,1188.5],[1923.76,1187.5],[1923.76,1189],[1924.5,1189],[1925.26,1188],[1926.26,1187.5],[1929,1186.76],[1929.76,1186],[1930.76,1186],[1930.26,1189.26],[1929.76,1189.76],[1927.76,1190.26],[1926.5,1191.26],[1925.26,1191.26],[1924.5,1192.26],[1923.76,1192.5],[1923.76,1193.5],[1923.26,1194.26],[1921.5,1194],[1920.5,1194.76],[1920.5,1195.26],[1921.5,1195.76],[1922.5,1197],[1920,1197],[1920,1198.5],[1919.26,1199],[1917.26,1199],[1916.26,1198.26],[1916,1199],[1915,1199],[1914.76,1199.5],[1912.76,1200.26],[1912,1201.26],[1912,1202.5],[1912.5,1202.76],[1912.5,1203.76],[1911.5,1204.5],[1911.5,1205.76],[1910,1207.26],[1909,1207.76],[1908,1207.76],[1908.5,1208.76],[1907.26,1208.5],[1904.5,1208.5],[1903.26,1209],[1903,1209.76],[1903.5,1210.5],[1903,1210.76],[1903,1211.76],[1902.26,1212.76],[1901.26,1213],[1900.26,1214.26],[1899.5,1214.26],[1898.26,1215.26],[1901.76,1215.26],[1901.76,1214.76],[1903.5,1214.76],[1903.76,1213.76],[1906,1212.5],[1907.76,1212.5],[1907.76,1213.26],[1908.5,1213],[1908.5,1213.76],[1910,1214],[1910.26,1217],[1909.26,1217.76],[1909,1219.26],[1908.5,1219.26],[1908,1221],[1906.5,1221.76],[1906.5,1222.5],[1908.26,1222.26],[1908.5,1222.76],[1909.5,1223],[1909.5,1224.26],[1911.76,1223.26],[1911.5,1224],[1911.76,1225.5],[1911.76,1227.26],[1911.26,1228],[1911.26,1229.26],[1912.26,1229.26],[1911.76,1230.26],[1911.76,1233],[1911.26,1233],[1911.26,1234],[1910.26,1235],[1911,1236],[1909.26,1236],[1908.76,1236.26],[1908.5,1237.5],[1906.76,1237.5],[1906,1238.26],[1903.5,1238.26],[1902.5,1238],[1902.5,1239],[1901.76,1239.5],[1901.26,1241.76],[1901.76,1242],[1901.5,1243.76],[1901.5,1245.5],[1901.26,1246],[1899.76,1245.5],[1898.5,1245.76],[1898.5,1247.5],[1898.76,1248.5],[1897,1249],[1896.76,1249.76],[1896.76,1252],[1897.5,1252.26],[1897.76,1253.5],[1897,1254.26],[1897,1255.5],[1897.5,1255.76],[1897.26,1256.76],[1896.26,1256.76],[1894.5,1258.5],[1892,1258],[1892,1257],[1892.5,1256.5],[1892.5,1254.5],[1891.76,1254.26],[1892,1252.26],[1891,1252.5],[1890.26,1251.5],[1890,1250.26],[1888.76,1250.5],[1888.76,1247.5],[1888.5,1246.5],[1889.26,1245.76],[1889,1244.5],[1889,1242],[1888.76,1241],[1888,1240.5],[1887.76,1238],[1889,1237],[1888.76,1236.5],[1889.26,1235],[1888,1234.5],[1888.76,1233.76],[1888.26,1233],[1886.5,1232.5],[1886.5,1232],[1887.5,1231.5],[1887.5,1229.5],[1888.26,1228.76],[1888.26,1228],[1885.26,1228],[1884.26,1228.26],[1883.76,1227.26],[1882.5,1227.5],[1881.26,1227],[1880.76,1226.26],[1880.76,1225],[1879.26,1224.76],[1879.26,1224.26],[1878.26,1224.26],[1878.26,1223.76],[1876.26,1223.5],[1876,1223],[1874.76,1222.76],[1874.26,1223.76],[1873.26,1224.5],[1870.26,1224.5],[1870,1225],[1869,1225.26],[1869.5,1226.26],[1869.5,1227.5],[1868.5,1228.5],[1866.5,1228.26],[1865.76,1229.76],[1865.76,1232],[1866,1232.5],[1865.26,1233],[1865.5,1233.76],[1866.76,1233.76],[1867.26,1234.26],[1867.26,1235.76],[1865.5,1236],[1865.26,1237.76],[1864.26,1237.26],[1863.76,1238.5],[1863.76,1239.76],[1863,1240.26],[1861.76,1240.26],[1860.5,1239.76],[1859,1240.76],[1859.26,1242.5],[1856.5,1242],[1856.26,1241.5],[1854.76,1242.26],[1853,1242],[1852.5,1243.26],[1850.76,1243],[1850.76,1244.5],[1850,1245.26],[1848.26,1245.26],[1848.26,1244.76],[1846.76,1244],[1846.5,1245],[1842.76,1245],[1842.76,1244.26],[1842,1243.5],[1840.5,1243.26],[1840.26,1242.76],[1839.26,1243.26],[1838.26,1243],[1837.76,1243.76],[1836.76,1244],[1836.5,1245],[1835.5,1245.5],[1833.76,1245.26],[1833.5,1242.76],[1832,1241.5],[1831.26,1241.5],[1831.76,1240.26],[1830.76,1239],[1829.76,1238.26],[1828.76,1238.5],[1827.5,1238.26],[1825.26,1238.26],[1824.76,1238.76],[1823.26,1239],[1822.76,1238],[1822.5,1239.5],[1821.76,1239.5],[1821.26,1240.76],[1820.5,1241.5],[1820.5,1240.26],[1819.5,1240],[1819.26,1239.26],[1819.26,1237.26],[1818.76,1237.26],[1818.76,1236],[1818.26,1235.26],[1816.5,1234.26],[1816.5,1233],[1816,1232.76],[1816.26,1230.76],[1815.26,1229.5],[1815,1227.76],[1816.5,1226.76],[1816.26,1226.26],[1815,1226],[1815.26,1225.26],[1814.26,1224.5],[1813.76,1222.76],[1811.76,1222.76],[1811.5,1222],[1810.76,1221.76],[1810.26,1220.76],[1809.26,1220],[1808.5,1219],[1808,1217.26],[1807.26,1217.5],[1805,1216.76],[1804.5,1216],[1803.26,1215.5],[1803,1217.5],[1802.5,1218.5],[1801.76,1218.26],[1801.76,1217.5],[1801,1217],[1799.76,1217],[1799.76,1216.5],[1801,1215.76],[1801,1214.26],[1800.26,1213.5],[1799.76,1212.26],[1798.76,1211.76],[1798.76,1210],[1799.5,1209.5],[1797.76,1209.5],[1796.76,1210.5],[1795.5,1209.5],[1795.5,1209],[1794.5,1208.26],[1793,1208.5],[1793,1209.26],[1792,1210.76],[1790.76,1210.5],[1790.5,1211],[1788.5,1212],[1788.5,1210.76],[1789.5,1209.5],[1789.5,1208],[1788.76,1207.5],[1789,1206],[1789.76,1206],[1790.5,1205],[1791,1203],[1790,1202.26],[1790,1201.26],[1789.5,1200.5],[1788.5,1200.5],[1788.5,1199.26],[1787,1199.26],[1787,1198.76],[1786,1198],[1785.76,1197],[1786.26,1195.5],[1783.5,1195.5],[1782.5,1195],[1780.5,1195],[1780,1195.26],[1779,1196.76],[1778.26,1196.5],[1776.76,1196.76],[1775.76,1195.5],[1775.26,1195.5],[1775.26,1193.76],[1776.5,1192.26],[1776.5,1191.26],[1775.5,1191.26],[1774.5,1190.76],[1774,1191.26],[1773,1191.26],[1772.5,1190.76],[1771.5,1190.76],[1770.76,1190],[1770.76,1189],[1771.5,1189.26],[1772.26,1188.26],[1775,1188],[1776,1187],[1777,1186.5],[1777,1185.5],[1777.76,1184.76],[1777.5,1183.26],[1778.26,1183.76],[1779.5,1184],[1781,1183.76],[1781.76,1182.76],[1781.76,1181.5],[1780.5,1180.76],[1780.26,1179.26],[1778.76,1179.26],[1778.26,1178.5],[1776.76,1177.26],[1776.76,1176.76],[1778,1175.76],[1779.26,1175.26],[1780.5,1175.26],[1781,1175.76],[1780.76,1173.76],[1783,1173],[1783,1172],[1782.5,1171.5],[1781.76,1171.76],[1780,1171.76],[1778.76,1171.26],[1778.26,1172.26],[1777.5,1172.26],[1777,1173],[1774.76,1173.26],[1773.5,1175.26],[1772.26,1175.26],[1772,1175.76],[1770.76,1176.26],[1771.76,1176.5],[1773.5,1177.76],[1774.26,1179.5],[1773.5,1180],[1772.5,1180],[1771.5,1180.76],[1766.76,1180.76],[1766.26,1181],[1765.5,1180],[1764,1180.26],[1762.76,1180.76],[1762.5,1179.26],[1761,1177.76],[1760.76,1176.26],[1760,1176],[1760.26,1174.76],[1758.26,1174.5],[1757.5,1174],[1755.76,1173.76],[1756,1172.76],[1756.76,1172.26],[1756.76,1171.5],[1755.5,1169.76],[1754.26,1169.76],[1753.26,1168.76],[1752.5,1168.5],[1752.5,1166.76],[1751.5,1166.26],[1750.76,1167.26],[1750.26,1166.5],[1749.5,1166.26],[1748,1168.26],[1746.5,1168.26],[1746.26,1167.5],[1746.26,1165.76],[1745.26,1165.26],[1745.26,1162.26],[1745,1161.26],[1743,1161.26],[1742.5,1160.76],[1740.76,1160.76],[1739.5,1161.26],[1739.5,1161.76],[1737.5,1161.26],[1737.26,1160],[1736.26,1160.5],[1734.76,1160.5],[1734.26,1161.26],[1733,1160.5],[1733,1159.5],[1732.26,1159.5],[1733,1158.76],[1732.76,1157.76],[1731.76,1157.76],[1730.76,1158.76],[1729.5,1158.76],[1729.5,1158.26],[1727,1158.5],[1726.76,1157],[1727.5,1157],[1728.5,1154.76],[1729.26,1154.5],[1729.76,1155.5],[1731.26,1155],[1733,1155],[1733.26,1154.5],[1732,1154.26],[1732.76,1152.26],[1734.5,1151.26],[1734.26,1149.76],[1733.76,1149.5],[1732.26,1151.26],[1730.5,1151.76],[1729,1153],[1729,1153.5],[1725.5,1155.5],[1725.26,1154.26],[1724.76,1154.26],[1724.5,1153],[1723.76,1152],[1722.26,1152],[1722.26,1151],[1721.26,1150.76],[1721,1150.26],[1718.76,1150.26],[1718.5,1149],[1717.5,1148],[1716.5,1147.76],[1717,1146.26],[1718.26,1145.5],[1717.76,1144.26],[1718.76,1143.76],[1719,1141.26],[1718,1140.76],[1718,1139.76],[1717.26,1139],[1717.26,1136.5],[1717.76,1136.26],[1717.26,1135.26],[1716.26,1135.26],[1716.26,1134],[1715,1133],[1714.5,1132],[1714.5,1128.5],[1712.76,1127.26],[1710.76,1127.26],[1710.76,1126.26],[1709.5,1125.5],[1709.5,1123.76],[1710.5,1123],[1711,1121.5],[1710,1121.5],[1710.5,1120.76],[1712.26,1120],[1712.26,1119.26],[1711.5,1118.5],[1711.26,1117.5],[1709.26,1117],[1709.26,1115.76],[1711.26,1114],[1711,1112.76],[1712,1112],[1712.5,1111],[1712.5,1109.76],[1710.76,1110.5],[1709.5,1112.76],[1707.5,1113.26],[1706.76,1115],[1705.76,1115.5],[1705,1115],[1705,1113.5],[1704.5,1112.5],[1704,1112.5],[1703.5,1113.5],[1701.76,1113.26],[1700.5,1114.5],[1699,1115.5],[1698.5,1116.5],[1697.5,1116.76],[1696.5,1115.26],[1697.26,1114.76],[1697.76,1113.5],[1697.5,1112.26],[1697.5,1110.5],[1696.76,1109.76],[1695.76,1110.5],[1694,1110.5],[1693.26,1111.26],[1692.26,1111.5],[1692.26,1112.5],[1690.5,1112.5],[1689.5,1113],[1689.26,1114],[1687.76,1114],[1687.26,1114.5],[1687.26,1115.76],[1688,1116.76],[1685.76,1118],[1685.5,1119],[1684,1119],[1683.5,1119.76],[1683.5,1121.26],[1682.76,1121],[1682.26,1121.76],[1680.5,1122.26],[1681.26,1123.5],[1681.5,1124.5],[1682,1124.5],[1682.26,1125.5],[1683.76,1126],[1683,1127.5],[1680.76,1128],[1680.5,1129],[1679.76,1129],[1679.26,1129.76],[1679.26,1131],[1678.26,1132.26],[1676.26,1132.76],[1676.26,1133.5],[1675.5,1133.5],[1675.5,1134.5],[1674.5,1137],[1672.5,1136.76],[1671.76,1138.5],[1671,1138.5],[1670.5,1139.26],[1670.76,1140],[1670.26,1140.26],[1670.26,1141.26],[1670.76,1141.5],[1670.76,1142.76],[1670,1144],[1668.5,1144],[1668.5,1144.5],[1667.5,1144.5],[1667,1145],[1665.76,1145.26],[1665.76,1145.76],[1664.76,1146.26],[1665,1147.76],[1664.26,1147.76],[1664.26,1148.76],[1663.26,1150.26],[1663.26,1151.26],[1662.5,1152.76],[1661.5,1152.76],[1661.5,1152],[1660.76,1151.5],[1660.5,1150.76],[1660.76,1149.5],[1660.76,1144.5],[1660.26,1142.76],[1659,1142.76],[1657.76,1142.26],[1657.76,1141.76],[1656.26,1140.26],[1656.5,1139.26],[1656,1139.26],[1655.76,1138.26],[1653.26,1138.26],[1652.76,1137],[1651.26,1137],[1650.76,1135.5],[1650,1135.76],[1650,1134.76],[1648.76,1134.76],[1648.26,1134.26],[1646.76,1133.76],[1645.5,1133.76],[1645.26,1132.5],[1645.76,1132],[1646,1130.26],[1644.76,1130.26],[1643.76,1131],[1643.76,1130.5],[1642,1129.5],[1641,1129.5],[1639.26,1130.26],[1637.5,1130.26],[1636.76,1130.76],[1636.76,1131.5],[1635.76,1133.5],[1635,1133],[1633,1133.5],[1632.76,1133],[1632,1133.5],[1630.26,1135.5],[1629.26,1135.5],[1629,1132.5],[1627.26,1132.5],[1626.26,1131.5],[1624,1131.5],[1623.5,1132],[1622,1132],[1621,1133],[1620,1133.26],[1619.26,1134.5],[1618.26,1134.76],[1617.76,1135.5],[1617.76,1136.5],[1617,1136.76],[1616.5,1136],[1615.76,1136.5],[1612.26,1136.5],[1610.76,1137],[1610.76,1138.26],[1609,1140.76],[1609,1141.5],[1608,1141.5],[1607.26,1140.26],[1606.76,1140.26],[1606,1142],[1604.26,1142],[1603.26,1141.76],[1604,1142.5],[1603.76,1145],[1603,1145.26],[1602.76,1146],[1604,1146],[1603,1146.76],[1602.26,1147.76],[1601.26,1147.76],[1600.5,1148.26],[1600.5,1150.26],[1600,1150.5],[1599,1149.26],[1597.5,1149.26],[1597,1149.76],[1595,1149.5],[1594.26,1149],[1594.26,1147.5],[1592.76,1147.76],[1591.76,1147],[1591,1146],[1591,1145.26],[1590.26,1144.76],[1589.26,1145.26],[1589,1147],[1587.5,1147],[1587.26,1147.76],[1586,1148],[1585.26,1148.76],[1584.26,1148],[1584.5,1146],[1585,1145.76],[1584.76,1144],[1585.26,1143.76],[1584.76,1142.76],[1584,1142.76],[1583.5,1141.76],[1582.26,1142],[1581.76,1140.5],[1579.76,1140.5],[1578.76,1142],[1577.5,1142.26],[1575.5,1142.26],[1574.5,1143],[1573.5,1143],[1572.26,1143.5],[1571.26,1145.76],[1570.76,1145.5],[1568.26,1145.76],[1568,1146.26],[1567,1146.5],[1567,1147.5],[1566.26,1148.76],[1565.26,1149],[1565,1150.5],[1563.26,1151.76],[1563.26,1152.26],[1562.26,1152.76],[1561.5,1151.76],[1561.5,1150.5],[1561,1150.26],[1559.26,1150.26],[1558.76,1149.76],[1557,1149.76],[1557,1151.26],[1556,1150.76],[1555.76,1152],[1555.26,1152.26],[1555,1153.26],[1554.5,1153.5],[1554.26,1154.5],[1553.76,1154.76],[1553.5,1155.76],[1552.26,1155.76],[1552,1155.26],[1550,1155.26],[1548.5,1154.76],[1548,1155.26],[1548.26,1156.5],[1549,1156.76],[1549,1157.5],[1548.26,1158.26],[1548.5,1159],[1547.76,1159.26],[1547.76,1160.76],[1547,1161.26],[1545.26,1161.26],[1545.26,1161.5],[1543.5,1161.5],[1543.5,1161.26],[1541.76,1161.76],[1540.26,1163.26],[1539.5,1163.26],[1539,1164],[1537.26,1164],[1536.5,1164.76],[1536.26,1166],[1535.76,1166.5],[1533.76,1166.5],[1533.5,1167],[1532,1167],[1532,1167.5],[1529.5,1169],[1529.5,1168.5],[1528.76,1168.26],[1528.5,1166.26],[1527.76,1165.5],[1528,1164.5],[1529,1163.76],[1529,1162.76],[1528.5,1162],[1527.76,1161.76],[1528,1161.26],[1528,1159.26],[1528.26,1157.76],[1527.76,1156.5],[1526.5,1156.5],[1526.26,1156],[1525.26,1156.26],[1525,1155.26],[1524,1155.26],[1523.26,1154.5],[1523.76,1152.26],[1525.5,1152.5],[1526.76,1152],[1526.76,1149.5],[1526.26,1149.5],[1526.76,1148.26],[1525.5,1148],[1524.76,1149],[1524,1148.5],[1522.5,1148.26],[1521.76,1147.26],[1521,1148],[1519.26,1148.26],[1518.76,1147.5],[1519,1146.5],[1519,1144.76],[1518.5,1144.5],[1517,1144.76],[1516.76,1143.76],[1515.76,1143],[1514.76,1143],[1514,1142.26],[1514.26,1141],[1513.5,1139],[1512.76,1139],[1513,1138.26],[1512.26,1138],[1511.76,1138.5],[1509.26,1138.5],[1508.5,1138],[1507.76,1136.76],[1507.26,1137],[1506.5,1136.5],[1506.5,1135.76],[1507.5,1135],[1507.26,1134.5],[1507.5,1132.76],[1507.5,1130.76],[1507,1130.5],[1506.26,1131.26],[1505.26,1131.26],[1504.26,1131.76],[1504.26,1130.76],[1504.76,1130.5],[1504.76,1129.5],[1506.26,1127.26],[1505,1127.26],[1505.26,1126.5],[1503.76,1126.26],[1503.26,1125.76],[1502.26,1126.76],[1501,1126.76],[1500.26,1128],[1499.26,1128.26],[1499,1127.76],[1496.76,1128],[1496.5,1127.5],[1494.76,1128.5],[1493,1129],[1491.76,1130.5],[1490.5,1130.26],[1488.26,1130.5],[1488,1129.76],[1488.76,1129.26],[1491.5,1128.26],[1491.5,1127.5],[1492.26,1127.26],[1493.26,1126.26],[1495,1126],[1495.76,1125],[1495.26,1124],[1494,1124],[1493.5,1124.76],[1490.76,1125],[1490.26,1125.5],[1487.5,1125.5],[1487.26,1126.5],[1486.5,1126.26],[1485,1127.76],[1483.76,1128],[1483,1127],[1482.5,1127],[1482,1128.5],[1481.26,1128.76],[1479.5,1130.26],[1480,1131],[1480,1132.26],[1479,1133],[1478,1132.76],[1477.76,1133.5],[1476,1133.5],[1475.26,1134.5],[1474.26,1135],[1474.26,1136.26],[1475,1137],[1474.76,1138.26],[1474,1138.76],[1473.26,1138.5],[1472.26,1138.76],[1469.76,1138.76],[1468.76,1139.76],[1466.76,1139.5],[1465.76,1140.76],[1465.26,1142.26],[1464,1143],[1463,1143],[1463,1143.76],[1461.26,1143.76],[1461.76,1144.26],[1461.76,1145.26],[1460.5,1145.76],[1460.26,1146.26],[1461.26,1147],[1461.26,1147.76],[1460.26,1147.76],[1459.26,1149],[1459.26,1151.26],[1458.26,1153],[1457.5,1153],[1456.76,1153.76],[1456.26,1153.5],[1456.26,1152.26],[1455,1152.26],[1455.5,1151],[1454.26,1151.26],[1451.5,1151.26],[1451,1152],[1449.5,1151.5],[1448.5,1152.5],[1447.5,1152.26],[1446.76,1152.76],[1444.76,1152.76],[1444.76,1154.26],[1443,1154.5],[1442.76,1155.26],[1441.5,1154.5],[1440.76,1154.5],[1440,1155.26],[1438,1154.5],[1437.76,1155],[1436.5,1155.5],[1436.5,1156.76],[1435.5,1156.76],[1435.5,1157.5],[1434.5,1157.5],[1434,1159.26],[1432,1159.5],[1431.76,1160.5],[1430,1159.76],[1428.76,1159.76],[1428,1160.5],[1428,1162.26],[1426.76,1162.26],[1425.76,1163],[1424,1162.76],[1423.76,1163.5],[1423.26,1163.26],[1422.26,1164.5],[1421.5,1165],[1419.5,1165],[1419.26,1164.76],[1419.26,1163],[1419.5,1162.26],[1420.26,1161.76],[1420,1160.76],[1422,1159.5],[1422,1157.26],[1421.76,1157.26],[1421.76,1153.5],[1420.76,1153.76],[1420.5,1154.26],[1418.76,1154.26],[1418,1154.76],[1418.26,1153.26],[1419.76,1152.76],[1420,1151.5],[1421.26,1151.76],[1422,1150.76],[1423.26,1150.5],[1424.26,1149],[1424.26,1148],[1423.76,1148],[1424.26,1146],[1426,1145.26],[1426.76,1144.26],[1427.5,1144.26],[1427.76,1143.26],[1429,1143.5],[1429.5,1142.5],[1429.5,1140.5],[1429.76,1139.5],[1428.76,1138.76],[1428.76,1137],[1429.5,1136.76],[1430,1136],[1430.76,1136],[1432.26,1135],[1431,1135],[1430.76,1134.5],[1428.76,1133.5],[1427.76,1133.5],[1427,1132.26],[1424.5,1133],[1423,1132.5],[1422.76,1131.76],[1424.5,1130.76],[1424.76,1130],[1423.5,1130],[1422.76,1129.26],[1422.76,1127.5],[1422,1126.76],[1421,1126.76],[1420.76,1126],[1419.76,1126],[1419.5,1128],[1419,1129],[1418.26,1129.5],[1415.76,1129.5],[1415.26,1129],[1415.76,1128.26],[1416.76,1128],[1416.26,1127.26],[1414.76,1127.26],[1414.76,1126.76],[1412.5,1126.5],[1412.26,1125.5],[1411,1125.26],[1410,1126],[1407,1125.5],[1406.5,1126.5],[1405.5,1125],[1406,1123.5],[1404.5,1123.76],[1404,1124.26],[1402,1125],[1402.5,1126.26],[1402,1127],[1401,1127.5],[1398.5,1127.5],[1398.5,1128.26],[1397.5,1128.5],[1397.5,1129],[1396,1131.26],[1395.76,1132],[1396.5,1132.5],[1394.76,1133.26],[1394.5,1133.76],[1393.26,1133.76],[1392.5,1133.26],[1390.26,1133.26],[1390.26,1134.26],[1389,1134.26],[1388.76,1135.76],[1388.26,1136.5],[1389.26,1136.5],[1389,1137.26],[1390,1137.26],[1390,1138.5],[1388.5,1139.76],[1386.26,1140.26],[1385.5,1139.5],[1384.76,1139.76],[1384.76,1141.5],[1383.76,1142],[1383.5,1143],[1383,1143.26],[1381.26,1143.26],[1381.26,1144],[1380.5,1144],[1379.76,1145.5],[1379.26,1145.5],[1379.5,1146.5],[1377.76,1146.76],[1378,1148.26],[1377.76,1150],[1377.26,1150.26],[1377,1151.26],[1376.26,1151.76],[1376,1153],[1375,1153.5],[1375,1154.5],[1376,1155.26],[1376.26,1156],[1375.5,1156.26],[1374.26,1157.76],[1373,1158.26],[1371.76,1158.26],[1370.5,1159.5],[1370.26,1158.76],[1369.5,1158.76],[1367.26,1160.26],[1366.76,1161],[1366.76,1162],[1366.26,1162.76],[1365.5,1162.76],[1365.26,1164.5],[1364.5,1164.76],[1363.76,1165.76],[1362.76,1166],[1362.26,1166.76],[1361.5,1166.76],[1361,1167.5],[1361.26,1170],[1361.76,1170.26],[1361.76,1171.26],[1360.5,1172],[1360,1173],[1360,1174.5],[1359.26,1175],[1359.26,1176],[1357.5,1176.26],[1357.76,1177],[1356.76,1177.76],[1357.26,1178.5],[1356.76,1179.5],[1356.76,1180.76],[1356.26,1181.76],[1355.26,1182.26],[1352.76,1182],[1352.26,1182.76],[1350.76,1183.26],[1350.76,1181.26],[1351,1180],[1351.5,1179.76],[1351.5,1178.5],[1351,1178.5],[1350.5,1177.26],[1349,1177.76],[1349,1175.5],[1348.76,1175.26],[1350.26,1174],[1350.5,1173.26],[1350.26,1172],[1349.26,1171.76],[1349.26,1171],[1350.26,1170.26],[1351.26,1170],[1351.26,1169],[1352,1169],[1352.5,1168],[1352.76,1166.26],[1351.76,1166.26],[1351.5,1167],[1350.5,1166.76],[1350.26,1167.26],[1349.26,1167.5],[1348.76,1168.26],[1348.26,1170],[1346,1170],[1345.76,1171.76],[1344.5,1172.26],[1343.5,1171.26],[1342.26,1171.26],[1341.76,1172.26],[1340.76,1172.26],[1340.5,1172.76],[1339,1172.26],[1337,1172.26],[1336.26,1171.26],[1335.26,1171.26],[1335.26,1172.5],[1334.5,1173.76],[1332.26,1173.76],[1331,1174.26],[1331,1176],[1332.76,1176.76],[1332.76,1177.26],[1333.76,1178],[1333.26,1179.5],[1333.26,1181.26],[1333,1182.26],[1333.76,1182.5],[1333.5,1184.26],[1333,1185.26],[1333.76,1186],[1336,1185.76],[1336,1188.26],[1337,1188.76],[1336.5,1189.76],[1335.26,1190.26],[1335,1191],[1334.26,1191.26],[1334.26,1193.5],[1334,1194.5],[1333.26,1195.5],[1332.26,1195.5],[1331,1196.5],[1331,1197.26],[1331.76,1197.5],[1331.76,1198.26],[1332.5,1198.5],[1331.76,1200.5],[1331.26,1200.76],[1330.76,1202.76],[1331.76,1203.26],[1331.76,1205],[1332.26,1205.26],[1332,1206.26],[1331.5,1206.26],[1330.76,1208],[1330.26,1208.26],[1330.5,1209],[1331.26,1209],[1330.5,1210.5],[1330.5,1211.76],[1331.26,1212],[1331.26,1213.26],[1330.26,1213.5],[1326.5,1216],[1325.5,1216],[1324.5,1215],[1324.26,1216.5],[1322.26,1216.26],[1320.5,1215],[1320.26,1214],[1319.26,1215.26],[1319.26,1216.5],[1318.76,1216.5],[1318,1215.26],[1316.76,1216],[1316.76,1216.5],[1317.76,1216.5],[1317.76,1217.26],[1318.76,1218.5],[1320,1218.5],[1321,1218],[1320.5,1219.76],[1321,1219.76],[1320.76,1221.5],[1320,1222.26],[1318.76,1222.76],[1316.26,1223.26],[1315.5,1224],[1315.5,1225.26],[1314.76,1225.76],[1313.76,1225.76],[1312.76,1225.26],[1311,1225.26],[1309.5,1225.5],[1308.26,1226.76],[1304.5,1226.76],[1304,1226],[1303,1226],[1302.5,1225.5],[1301.26,1225.26],[1301,1224.5],[1300,1225.26],[1300,1227],[1299.5,1227.5],[1298.26,1227.5],[1297.76,1227],[1295.5,1227],[1295.5,1226],[1297.5,1224.76],[1296.26,1224.76],[1295.5,1224.26],[1293.76,1224.26],[1292.26,1223.26],[1292,1222],[1291.26,1222.26],[1291.26,1223.26],[1290.26,1223.5],[1289.26,1222.76],[1287.5,1223],[1287.26,1221.76],[1287.5,1220.26],[1287,1219.5],[1287,1218.5],[1286,1217.26],[1286,1215.5],[1285,1214.26],[1285,1213],[1284.26,1212.76],[1284.26,1212],[1283.26,1211.26],[1282,1211.26],[1282,1210],[1281,1209.76],[1280.5,1209],[1279.5,1209],[1279.5,1208.5],[1277.5,1207.5],[1277.5,1206.26],[1278.76,1205.5],[1279,1204.5],[1278,1203.76],[1278,1203.26],[1279.26,1203.26],[1280,1204],[1282.5,1204.26],[1282.5,1203.5],[1281.5,1202.76],[1278.76,1202.26],[1279,1201.5],[1278.26,1201.26],[1278.26,1200.5],[1276,1199],[1275.76,1200],[1274.5,1200],[1273.26,1199],[1272.26,1197.26],[1271.5,1197],[1271.76,1196],[1271,1195.5],[1271,1193.5],[1271.26,1193],[1269.5,1193],[1268.26,1191.26],[1267.5,1191.76],[1266.5,1191.76],[1266.5,1191],[1265.5,1190.76],[1265.26,1191.26],[1264.26,1191.5],[1264,1192],[1263,1192],[1262,1191],[1260.5,1190.5],[1260.26,1189.26],[1259.26,1189],[1257.26,1189.26],[1257.26,1190],[1256.26,1189.76],[1253.76,1189.76],[1253.76,1188.5],[1254.5,1188],[1254.26,1186.76],[1252.76,1185.26],[1252.76,1184.76],[1251.5,1184.76],[1251.5,1183.76],[1250.76,1182.76],[1250.26,1181.5],[1250.5,1180],[1250,1179.26],[1248.5,1179],[1248.76,1177.26],[1249.5,1176.76],[1249.76,1176],[1252,1176],[1252.26,1174.76],[1253.26,1174.26],[1253.26,1172.5],[1252.26,1171.76],[1252.26,1170.26],[1251.76,1170.26],[1251.76,1169],[1253,1168.26],[1253.76,1167.26],[1254.5,1167.26],[1255.26,1165.5],[1256.26,1165.5],[1256.26,1164.76],[1257.5,1164],[1257.5,1162],[1257.76,1161],[1257,1160.26],[1256.76,1159.26],[1258.5,1158.26],[1259,1159],[1261,1159.5],[1261,1158.76],[1261.76,1157.76],[1263.76,1157.76],[1264,1157.26],[1264.76,1157.5],[1265.76,1157.26],[1265.76,1155.76],[1265.26,1155.5],[1266.26,1153.76],[1268,1153.76],[1268.26,1151.5],[1270,1150.26],[1270,1149.26],[1269.5,1149],[1269.5,1148],[1269,1147.5],[1268,1147.5],[1267.76,1146.76],[1268.26,1146],[1270,1146.26],[1270.5,1145.5],[1271.26,1145.5],[1272,1144],[1273,1144],[1273.26,1142],[1272.76,1141.76],[1272.5,1140.5],[1271.26,1139.5],[1272,1138.5],[1272.5,1137.26],[1271.5,1136.5],[1271.5,1135.5],[1270.26,1135.26],[1270,1134.26],[1269.5,1134.26],[1269,1133],[1268,1133],[1267.5,1134],[1266,1134],[1265.26,1134.5],[1262.76,1134.26],[1262.26,1133.76],[1260.5,1133.76],[1259.5,1134],[1257.5,1134],[1256.26,1133.26],[1254.76,1133.26],[1252.76,1132],[1251.5,1132],[1251.26,1131.5],[1248.5,1131.5],[1247.76,1132],[1247.5,1133],[1247,1133.26],[1246.76,1134.5],[1246.26,1135.26],[1246.26,1137],[1244.76,1138.5],[1245.26,1137.26],[1245.26,1129.5],[1245.76,1129.5],[1246,1128],[1246.5,1127.5],[1246.5,1122],[1246.76,1122],[1246.76,1119.5],[1246.5,1117.76],[1247,1117.5],[1247.5,1114.26],[1249.26,1110.26],[1249.76,1109.5],[1250.76,1109.76],[1250.76,1111],[1249.76,1113],[1249.76,1115.5],[1249.5,1115.5],[1249.5,1118],[1249.76,1118.76],[1249.26,1119.5],[1249.26,1122.26],[1249.76,1123.26],[1249.76,1126],[1250,1127],[1251.5,1129.26],[1252.76,1130.26],[1253,1131],[1254.5,1131.5],[1258.26,1131.5],[1259.76,1132.26],[1260,1132.76],[1261.26,1132.76],[1262.76,1130.76],[1264,1130.5],[1264.5,1130],[1265.76,1130],[1266,1129.5],[1267,1129.26],[1268,1128.26],[1269.26,1128.26],[1270.26,1127.5],[1270.76,1126.5],[1271,1125],[1271,1123.26],[1272,1122.26],[1272.26,1120.76],[1272.76,1120.26],[1272.76,1119.26],[1273.26,1119],[1274,1116.76],[1274.5,1116.5],[1274.5,1114.5],[1273.5,1113.76],[1273.5,1110.5],[1273,1109.5],[1272.26,1109],[1272,1108],[1271,1107.76],[1270.5,1107],[1270.76,1105],[1272,1104.26],[1274.76,1104.26],[1275.26,1105.26],[1274.26,1106],[1274.26,1108],[1275,1109],[1275,1111],[1275.76,1112.26],[1275.76,1115],[1277,1116],[1279.26,1115.76],[1279.76,1115.26],[1281.5,1115.26],[1282.26,1114.76],[1283.76,1115],[1285,1114.5],[1285.5,1113.76],[1287.26,1113.26],[1288.5,1111.76],[1289.5,1111.76],[1289.76,1111],[1291.26,1110.5],[1291.76,1109.26],[1291.5,1107.26],[1292,1106.76],[1292,1105.26],[1292.76,1104.26],[1292.76,1100.76],[1292,1099.76],[1291.5,1097.5],[1291,1097.26],[1291,1094.5],[1291.76,1093.5],[1291.76,1091.76],[1289.76,1090],[1288,1090],[1287,1090.76],[1284,1090.76],[1282.76,1091.26],[1279.5,1091.26],[1278.5,1091],[1277.5,1090.26],[1278,1089.5],[1279.76,1088.76],[1281.26,1088.76],[1282.26,1088.26],[1284,1088.26],[1284.5,1087.76],[1286.26,1087.5],[1287.26,1086.76],[1287.26,1086.26],[1291.26,1084.5],[1291.5,1083.76],[1291,1083.5],[1291.26,1082.26],[1290.5,1082],[1291,1080.5],[1290,1079.76],[1289.26,1078.76],[1289.26,1077],[1289,1076],[1287.26,1075],[1285.76,1074.76],[1283.5,1076],[1281.5,1076],[1281,1076.5],[1279.5,1077],[1278.26,1076.76],[1278.5,1076],[1279.5,1075.26],[1281.26,1075.5],[1281.26,1075],[1282.5,1074.76],[1283.5,1074],[1284.76,1072.26],[1286.26,1071.5],[1286.26,1070],[1285,1067.5],[1284.76,1066],[1284.26,1065.5],[1284,1064],[1282.76,1061.76],[1282.76,1059.76],[1283,1059.76],[1283,1057.76],[1282.76,1057.76],[1282.76,1055],[1282.26,1054.5],[1282.26,1052.76],[1281.76,1052.26],[1281.76,1050.26],[1281.5,1050.26],[1281.5,1048.5],[1281,1047.76],[1281,1046.26],[1280.5,1045.76],[1280.5,1044.76],[1279.5,1043],[1279.5,1042],[1280.5,1041.5],[1280.76,1043.5],[1281.5,1045],[1281.76,1047.5],[1282.76,1049],[1282.76,1051.26],[1283.26,1052],[1283.26,1053],[1284.5,1053],[1286.5,1048],[1287.5,1048],[1288,1047.26],[1288,1044],[1288.26,1043.26],[1287.76,1042.5],[1288,1041],[1287,1039.5],[1287,1038.26],[1285.76,1035.76],[1285.76,1032],[1285.5,1032],[1285.5,1030.26],[1285,1029.5],[1285,1028.26],[1284.5,1027.5],[1284.5,1024.76],[1284.76,1024.76],[1284.76,1022.5],[1284.5,1022.5],[1284.5,1020.5],[1285.5,1020],[1286.5,1021.26],[1287.5,1023.76],[1287.5,1027.5],[1287.26,1029],[1287.76,1030],[1289.5,1031.26],[1289,1032.76],[1288.5,1033],[1288.5,1035.5],[1289.26,1037.26],[1289.5,1038.5],[1289.26,1040.26],[1290.5,1040.26],[1290.76,1041.76],[1292,1041.76],[1292.5,1042.26],[1293.5,1042.26],[1293.76,1041.5],[1294.5,1041],[1295.5,1041],[1296,1040.5],[1295.5,1039.76],[1295.5,1038.76],[1295,1038.26],[1295,1037.26],[1296.5,1036.5],[1296.76,1035],[1296,1034.5],[1296.5,1032.76],[1297.5,1032],[1297.76,1031],[1298.26,1030.76],[1299.5,1027.76],[1300.26,1026.76],[1300.26,1023.5],[1300.76,1022.5],[1300.76,1017.5],[1300.26,1016.5],[1300,1015],[1300,1012],[1299.26,1010.5],[1299.26,1008.26],[1299.76,1008.26],[1300.5,1009.5],[1301,1009.5],[1301.5,1011],[1302,1011.26],[1302,1013],[1303.26,1013.26],[1304.26,1014.26],[1306.76,1014.26],[1307.26,1013.76],[1307.26,1012.5],[1307.76,1012.26],[1307.5,1010],[1308.26,1009.5],[1309.26,1010.26],[1310.5,1010.5],[1312.26,1010.5],[1313.26,1010],[1313.26,1009.5],[1314.26,1009],[1315.26,1009],[1316,1009.5],[1317,1008.76],[1317,1007.26],[1318.76,1007.5],[1319.76,1007],[1320.76,1005.5],[1320.76,1002.26],[1321.5,1002.26],[1321.5,999.5],[1320.5,999],[1320,998.26],[1320,997],[1320.5,996],[1320,996],[1319.76,994.5],[1318.5,993],[1318.5,992],[1318,991.26],[1318,989.5],[1318.26,988.5],[1319,988.26],[1318.76,985.76],[1317.5,984.76],[1316.76,983.76],[1316.26,982.26],[1315.5,981.76],[1314.76,980],[1314.26,979.76],[1313.26,978.26],[1311.76,977.5],[1309.26,976.76],[1308.76,976],[1308.76,975],[1309.76,974.76],[1310.5,975.26],[1312,973.5],[1310.76,972.76],[1311,971.26],[1310.5,970.76],[1309.26,970.76],[1308.76,970],[1308,970],[1308.26,968.26],[1308.76,967.5],[1310.5,967.76],[1311.5,967],[1311.26,966],[1310.5,965],[1312,964.76],[1312.5,963.76],[1313.5,963.26],[1313.5,962.26],[1312,961.26],[1312.5,960.26],[1312.5,959.26],[1311.5,958],[1310.5,958.5],[1309.26,958.5],[1308,959],[1306,960.26],[1306,960.76],[1304.76,962.5],[1303.5,963.26],[1302.26,963.5],[1300.5,963.5],[1298.5,964.26],[1297.26,964.5],[1294.26,964.5],[1293,965.5],[1292.76,966.5],[1292,967],[1290.76,969.26],[1289.76,969.5],[1290.26,967.5],[1289.26,966.76],[1287.76,966.5],[1288,966],[1290.26,966],[1291.5,965],[1291.5,964.5],[1292.5,964],[1293.26,962.76],[1298.5,962.76],[1301.5,961.5],[1303.76,960.26],[1303.76,959.26],[1305.5,958],[1308.26,957.5],[1311.76,957.5],[1311.76,957],[1312.76,957],[1313.26,956.5],[1313.26,954.76],[1312.5,954.26],[1313,953.26],[1314,953.26],[1314.5,952.76],[1314.5,951.76],[1314,951.5],[1313.76,950.5],[1312.5,950.26],[1312.26,949.5],[1313,949],[1313,947.5],[1312.26,946.76],[1312.26,945.76],[1311.76,945.26],[1310.26,944.76],[1311,944],[1311.5,942.5],[1312.76,941.76],[1313.76,941.76],[1314.5,940.5],[1315.5,939.76],[1318,939.76],[1318.26,939.26],[1319.76,939],[1320.26,938.5],[1322.5,938.5],[1322.5,938.26],[1324.26,938.26],[1324.76,939.26],[1325.76,939.76],[1328,939.76],[1329.5,939],[1331.5,939],[1331.76,938.5],[1333,938.5],[1333.5,938],[1334.76,938],[1335.5,937.5],[1336.5,937.5],[1337.5,937],[1340.5,936.76],[1341.5,936.26],[1342.26,935.26],[1343,935],[1345.26,935],[1346,934.5],[1346.76,933.26],[1347.76,932.76],[1349.5,932.5],[1351.76,931.5],[1352.76,931.5],[1353.76,931],[1357.26,927.76],[1357.26,927.26],[1359.5,924.76],[1360.5,924],[1361.76,923.5],[1364.26,921.76],[1365,920.26],[1366.26,919.26],[1366.26,918.76],[1367.26,917.26],[1367.76,915.26],[1368.5,915],[1370,913.76],[1371.76,913.76],[1373,913],[1375.76,913],[1376.76,913.5],[1378.26,913.5],[1379,912.5],[1379.76,912.26],[1380.26,911.5],[1381.76,910.76],[1385.76,910.76],[1386.76,910.5],[1387.76,909.5],[1389.76,908.76],[1393,906.5],[1393.76,906.26],[1395.5,906.26],[1397.76,907.26],[1400.26,907.26],[1401.76,906.76],[1404.26,905.26],[1405.76,905],[1407.5,903.76],[1407.26,903.26],[1406.5,904.26],[1405.26,904.76],[1404.26,904.76],[1401.76,906.26],[1400.26,906.76],[1398,906.76],[1395.76,905.76],[1393.26,905.76],[1393.26,906],[1391.5,906.5],[1391.26,907],[1390.26,907.26],[1386.5,910],[1381.5,910],[1379.5,911],[1378.26,912.26],[1376.5,912.26],[1376.5,912],[1373,912],[1371.76,912.76],[1370,912.76],[1369,913],[1368.76,913.5],[1367.5,913.5],[1366.76,914.5],[1366,917.76],[1365.5,918.5],[1362,922.26],[1361.5,922.26],[1360.5,923.5],[1360,923.5],[1358.76,925],[1358.26,925],[1354,929.5],[1352.76,930.26],[1351.26,930.26],[1351,930.76],[1350,931],[1349.76,931.5],[1345.76,932.76],[1344.76,934],[1342.26,934],[1341.26,934.5],[1340.5,935.5],[1339,936],[1336.5,936.26],[1334,937.26],[1331.26,937.26],[1331.26,937.5],[1329,938],[1328,938.76],[1326.26,938.76],[1324.26,937],[1322.76,937.26],[1321,937.26],[1320.76,937],[1321,935.5],[1320,935],[1319.5,934.26],[1319.76,932.76],[1319,932.5],[1318.76,931.5],[1317.76,931.76],[1317.5,931.26],[1317.76,929],[1317,928.76],[1316.26,929.26],[1316.26,928.5],[1315,928.5],[1314.26,927],[1312.26,926.76],[1311,928.26],[1309.76,929],[1308.5,931],[1306.5,932.26],[1306,933.26],[1304,933.5],[1302.26,935.76],[1301.26,936.26],[1299.76,936.26],[1298,937.26],[1297.26,937.26],[1296,938.5],[1293.26,939.5],[1292.26,940.5],[1289.76,940.5],[1288.76,941.26],[1286.5,941.26],[1285.26,941.5],[1285.26,940.5],[1286,940.5],[1286.26,939.76],[1285.26,939],[1284.26,939],[1283.5,938],[1282.26,938],[1281.76,938.5],[1280.76,938.5],[1280,937.5],[1279,937.5],[1279,938],[1277.76,938.5],[1278.26,939.5],[1278.26,940.5],[1275.5,940.5],[1275,941.26],[1273.5,941.26],[1273,940.5],[1272,940.76],[1272,941.76],[1271,942.76],[1270.26,942.26],[1269,942.26],[1267.76,943.26],[1267,942.76],[1265.26,942.76],[1265,942.26],[1263.5,942.26],[1262.5,943.26],[1261.26,943],[1260.5,943.5],[1260.5,944.26],[1259.76,945.26],[1258.5,945.5],[1258.5,944.76],[1257.5,944.5],[1256.76,945],[1256.26,946],[1255.26,945.76],[1254.5,944],[1253,944],[1252.76,944.5],[1250.76,944.76],[1250.26,946.26],[1249.5,946.26],[1249,945.26],[1248.26,945.26],[1247.5,946],[1245.76,946.5],[1245.26,945.26],[1244.5,944.5],[1243.5,944.5],[1243.5,945],[1241.76,946.5],[1240.76,946.5],[1239.5,944.76],[1239,945.26],[1237.76,945.26],[1236,944.5],[1234,945.26],[1233.76,944],[1232.76,943.5],[1232.26,942.26],[1232.76,942],[1232.5,940.5],[1230.76,940.76],[1230.26,940],[1229,940.26],[1228.76,939.76],[1227.26,939.76],[1226.26,940.76],[1226.26,941.26],[1224.76,941.26],[1223.5,940.26],[1222.5,940.26],[1222,939.76],[1220.5,939.5],[1219,938.5],[1219,938],[1216.76,938.5],[1215.26,938.5],[1214,939],[1211.26,939.26],[1210.5,939.76],[1209.26,940],[1207.5,940],[1206.5,940.5],[1205,940.5],[1202,941.26],[1200,941.26],[1200,941.5],[1189.76,941.5],[1188.76,942],[1188.26,942.76],[1186.5,943.26],[1185.26,944.76],[1184.76,944.76],[1184.5,945.76],[1183.76,946],[1182.76,947.5],[1182.5,949],[1178.5,946.76],[1175.76,946.76],[1175.76,947.26],[1173.5,947.5],[1173,947],[1171.5,947.26],[1171,947.76],[1170,947.76],[1169.5,948.26],[1168.26,948.26],[1166.76,949],[1164.76,949],[1162.26,949.76],[1159.5,951.26],[1158.5,951.26],[1157.26,952],[1156.26,953.26],[1154.5,954.26],[1153,954.5],[1152.26,955.5],[1150.26,956.26],[1150,956.76],[1148.26,957],[1147.76,956.5],[1144,955.76],[1143.76,955.26],[1142.76,955],[1141.76,954],[1139.5,954.26],[1139.26,954.76],[1136.26,954.76],[1135.76,955.26],[1134,955.26],[1133.5,955.76],[1132.26,955.76],[1131.5,956.26],[1130.5,956.26],[1130.26,956.76],[1126,956.76],[1126,956.5],[1124.26,956.26],[1124,955.76],[1114.76,955.76],[1113.76,955.5],[1113.26,956],[1113.5,957.26],[1114.26,957.76],[1114.76,960.26],[1115.26,960.76],[1115.76,962.5],[1116.5,963.26],[1116.5,964.76],[1117,965],[1118,966.5],[1118.76,966.76],[1120.5,968.26],[1120.5,969.5],[1119.5,969.5],[1118.26,967.76],[1117.26,967.5],[1116.26,965.76],[1116.26,965],[1115.5,963.76],[1114.26,962.76],[1114.26,961.76],[1112.76,959.26],[1112.76,958.5],[1112,957.5],[1112,956.5],[1111.5,956],[1111,953.76],[1110.26,953.5],[1109.76,952.5],[1110.26,950.76],[1109.76,949.26],[1110.26,948.76],[1109.26,948.76],[1109.26,948],[1108.26,948],[1107.26,949.26],[1106,949.26],[1106,948.5],[1105.26,948.26],[1103.76,948.5],[1102,947.5],[1100.76,948],[1099.5,947.76],[1099.26,947],[1098.5,947],[1098,948.76],[1098,950.76],[1098.5,951.26],[1098.26,953.26],[1096.5,954.76],[1095.5,956.5],[1095.26,958],[1094.76,958.26],[1094.76,959.26],[1094,959.76],[1093.76,960.76],[1093.76,963.5],[1094.26,964.26],[1094,966.5],[1094.5,967.26],[1094.5,968.26],[1095,968.5],[1095.26,969.76],[1095.76,969.76],[1096.76,971.26],[1096.76,972],[1098.26,973.5],[1098.26,974.26],[1099.26,975],[1099.5,976.76],[1100,977.26],[1100.76,979.5],[1101.76,980.76],[1101.26,982.26],[1101.26,984],[1101,984],[1101,986],[1100.26,987],[1099.76,988.76],[1098,989.5],[1097.26,990.5],[1096.76,990.5],[1096,992],[1094.76,993],[1093.26,995.26],[1092,995.5],[1091.5,996.26],[1088.5,997],[1087.26,997.5],[1086.26,998.5],[1085.26,998.76],[1084.76,999.5],[1082.76,1001],[1082,1002],[1081.5,1003.5],[1081.5,1005],[1080.76,1005.76],[1080.5,1006.76],[1079.26,1008.5],[1079.26,1009.26],[1078,1010.26],[1078,1010.76],[1076.26,1012.76],[1076,1015.26],[1075.5,1016.76],[1074.76,1017.76],[1074,1017.76],[1074,1016.76],[1074.5,1015.76],[1074.5,1014],[1074.76,1014],[1074.76,1012.26],[1075.26,1011.26],[1076.26,1010.26],[1075.5,1008],[1077.26,1007.26],[1077.5,1006.76],[1078.76,1006],[1079,1004.5],[1077.76,1002.76],[1074.5,1002.76],[1073.26,1003.76],[1072.26,1004],[1074,1001.76],[1075,1001.26],[1077.76,1001.26],[1077.76,1001.5],[1079.5,1001.5],[1080.76,1001],[1081.76,999.76],[1082.5,999.26],[1083.76,999],[1084.26,998.26],[1086.76,996.76],[1087.5,996.76],[1088.26,996],[1089.26,996],[1089.76,995.5],[1090.76,995.5],[1091.26,994.76],[1093.76,992.76],[1094.76,991.26],[1095.26,991.26],[1096.26,990],[1097,989.76],[1097,988.76],[1097.5,988.5],[1098.26,987.26],[1099,987.26],[1099.76,986.5],[1099.76,985],[1100.26,984],[1100.26,980.76],[1099.76,979.76],[1099.76,978.5],[1098.26,976.76],[1097.5,975],[1096,973.76],[1095.76,972.5],[1093.76,971],[1093.76,969.5],[1093,968.5],[1093,965.5],[1092.26,963.76],[1092.26,962.26],[1091.76,961.76],[1092,960.76],[1092.5,960.5],[1092.5,956.5],[1092.76,955.26],[1093.5,954.5],[1094,953.26],[1094,952],[1094.76,951],[1095.26,951],[1095.5,949],[1096.5,948.5],[1096.76,947.5],[1097.26,947.26],[1098,945.26],[1099.76,943.76],[1100,942.5],[1100.76,941.76],[1101,940.76],[1101,939],[1100.5,937.5],[1101.26,937],[1101.26,936.26],[1102,935.26],[1102,934.26],[1102.5,933.26],[1102.26,932],[1100,930.76],[1099.26,930.76],[1097.76,929.76],[1096.76,929.76],[1095.76,928.76],[1093.76,928.76],[1092.5,929.26],[1090,929.26],[1089,929],[1087.76,928.26],[1086.26,928.26],[1085.5,929],[1084.76,928.76],[1081.5,928.76],[1080.5,929.5],[1079.26,929.76],[1079,932],[1077.5,932.76],[1077.26,933.76],[1075.76,935.5],[1075.5,936.5],[1073.26,939.5],[1073,940.76],[1073,943.76],[1072.5,944.26],[1072.5,945.26],[1072,945.76],[1071.76,947.76],[1071,948],[1070.5,948.76],[1069.5,949],[1069.5,945.5],[1070.5,943.76],[1071.76,942.76],[1072,941.76],[1072.5,941.5],[1072.76,939],[1073.26,938.76],[1073.5,937.5],[1074.26,936.76],[1074.76,935.5],[1075,933.76],[1076,932.76],[1075.76,930],[1075,929.5],[1071.26,929.5],[1070.76,928.26],[1069.76,928.26],[1067.76,927],[1065,927],[1064.5,926.5],[1062.5,926.5],[1060.76,928],[1060.76,928.5],[1059.76,929.5],[1058.76,932],[1056.5,933],[1055.76,934],[1053.76,935],[1051,935.26],[1049.5,936.76],[1048.76,937],[1047.26,938.26],[1046.76,939],[1046.76,940],[1046.26,940.76],[1044.5,941.76],[1044.5,942.26],[1042,946.26],[1041.5,948.5],[1040.76,949.26],[1040.76,950],[1040,950.5],[1039.76,951.5],[1038.76,952.5],[1038.76,954],[1039.76,955],[1040,957],[1041.26,958.5],[1041.5,959.5],[1044.5,962.26],[1045.76,964],[1047.5,965.5],[1048.26,967.26],[1049,968.26],[1050,969],[1050.76,970.26],[1051.5,970.26],[1052.5,971],[1053.26,971],[1054,971.76],[1054,976.26],[1054.26,976.26],[1054.5,978],[1055,978.26],[1055,982.5],[1054.26,982.26],[1054.26,981.5],[1053.26,981.76],[1054.26,980.5],[1054.26,979.26],[1053.5,978.5],[1053.5,977.76],[1051.76,975.76],[1050.76,975.76],[1050.5,976.76],[1049.5,978],[1049.26,979.5],[1048,980.5],[1048,981.26],[1047.26,982],[1047.26,987.5],[1046.5,988],[1046.5,989.5],[1045,987.5],[1045.5,986],[1045.5,985],[1046.26,983.5],[1046.26,981.76],[1047.26,980],[1047.5,978.5],[1048.76,976.76],[1049,974.76],[1049.5,973.76],[1049.5,971.76],[1049.26,971.76],[1047.76,970],[1046.76,969.5],[1045.76,967.76],[1045.5,966.5],[1044,965.26],[1042.5,962.76],[1041,962],[1040.26,961],[1040,959.26],[1038.76,957.76],[1038.26,955.76],[1037.5,954.76],[1037.5,954],[1036.76,953],[1036.76,951],[1037.76,950],[1038.76,948],[1040,946.76],[1040.5,944.26],[1041.5,943.5],[1041.76,942.26],[1041.26,941.76],[1037.5,941.76],[1037.5,942],[1032,942],[1030.76,942.76],[1029.26,942.76],[1028.26,943.5],[1026.76,944],[1025.26,945.76],[1023.76,946.5],[1023.76,947.26],[1022,949.26],[1021.76,950.26],[1020.76,951],[1019.5,951.26],[1018.5,952.5],[1017.26,953],[1015.76,954.5],[1015.76,955.76],[1016.76,957.26],[1016.76,960.26],[1015.76,962],[1015.76,963.26],[1014.5,966],[1014.5,968],[1015.5,969.5],[1015.5,973],[1017.26,976],[1017.76,978.76],[1017,979.5],[1017,981.76],[1017.26,982.5],[1018.5,984],[1019.5,984.5],[1019.76,985.26],[1018,985.26],[1018,985.76],[1019.26,986.5],[1019.26,987],[1021.5,989],[1021.5,989.5],[1022.76,990.5],[1022.76,994],[1023,995.5],[1023.5,995.76],[1023.76,996.76],[1024.76,998],[1023.76,998.26],[1023.76,997.76],[1022.5,997.5],[1021.76,996],[1021.26,993.5],[1021,991.26],[1019.26,989.26],[1017.76,988.5],[1017.26,987.5],[1016,986.76],[1016,987.26],[1014,988.5],[1013.26,989.5],[1011.26,990.5],[1011.76,989.26],[1012.76,989],[1013,988.26],[1014.26,987.26],[1014.26,985.5],[1014,984.26],[1014.5,984],[1014.76,981.76],[1013,979.26],[1013,978.5],[1014.26,976.76],[1014.26,974.26],[1014.5,973.5],[1013.76,973],[1013.76,970.76],[1013.5,970],[1012.76,969.5],[1012.76,967.76],[1013.26,967],[1013.26,965.5],[1014.5,962.76],[1014.5,957.76],[1014.26,957],[1013.26,957],[1012.26,958],[1011.76,959.26],[1010.5,960.26],[1010,961.26],[1009.26,964.76],[1008.5,965.26],[1008,966.5],[1006,968],[1004,970.5],[1002.5,971.76],[1002.26,972.76],[1001.76,973],[1000.5,976],[996.26,980.5],[995.76,980.5],[994.26,982.26],[993.76,982.26],[993,984],[991.76,985],[990.26,987.26],[989.26,987.26],[990,986.26],[990.26,985.26],[991,984.76],[991.26,983.76],[992.5,982.5],[992.5,982],[995.26,979.5],[995.76,978.26],[997.26,977],[997.26,976.5],[998.26,975.76],[999,974.26],[1000.26,973.26],[1001,972.26],[1002,969.76],[1004,967.26],[1004.26,965.76],[1004.76,965.26],[1004.76,964],[1005.5,963],[1008,961],[1008.26,960],[1009.76,958.26],[1009.76,957.5],[1010.5,956],[1010.5,953.5],[1009,952.76],[1006.76,952.76],[1006.76,953],[1003,953],[1002.76,953.5],[1001.76,953.5],[1001.5,954],[1000.5,954],[999.76,954.76],[997,954.76],[996.5,955.26],[994,955.26],[993,955.76],[991.26,958],[989.5,958.26],[988.76,958.76],[987.76,958.76],[987,959.26],[983.5,960],[983.26,960.5],[981.26,960.5],[980.26,960.26],[980,961],[979.26,961],[977.26,962.5],[976.76,962.5],[976.5,961.5],[977.5,960],[978.26,959.5],[978,958.26],[976.5,958.26],[975.26,957],[975.26,956.26],[973.26,954.76],[973,952.76],[972.5,952],[972.5,950],[973,949],[972.26,946],[971,946],[970.26,945.5],[969.76,943.76],[969.76,942],[970,942],[970,940],[969.76,938.76],[970.76,938],[970.26,935.26],[969.76,935.26],[968.26,934.26],[967,934.26],[965.76,933.5],[963.26,933.76],[962.26,932.76],[961,932.26],[960,931.5],[959.26,930.5],[958.76,930.5],[958,929.26],[957,929.26],[957,930.5],[956.26,931],[955.26,931],[952.5,932.26],[953.5,933.76],[951.76,933.76],[950.5,934.76],[947.26,934.76],[947,934.26],[945.5,934],[945.26,935.5],[944.76,936.26],[943,936.5],[942.5,937.76],[941.5,938],[941.26,938.76],[941.76,939],[941.5,940.26],[940.76,940.76],[940,942],[939.5,941.5],[937.5,941.76],[937.5,942.26],[935.5,942.26],[935,940.76],[933.5,940.26],[932.5,939.5],[930.76,939.5],[930.5,940.26],[931.26,941],[930.76,941.26],[930.5,942.5],[929.26,942.26],[928.76,943.5],[928,944],[925.26,944],[923.76,945],[923,946],[922.26,945.76],[920.76,946.26],[920.26,945.5],[919.5,945.76],[917.26,945.76],[916.26,946.26],[915.5,945.26],[915.5,944.26],[917,943.26],[917.26,942],[916.76,942],[916,941],[915.5,941],[914,939],[914.5,938.76],[914.26,937.76],[912.5,936.76],[912.26,936],[910.76,936],[909.76,934.76],[908.76,934.76],[908,933.76],[907.26,933.76],[907.5,932.76],[907.5,931],[908,929.76],[909,929],[909.76,929],[911.5,927.5],[911.5,926.5],[910.5,926],[910,925.26],[908.5,925.76],[907.5,925.76],[907.26,924.76],[906,924.76],[905.5,924.26],[905.5,922.26],[906.5,921],[908.5,921],[908.5,920],[909,919.26],[908.26,918.76],[908.5,917.26],[908,917.26],[907.76,915.26],[908.26,915],[908,913.5],[908.5,913],[908.5,912],[909.5,912.26],[910,913],[911.76,913],[912.26,913.76],[913.26,914],[914,913],[914,912.26],[914.76,911.76],[914.26,910.26],[915,909.26],[915.5,909.76],[916.26,909.5],[916.76,908.76],[916.76,906.26],[917.5,905.5],[916.76,905.26],[916.76,904.26],[917.76,903.76],[919.26,903.76],[919.26,903.26],[920.76,903],[921.5,902],[922.5,902],[923.26,902.76],[924.26,902.76],[924.5,902.26],[928,900.26],[928,899.76],[929,898.26],[929.26,896.26],[928.76,895.5],[928.76,893.5],[929.26,892.5],[930.26,891.76],[931.26,891.5],[931.26,890],[932.76,889.5],[932.5,887.5],[933.76,885.76],[934,884],[934.5,883],[933.76,882.5],[933.5,881.26],[933,881],[933.5,879.5],[932.26,878.5],[932.76,877.26],[931.76,876.5],[931.76,876],[930.76,875.5],[930,874.5],[929,874],[928.76,872.5],[929,872.5],[929.26,871.76],[928.5,871.76],[928.5,871.5],[928.26,871.26],[928,871],[928,870.76],[927.76,870.5],[927.76,870.26],[927.76,870],[927,870],[926.76,870],[926.5,869.76],[928,869.76],[929,869],[931.5,869],[933,868.26],[934.26,868.26],[935.26,869.26],[935.76,869],[937.5,869],[937.76,869.76],[938.5,868.76],[939.76,866.5],[940.26,866.5],[940.5,865.5],[941.5,865.76],[944.26,865.76],[944.26,865.5],[946,865.26],[946.5,864.5],[948,864.5],[949.5,863],[950,862],[951,862],[952.5,860.5],[952.5,858.76],[953.76,858],[953.5,856.76],[954.76,855.26],[955,853.5],[953.5,853],[952.76,851.26],[951.26,851.26],[951,850],[951,848],[949.76,847.76],[949.26,846.5],[946.76,846.5],[946.26,846.26],[946.26,844.76],[947,843.76],[947,841.76],[947.26,841.76],[947.26,839.76],[946.26,838.76],[946,837.76],[945.5,837.5],[944.76,835.5],[944.26,835.26],[943.76,833.76],[943.26,833.5],[943,832.5],[942.26,832],[942,831],[942,828.5],[940.76,828.26],[940.26,827.5],[938.76,826.5],[938.76,823.76],[938.26,823.5],[938.26,822],[939.26,821.26],[940.26,821.5],[942,821.5],[942.26,820.76],[942,819.5],[939.5,819],[939.5,815.76],[940.76,814.76],[941.26,813.76],[941.26,812.76],[941.76,812.5],[941.76,811.26],[943.5,809.76],[943.26,807.5],[943.76,807.26],[944.5,805.26],[946.26,802.76],[946.26,802],[947.26,801.5],[947.76,800],[949,799.5],[948.76,798.76],[947.76,797.5],[945.76,796.5],[945.26,795.76],[947,795.26],[947.5,794.5],[948.76,794.26],[949.26,793.5],[950,793.5],[950.26,792.76],[951.26,792],[951.26,791.5],[953,790.5],[955,790.5],[955.26,790.26],[955.26,788.5],[954.76,788.26],[954,785.5],[954.76,785],[954.76,784.26],[957.26,782.76],[957.26,781],[956.5,780],[956.76,779.26],[956.76,777.26],[957.26,777],[957.26,776],[957.76,775.26],[958,774],[958,771.76],[959.26,770.5],[959.5,769.5],[959,769.26],[957.76,765.76],[956.76,765.5],[956.5,765],[956.76,763.5],[955,762.76],[954.5,761.76],[955.76,761.26],[957,759.5],[957.76,759],[956.26,757.76],[957.26,756.26],[957.76,756.26],[958.26,755.26],[960,753.76],[960.5,752],[958.76,751.26],[958,750.26],[958,748.5],[957.76,748],[956.26,748.5],[954.5,748.5],[954.26,747],[954.26,743],[955.5,741.76],[955.5,741.26],[957,739.76],[957,738.26],[956,736.76],[955.26,736.5],[955.5,736],[955.5,734.26],[956.26,733],[956.26,731.5],[955.5,730.5],[956.26,730.5],[956,729],[955.26,728.76],[954,727.76],[954.5,726.76],[957,725],[957,723.5],[956,723.26],[955.76,722.76],[954.76,722.5],[954.76,720.5],[953.5,719.26],[953.76,718.26],[953.76,716.5],[953,715.76],[953,715],[954,714.5],[953.76,713.76],[955.5,713.5],[956.76,712.26],[957.26,712.26],[958,710.5],[958,708.26],[958.26,708.26],[958.26,706.5],[958.5,706.5],[959,704],[959,701.5],[958.26,700.76],[958,699.76],[959.76,699.5],[960.26,698.5],[961.5,698.5],[962.26,697.5],[962.26,696.26],[963,695.5],[963,694.5],[963.5,693.76],[966.5,693.76],[967.5,694],[968.5,693.5],[969.5,692],[969.5,690.5],[970.5,689.5],[975,689.5],[976.26,690],[977,688.76],[978,688],[979.76,688],[980.5,687.5],[980.76,686],[981.5,686],[981.5,682.76],[981,682.5],[981.76,682],[981.76,681],[983.26,681],[984.5,680],[986.5,680],[987.26,679.5],[987.5,678.76],[989.5,677.76],[989.5,676],[987.76,675.76],[987.26,675.26],[987,672.5],[986.26,672],[986.26,670.76],[985.76,670.5],[985.76,668.5],[985.26,668.5],[984.76,667.5],[983,667.5],[982.5,666.26],[983.26,665.26],[983.26,664],[982.76,662.76],[981.76,662.26],[981.5,659.76],[980.26,659.76],[980,660.26],[978,660.26],[977,660],[976,659],[973,658.26],[973.26,655.76],[972.5,654.5],[972.76,653.76],[972.76,651.76],[972,651.26],[971.76,649.76],[972.76,649.5],[973,649],[974.26,648.5],[973.76,647.26],[973.76,646],[974.26,645.26],[975.26,645.26],[975.5,644.76],[976.5,644.5],[976.76,644],[978,643.26],[978.5,642.5],[978.76,641],[980,640],[980.26,638.76],[981,640],[981,642.26],[981.5,643.26],[982.26,643.5],[982.76,644.5],[984.26,645],[984.26,646.76],[984,647.5],[984.76,647.76],[985,648.5],[984.5,649.26],[983.76,649.5],[982.26,651],[984.26,650.76],[986.5,651.26],[987.5,649.76],[988,649.76],[989,648],[991,648],[991.76,648.5],[992.5,647.5],[993,646.26],[995.76,646.26],[998,645],[997,644.5],[996.5,643.76],[995.5,643.5],[995,641.76],[993.76,641.76],[993.26,641],[994,640.5],[995.26,640.26],[996.26,639],[997.5,638.76],[997.5,638],[996.26,636],[996,635.26],[997.76,634.5],[997.26,633],[997.5,630.76],[995.5,630.76],[994.5,630.26],[994.76,629.5],[995.76,628.26],[997.5,627.5],[997.76,627],[998.76,626.76],[1000,625.26],[1002,624.76],[1002.26,625.76],[1003,626.26],[1004.76,626.26],[1005.76,626],[1006,625.5],[1008,624.76],[1008.5,626.76],[1009.26,626.76],[1010.5,625.5],[1012,626],[1014.76,626],[1015.76,625],[1015.76,624],[1016.76,623.26],[1018,623.26],[1018.5,624],[1019,623.26],[1020,623.26],[1020.5,622.5],[1020.5,620.76],[1023.26,620.76],[1023.5,619.76],[1025.76,619.76],[1026.76,619],[1028,617],[1029.26,617],[1029.76,617.5],[1031.26,617.76],[1033.76,617.76],[1033.76,618],[1035.5,618],[1037.5,619.5],[1037.5,620],[1039.26,622],[1040.76,628.5],[1042.26,630],[1042.5,631],[1042.5,635],[1042.76,635.76],[1044.26,637.26],[1046,636.76],[1047.76,636.76],[1047.76,637],[1049.5,638],[1049.76,639.76],[1051.76,642],[1052.26,642],[1053.5,643.26],[1056.5,644.26],[1057,645],[1057,648.26],[1057.26,648.26],[1057.26,652],[1058,652.5],[1058.26,655],[1058.76,655.26],[1058.76,658.5],[1057.76,660.26],[1057.76,661.5],[1058.26,661.76],[1057.76,663],[1057.5,665],[1056.76,665.76],[1057,667.5],[1056.5,668],[1056.5,669.26],[1055.76,670.26],[1056,672.76],[1055.5,673.26],[1055.5,674.76],[1054.5,675.76],[1054.76,677.26],[1056,678.26],[1056,679.76],[1056.5,680.5],[1056.26,682],[1056.26,684],[1057.5,686],[1058,686],[1058.76,687],[1059.26,688.5],[1059.5,691],[1060.5,692],[1061.5,692.26],[1061.5,693],[1062.5,694],[1062.5,696],[1063.5,696.76],[1063.76,698],[1064.76,699.5],[1064.76,702.76],[1065.5,703],[1066.76,704.76],[1067.76,704.76],[1068.5,705.26],[1070.26,708],[1071.5,708.5],[1072.26,709.5],[1074,710],[1075,711],[1074.76,712],[1073.76,713.26],[1073,713.5],[1071.26,713.5],[1071.26,713.26],[1069.5,713.26],[1068.5,712.5],[1066.76,713],[1066.5,713.5],[1065.26,714],[1062.76,714.26],[1061,715.76],[1060.76,716.5],[1060,716.5],[1057.76,718.5],[1055.5,718.5],[1054.76,719.5],[1052.76,719.76],[1051.5,720.76],[1050.5,721],[1047.5,721],[1046,720.76],[1045.26,721.5],[1044,721.76],[1042.76,722.5],[1040.26,722.5],[1039.5,722.76],[1038.76,723.76],[1037,724.5],[1036.76,725],[1035,725],[1034,726],[1032.76,726.5],[1031,726.5],[1030,727.76],[1029,727.76],[1028,728.76],[1028.26,730.76],[1027.26,731.5],[1027.26,732.76],[1029.76,734.76],[1030.5,736],[1030.26,734],[1028.76,732.76],[1028.5,731.76],[1029.5,731.26],[1029.26,729.26],[1030.26,728.5],[1031.26,728.5],[1031.76,727.5],[1034.5,727.26],[1034.76,726.76],[1036,726.5],[1036.5,726],[1037.76,726],[1038.26,725.5],[1039.26,725.5],[1039.76,724.76],[1041.26,724.26],[1043,724.26],[1043.5,724.5],[1044.76,724],[1045.26,723.26],[1046.76,722.76],[1049.5,722.76],[1052.26,722.26],[1051.26,724],[1050.76,724],[1050.26,725.5],[1049.5,726],[1049.5,727.5],[1049,727.76],[1048.76,728.76],[1047.26,730],[1047,732.26],[1046.26,732.76],[1046.26,735],[1046.76,735.26],[1046.5,736.76],[1044.76,738.26],[1044.5,740.26],[1043.76,740.76],[1044.5,743.26],[1045,743.5],[1044.26,745.76],[1044.26,748.5],[1045.26,749.26],[1045.5,750],[1045.26,752.5],[1045.76,753.26],[1047.76,754.26],[1048.76,756.5],[1050,756.5],[1050.5,757.26],[1052,757.76],[1052,759.26],[1051.5,760],[1051.5,761],[1052.26,761.26],[1052.76,762.26],[1052.76,764.26],[1053.5,765.26],[1054.5,765.26],[1055.26,766],[1055.26,767.26],[1057.26,769],[1058.76,769.76],[1059.26,770.76],[1059,771.76],[1059,773.76],[1058.76,774.76],[1059.26,775],[1060.26,777],[1061,779.5],[1062.76,781],[1062.76,783],[1062.26,783.5],[1062.26,785.26],[1061.5,786.5],[1061.5,787.5],[1060.5,788],[1058.76,790.5],[1057.76,790.76],[1056.76,792.26],[1055.76,792.26],[1054.76,793],[1054.76,794],[1053.76,795],[1053,795],[1052,796],[1049,796],[1048.5,796.76],[1047.26,796.76],[1046.26,797.5],[1045.26,797.5],[1044,798.26],[1042.5,798.5],[1041,799.5],[1040.5,801],[1039.76,802],[1038.76,802.76],[1038.5,804.76],[1038,805.26],[1038,806.76],[1037,807.76],[1035.26,808.76],[1032.26,809.5],[1031.5,811],[1031.5,812.76],[1031.76,814],[1030.5,815.26],[1030,815.26],[1029.26,816.5],[1029.26,817.76],[1028.76,818.76],[1027.76,819.5],[1026.5,819.76],[1025.76,822],[1024.5,823.5],[1022.5,823.5],[1021.26,824.5],[1020.26,824.5],[1019.5,823.76],[1015,823.76],[1014.26,823.26],[1012.76,823.26],[1011.76,824],[1011.5,825],[1010,825],[1008,826.5],[1006.5,828.5],[1006,828.76],[1004.26,828.76],[1003.26,829.26],[1003.26,830],[1002.5,830.76],[1001.5,830.76],[1000.5,829.76],[999.5,829.76],[999.26,830.26],[998.26,830.5],[997.76,830],[996.26,829.76],[994,829.76],[993,831],[991,832],[992.5,832],[994,830.76],[995.76,830.5],[996.26,831],[997.26,831],[997.5,831.5],[998.76,831.5],[999.26,831],[1000.76,831],[1001.5,831.76],[1003,831.76],[1003.76,831.26],[1004.26,829.76],[1006.26,829.76],[1007.5,828.5],[1008.26,828.5],[1009.26,830],[1009.26,833.26],[1008,834.26],[1008.5,835.5],[1008,837],[1005.5,837],[1005.26,837.5],[1003.26,837.76],[1002,838.26],[1001.76,839.5],[1001.26,840.26],[999.26,840.76],[998.26,841.5],[998.26,843.5],[998,845],[999,843.5],[999,841.76],[999.76,841.26],[1001,841.26],[1002.26,840.26],[1002.76,838.76],[1005,838.5],[1006,837.76],[1008.5,837.76],[1009.26,837],[1009.26,835],[1009,834.26],[1009.76,834],[1010.26,833.26],[1010.26,832],[1010.76,831.5],[1012.76,832.26],[1013.5,833],[1015,833],[1015.5,833.5],[1017,833.26],[1017.76,834],[1018.76,834],[1019,834.5],[1020.76,834.76],[1021.26,835.76],[1021.26,837.76],[1021.76,839],[1022.76,839.5],[1022.76,841.5],[1024.26,843],[1025.5,843.5],[1025.5,844.26],[1026.26,844.76],[1026.26,845.5],[1027.26,846.26],[1027.5,847],[1030.26,847.26],[1030.76,848],[1031.76,848],[1033,849],[1034.76,849],[1035,848.5],[1037.76,848.5],[1038.26,848.26],[1037.26,847.76],[1035.26,847.5],[1034.76,847],[1031.76,847],[1030.76,846.5],[1030,845.5],[1028.26,845.5],[1027.26,844.5],[1027.26,844],[1026,842],[1024.5,841.5],[1024,840.5],[1024,839],[1022.76,837.76],[1022.76,835.5],[1023,834.76],[1020.76,833.26],[1019.76,833.5],[1018.26,833],[1017.26,831.76],[1014.76,832],[1013.76,831],[1012.5,830.5],[1011,830.26],[1010.26,829.5],[1010,828.5],[1009.5,828.26],[1009.5,827],[1010.26,826],[1012.76,825.76],[1013.5,824.76],[1014.76,824.76],[1015.5,825.26],[1017.5,825.26],[1017.5,825],[1019.5,825],[1021.26,826],[1022.26,825.76],[1022.76,825],[1025.26,825],[1026,824],[1027.26,823],[1027.26,821.26],[1030,819.5],[1030.5,818.5],[1031,816.26],[1032.5,815.26],[1032.5,814.76],[1033.5,814.26],[1033.76,812.76],[1033,812],[1033,810.76],[1033.76,810.26],[1035,810.26],[1035.26,809.76],[1037,809.5],[1037.76,809],[1038.76,809],[1040,807.5],[1040,806.5],[1039.5,805.76],[1040,803.26],[1041,802.76],[1041,802],[1041.76,801.5],[1043.26,799.76],[1045,799.76],[1045,800],[1047.26,798.76],[1047.26,798.26],[1049.76,797.5],[1052.5,797.5],[1053.5,796.5],[1054,796.5],[1054.76,795.5],[1056,794.76],[1056,794.26],[1057,793.76],[1060.26,793.26],[1060.76,792.76],[1060.76,790.76],[1061.26,790.5],[1062.26,789],[1062.76,789],[1063,787.76],[1063.76,787],[1064.5,783.5],[1066,784],[1068,785.26],[1069.5,785.26],[1070.76,786],[1074.76,786],[1074.76,786.26],[1077,786.26],[1077.76,786.76],[1079.76,786.76],[1080.76,787],[1081.26,786.5],[1082.26,786.5],[1083.26,786],[1087,786],[1087.5,786.5],[1089,786.76],[1089.26,787.26],[1090.76,787.76],[1091.26,788.5],[1097.76,788.5],[1098,788],[1099.26,787.5],[1101.76,787.26],[1102.5,787.76],[1104.76,787.76],[1105.5,787.26],[1107.5,787.5],[1108,788],[1110.26,788.5],[1112.26,790.26],[1113.76,790.76],[1114,791.26],[1116.26,792],[1116.5,792.5],[1117.76,792.76],[1120,792.76],[1120,792.5],[1122.76,792.5],[1122.76,792.26],[1124.76,792.26],[1127.26,793.5],[1129,793.5],[1129.76,794],[1131.76,794],[1132.76,793.76],[1133,793.26],[1135.76,792.5],[1136,792],[1138.26,791.5],[1138.5,791],[1140.5,790.26],[1141.76,790.26],[1142,790.76],[1143.5,791.26],[1144.5,793],[1146,793.5],[1147.26,794.76],[1151.26,794.76],[1151.26,794.5],[1153,794.5],[1153,794.76],[1155.5,794.76],[1155.5,794.5],[1157.5,794.5],[1159.76,793.76],[1161.26,792.76],[1163,792.26],[1164.5,790.76],[1165,790.76],[1166.5,789.76],[1168.26,789.76],[1169.76,790.76],[1169.76,791.76],[1170.26,792.5],[1170.5,794.5],[1172.26,796.76],[1173.76,797.5],[1178,798.5],[1179,799.26],[1180.26,802],[1181,802.5],[1183.26,805.76],[1185,806.26],[1185.26,806.76],[1189.5,806.76],[1190.76,805.76],[1191.76,805.5],[1193,804.26],[1193.5,804.26],[1194.26,803.26],[1195.26,803],[1196.76,801.76],[1199.76,801.76],[1199.76,802],[1202.26,802.26],[1204.5,803],[1206.76,803],[1206.76,803.26],[1216.5,803.26],[1218.26,804.76],[1220.5,805.76],[1221,806.5],[1223.26,807.5],[1225,807.76],[1225.26,808.26],[1227.76,809.76],[1227.76,810.26],[1228.76,811.26],[1229,812.26],[1229.5,812.5],[1230.76,815.5],[1231.76,816.26],[1232.76,817.76],[1234.76,818.5],[1235.5,819.5],[1237.5,820.26],[1242.26,820.26],[1243,820],[1243.26,819.26],[1244,818.76],[1244.26,818],[1245.5,817.76],[1247.5,817.76],[1247.5,818],[1249.5,817.76],[1250.5,816.76],[1252.76,816.76],[1253.76,817.5],[1255.26,817.76],[1255.76,818.26],[1258,818],[1259.26,817],[1259.5,815.26],[1260,814.76],[1260,813],[1260.26,812],[1259.76,811.26],[1259.76,810],[1258.5,808.76],[1258.26,807.5],[1257.76,806.76],[1258.26,804.5],[1259.5,802.76],[1261.26,802.5],[1262.26,801.76],[1262.26,800.5],[1263,799.76],[1264.76,799.5],[1265,799],[1266.5,798.76],[1267.5,797.5],[1267.76,795.76],[1268.5,795.5],[1270.26,794],[1270.76,792.76],[1270.76,790],[1270.5,789],[1269.5,788],[1269.5,785],[1268.76,785],[1268.76,787],[1268.5,788.26],[1269.5,789.26],[1269.76,790.5],[1269.76,792.26],[1269.5,792.26],[1269,794],[1267.26,794.76],[1266.5,796.26],[1266.5,797.26],[1265.5,798],[1264.5,798],[1263.76,798.5],[1262,798.76],[1261.26,799.76],[1261.26,800.76],[1260.76,801.26],[1258.76,801.76],[1257,803.26],[1256.76,805.26],[1256.26,806.26],[1256.26,808.5],[1256.5,809],[1258.5,810.5],[1258.5,812.76],[1258.26,812.76],[1258.26,815.76],[1257.76,815.76],[1257,816.76],[1254.26,816.26],[1253.5,815.5],[1252.26,815.26],[1250.5,815.26],[1249.76,815.5],[1248.76,816.5],[1245.76,816.5],[1245.76,816.26],[1243.76,816.26],[1243,816.5],[1242.76,817.26],[1240.5,818.5],[1238,818.5],[1238,818.26],[1235.5,817.5],[1233.5,815.26],[1233,815.26],[1232.5,814.26],[1231.5,813.26],[1231,811.76],[1230.5,811.5],[1230,810.26],[1229,809.5],[1228.76,808.5],[1228,808.26],[1226.5,806.5],[1225.76,806.26],[1225.5,805.5],[1224,805.5],[1222.5,804.76],[1220.76,804.26],[1220.5,803.76],[1219.26,803.5],[1217.26,801.76],[1214,801.76],[1214,802],[1211.76,802],[1210.76,801.5],[1206,801.5],[1206,801.26],[1204.26,801.26],[1203.26,800.76],[1200.5,800.26],[1194.5,800.26],[1194,800.76],[1193.5,802.26],[1192.76,802.26],[1191.5,803],[1190.5,804.5],[1188.26,805.26],[1186.26,805.26],[1183.76,803.26],[1183.76,802.76],[1182,801.26],[1181.26,799.26],[1180,798.26],[1179,796.76],[1177.26,796.26],[1175.5,796.26],[1173.5,795.26],[1171.76,793.76],[1171.76,791],[1171.26,790],[1170.5,789.5],[1170.26,788.76],[1169.5,788.5],[1167.76,788.5],[1166.5,788],[1164.76,788],[1164,788.26],[1162,791],[1160.76,791.5],[1158.5,792],[1157,793],[1155.76,793],[1155,793.5],[1153.26,793.5],[1153.26,793.26],[1148.5,793.26],[1148.26,792.76],[1146.5,792.5],[1145.5,792],[1144.76,790.5],[1143.76,789.76],[1143,789.76],[1142.5,789],[1141.26,788.5],[1140.26,788.5],[1139.26,789.26],[1135,791],[1134.76,791.5],[1132.26,792.26],[1129,792.26],[1127.5,791.5],[1126.26,791.5],[1125.5,791],[1122,791],[1122,791.26],[1119.5,791.26],[1118.26,791.5],[1117.76,791],[1115.26,790.26],[1114.5,789.26],[1112.5,788.26],[1111.5,788.26],[1111.76,787],[1112.5,786.5],[1114.76,786.5],[1116,786],[1116.76,784.76],[1116.5,782.5],[1117.26,782.26],[1117.76,781.5],[1117.76,779],[1115.26,776.26],[1114.76,776.26],[1114.26,775],[1113.26,774.26],[1113.5,772.5],[1113,772.26],[1112.76,771.26],[1113.76,770.26],[1114,768.5],[1113.26,767.5],[1113.26,766.5],[1114.26,765.76],[1115,765.76],[1117,764.5],[1117,762],[1118,761.76],[1118.76,760.26],[1119.76,759.76],[1120.76,759.76],[1121.76,758.26],[1123,758.26],[1125,756.76],[1125,755.5],[1126.5,755],[1127.26,754.26],[1127,753],[1127.5,752.26],[1128.76,752.26],[1129.76,751.76],[1130.5,750.76],[1130.76,749.26],[1132,748.5],[1132,747.76],[1131.26,748.5],[1130,749],[1129.76,750],[1129,751.26],[1127,751.5],[1126.26,752.26],[1126.26,754.26],[1124.76,754.5],[1124,755.26],[1124,756.5],[1122.76,757.26],[1121.26,757.5],[1120,759],[1118,759.5],[1117.26,760.76],[1116,761.76],[1115.76,762.76],[1116.26,764],[1115,764.5],[1114,765.26],[1113.26,765.26],[1112.26,766],[1112.26,767.5],[1113.26,768.5],[1112.76,770.5],[1112,771],[1112.26,772.5],[1112.26,774.76],[1115.5,778.26],[1116,778.26],[1116.76,779.5],[1116.76,781],[1115.26,782.5],[1115.76,783.76],[1115.76,784.76],[1115,785.5],[1111.76,785.5],[1110.76,786.5],[1109.5,786.76],[1109,786.26],[1105.76,786.26],[1105.76,786],[1104,786],[1104,786.26],[1102,786.5],[1101.5,786],[1098.76,786.26],[1098,787.26],[1091.5,787.26],[1090.5,786.76],[1089.26,785.5],[1087.5,785],[1085.5,785],[1085.26,784.5],[1084.26,784.76],[1082.5,784.76],[1081.26,785],[1080.5,785.5],[1076.76,785.5],[1076.76,785.26],[1074,785.26],[1074,785],[1071,784.5],[1070.26,784],[1068.5,784],[1067.26,783.5],[1066.76,782.76],[1064.76,781],[1064.26,780.26],[1064.26,779.26],[1063.26,779],[1062,777.26],[1062,775],[1060.76,774.26],[1060.76,772],[1061.26,771.76],[1061.26,770],[1060,768],[1058.76,767.76],[1057.76,766.26],[1057,766],[1056.5,764.26],[1055.5,764.26],[1054.5,763],[1054.26,761.26],[1053.5,760.5],[1053.5,758.26],[1053.76,758.26],[1053.76,756.26],[1053.5,756],[1051.76,756],[1050.76,755.26],[1050,755.26],[1049.26,754],[1049,752.76],[1048.26,752.76],[1048,751.5],[1047.5,751.26],[1047.5,750],[1046.26,748.76],[1045.76,747.76],[1045.76,746.26],[1046.26,745],[1046.26,743],[1045.76,742.5],[1045.76,741.5],[1046.5,741],[1046.26,739.26],[1046.76,739],[1047.26,737.5],[1048.5,737],[1048.26,734.76],[1047.76,734.26],[1047.76,733],[1048.76,732.5],[1048.76,731.26],[1049.26,731.26],[1049.5,730.26],[1050.26,729.76],[1051,728.5],[1051,726.76],[1051.5,725.76],[1052.76,725.26],[1053,724.26],[1053.5,724],[1054,722.76],[1054,721.5],[1054.76,721.26],[1055.76,720.26],[1057.76,719.76],[1059.76,718.5],[1060.5,718.5],[1061.26,717.76],[1062.26,717.5],[1063,716.5],[1063.5,716.5],[1064.26,715.5],[1066,715.5],[1067.5,714.5],[1069.5,714.5],[1070,715],[1072.76,715],[1072.76,714.76],[1074.5,714.5],[1075,713.76],[1076.5,713],[1076.5,711.26],[1076,710.76],[1076,709.76],[1075.26,708.76],[1072.5,707.76],[1072,706.26],[1070.76,704.5],[1070.26,704.5],[1068.5,703.26],[1067.76,703.26],[1067.5,702.5],[1066.5,701.76],[1066.5,699],[1066,698],[1065,697.26],[1064.76,695.5],[1064.26,695.26],[1064.26,693.5],[1063.76,692],[1062,690.76],[1061.76,689.5],[1061.26,689.26],[1061.26,687.26],[1060.76,687],[1060.5,686],[1059.26,684.76],[1058.26,683],[1058.5,680.76],[1058,680.26],[1058,678.26],[1057,677],[1057,676],[1058,673.5],[1058,671.5],[1057.76,671.5],[1058.26,669.76],[1059.5,667.76],[1059.26,665.76],[1059.76,665.5],[1059.76,664.5],[1060.5,663.76],[1061,662.5],[1061,661.5],[1060.26,660],[1060.26,658.76],[1060.76,658.5],[1061.26,657],[1061.26,654.76],[1061,654.76],[1061,652.26],[1063,650.76],[1063,650.26],[1064.26,649],[1064.26,646.76],[1064,646.76],[1064,645],[1065,643.26],[1066,642.76],[1068.76,642],[1069,641.5],[1070.26,641],[1071.26,641],[1072,640],[1072.5,638.76],[1072.5,635.5],[1073.26,634.26],[1074.26,631],[1074.76,630.76],[1075.26,629.26],[1075.76,629],[1075.76,627.76],[1078.5,625.26],[1080.76,621.26],[1082,620.76],[1083,620.76],[1084,620.26],[1085.76,620.26],[1085.76,620],[1087.5,619.5],[1088.26,619],[1089.26,617.76],[1090,617.5],[1091.26,615.76],[1091.76,615.76],[1094,614],[1096,614],[1096,616.5],[1095.26,617.76],[1095.76,618],[1095.5,620.26],[1096.26,621.26],[1097.76,621.26],[1098.26,622.26],[1099.5,623.26],[1099.26,624.26],[1098.76,624.26],[1098.76,625.5],[1097.76,626.26],[1097.26,628.26],[1099.26,628],[1099.5,627.26],[1101,626.76],[1100.5,628.76],[1100.5,630.5],[1101.26,631.76],[1101.26,633.5],[1098.76,634.26],[1098.26,634.76],[1098.76,635.76],[1100,637.26],[1100,638.26],[1099.5,638.5],[1099.5,640.26],[1101,640.5],[1101.5,639.26],[1102.26,639.26],[1104,640.5],[1104,642],[1104.5,642.26],[1104.76,643.5],[1104.26,643.76],[1104.76,645],[1106.5,645],[1108,643.76],[1108.76,644.26],[1108.5,646.26],[1110,647],[1110.5,648],[1109.5,648.76],[1109.5,650],[1110.5,651],[1111.26,651],[1112.76,652],[1113,652.76],[1114,652.5],[1114.26,652],[1115.76,652],[1115.76,653],[1117.26,654.26],[1118.5,654.26],[1118.76,655.26],[1119.26,655.26],[1119.26,656.26],[1118.26,657],[1118.26,658],[1118.76,658.76],[1120,659.5],[1120,660.76],[1119,663.76],[1117.76,664.5],[1117.76,665.26],[1119.26,666],[1120.26,665],[1122,665],[1123.5,663.5],[1124.76,664.5],[1124.76,665.26],[1125.5,665.76],[1127.26,665.76],[1129.5,665.26],[1130,664.5],[1133,663.26],[1132.76,661.5],[1133.5,660.76],[1135.26,660.5],[1136,660],[1136,657.76],[1137.5,657.76],[1138,657],[1139.76,656.76],[1141.26,655.26],[1141.26,654.26],[1140.5,653.76],[1140.76,653],[1142.76,653],[1142.76,652.76],[1145,651.5],[1146,650.26],[1146.5,650.26],[1146.76,647.76],[1145.26,647.5],[1145.26,647],[1144.26,646.26],[1144.26,645.26],[1145.26,645.26],[1145.76,644.5],[1145.76,642.26],[1147.26,641],[1147.5,641.76],[1148.76,641.76],[1149,642.26],[1150.5,642.26],[1151.5,641.5],[1151.26,640],[1155.5,640],[1157.26,639.26],[1157.26,638.26],[1155,637],[1155.26,636],[1156,635.5],[1156.5,634.26],[1156,634],[1154.26,634.26],[1153.76,633.5],[1154.5,633.26],[1155.26,632.26],[1156,630.5],[1157.26,630],[1157.76,628.76],[1158.5,628.76],[1159.26,627.76],[1160,627.76],[1160,626.5],[1159,624.76],[1158.26,624.5],[1158.76,622.76],[1159.5,622],[1159.5,620.26],[1160,620.26],[1161,619.26],[1161.76,618],[1162.5,617.5],[1164.26,617.5],[1165.26,617.26],[1166.5,616.5],[1166.26,614.5],[1167,613.76],[1167,613],[1169.26,613],[1170.26,611.76],[1174,611.76],[1174.76,611.26],[1177.26,611],[1178.26,610.26],[1178.26,608.26],[1180.26,608],[1180.5,607.5],[1181.5,607.26],[1182.5,606.5],[1183,605.5],[1184.5,605],[1184.76,606],[1184.26,606.26],[1185,607],[1186.5,606.5],[1186.76,605.76],[1187.5,605.5],[1188,606.26],[1189,606],[1189.26,605.5],[1190.5,605],[1191.5,605],[1191.5,606.26],[1192.5,606.76],[1193.76,606.76],[1194.76,606],[1194.76,605],[1196,604.26],[1197,604.26],[1198,605],[1199.76,604.76],[1200,604.26],[1201,604],[1201.76,603.26],[1203,604.5],[1205.5,604.5],[1206,604],[1208.5,603.76],[1208,604.5],[1208.26,605.76],[1207.5,606.76],[1204.5,608],[1204.5,609.26],[1203.76,610.5],[1205.26,610.76],[1206.5,609.76],[1207.76,609.26],[1208.76,609.26],[1210.5,610.76],[1210.5,611.5],[1211.26,611.76],[1212.26,613],[1213,613.26],[1215.26,613],[1215.5,613.76],[1215,614.26],[1215,615.5],[1216.5,616],[1217.76,618.26],[1220,619.76],[1222,619.76],[1223.26,619.5],[1223.26,620.5],[1222.76,620.76],[1223,623],[1221,623.5],[1220.5,624],[1220.26,625.76],[1219.5,626.76],[1218.76,627],[1216.26,627],[1216,628.26],[1215.5,629],[1213.5,628.76],[1212.5,630.26],[1212.5,631],[1211.26,632.76],[1211.26,634.26],[1210.5,635.26],[1209.76,635.26],[1208.76,636.26],[1209.76,636.5],[1210,637],[1211,637.26],[1211.26,638],[1210,638.76],[1210,640],[1208.76,641],[1209.5,641.5],[1210.26,640.76],[1212.5,640.76],[1213,641.5],[1214.26,641],[1215.76,641],[1216,642.26],[1213.5,644],[1213.5,644.76],[1211.26,645.5],[1211.26,647.5],[1210.76,648.26],[1210.76,649.26],[1211.76,648.26],[1212.5,648.26],[1214.26,647],[1214.26,646.5],[1215.26,646],[1216,645],[1217.5,645],[1218.5,646],[1220.26,646],[1221.26,645.26],[1222.5,645.26],[1222.76,646],[1222.5,647],[1223.76,648],[1223.76,650.76],[1224.26,651.5],[1225.5,652.26],[1225.5,653.26],[1226.5,653.76],[1226.5,655.26],[1227.5,656.26],[1227.76,657.76],[1226.76,658],[1226.76,659.26],[1227.76,660],[1228,661.76],[1229.5,662.26],[1230.26,663.26],[1230.26,664.26],[1228.76,664.76],[1228.26,665.5],[1228.5,666.5],[1229.5,666.5],[1230.5,666],[1231.5,664.5],[1232.26,664],[1233.26,664],[1233.76,665.26],[1234.5,664.26],[1235.5,664.76],[1237,665],[1237.26,664.5],[1238.26,664.76],[1238.76,666],[1239.5,666.5],[1239.26,667],[1239.5,668.26],[1240.5,668.26],[1240.26,669.5],[1240.26,672],[1240.5,672.5],[1241.5,672.26],[1242.26,670.5],[1243.5,670.76],[1243.5,670],[1242.76,669.76],[1243.5,669],[1248.76,669],[1249,668.76],[1249,667],[1250.26,665.76],[1252,666],[1252.76,664.26],[1253.5,663.5],[1253.5,662],[1252.76,661.5],[1251.5,661.5],[1250.76,660.76],[1251.76,656.5],[1253.26,657],[1254.26,654.76],[1255.76,654],[1256.76,652.5],[1256.5,651],[1255.76,650.76],[1254.5,649.5],[1253,649],[1253,647.76],[1253.5,647.26],[1253.5,646.26],[1252.76,646.26],[1252.76,644.76],[1253.26,644.26],[1253.26,643.26],[1252.26,642.5],[1251,642.5],[1249.76,642],[1249.76,640.5],[1250.5,639.76],[1250.5,639],[1249.5,638.76],[1249.5,637],[1249.76,635.5],[1249,635.26],[1249,633.76],[1245.26,630.5],[1245,629.5],[1244.5,629.26],[1244,630],[1243.26,630],[1242,628.26],[1239.76,628],[1238.5,627],[1237.26,627],[1237.26,625.76],[1238.26,625],[1238.5,624.26],[1238.26,622.26],[1237.76,622.26],[1236.76,621],[1235.5,620.76],[1235.76,619.76],[1236.5,619.26],[1238.76,618.76],[1239.5,617.5],[1240.5,617.26],[1241.5,616.5],[1241.5,615.5],[1241,614.76],[1241.76,614],[1244,613.76],[1245.76,611.26],[1247.76,611.26],[1248.76,612.76],[1249.76,612.5],[1252,612.5],[1252,612.26],[1255,612.26],[1255.76,610.76],[1256.76,611.5],[1257.5,613],[1257.5,614.76],[1258.76,615.26],[1259.5,616.26],[1260.26,616.26],[1261,615.5],[1262.5,615.5],[1262.5,617.5],[1262.26,618.26],[1260.5,619.5],[1260.26,621],[1260.76,620.76],[1262.5,620.76],[1263.26,621.5],[1264.26,621.76],[1264.76,621.26],[1266,621.5],[1266.5,622.76],[1268.5,624.26],[1269.76,624.76],[1268.26,626.26],[1268.76,627],[1270.76,628],[1270.76,629],[1271.5,628.5],[1273,628.26],[1273.5,630.5],[1273.5,633.26],[1275.76,633],[1275.76,633.76],[1274.5,635.5],[1274.26,637.5],[1278.26,637.5],[1279,638],[1280,637.76],[1280.26,636],[1282,635.26],[1285,635.26],[1285,635.5],[1287,635.5],[1288.5,634.5],[1289.76,634.5],[1290,633.5],[1289.5,632.5],[1290.5,632],[1291,631.26],[1292.26,630.5],[1292.5,629.5],[1294,628.76],[1295.5,628.76],[1296.76,628],[1298.26,627.76],[1298.26,629],[1300.5,627.26],[1300.5,626.76],[1301.5,626.26],[1301.76,625.26],[1300.5,624.26],[1300.5,623.5],[1302.26,622.5],[1302.26,621.76],[1301.26,621.26],[1302.26,619.5],[1302.26,618.76],[1303.26,617.26],[1303.26,615.5],[1303,614.26],[1303.76,613.76],[1307.5,613.76],[1307.5,612.76],[1308,612.5],[1307.76,610.76],[1309.26,610],[1309.76,609],[1311.5,609],[1313.26,608.76],[1313.5,607.26],[1312.26,606],[1312.5,603.76],[1313.76,603.26],[1315,603.26],[1315.26,602.76],[1316.26,602.5],[1316,602],[1316,600.26],[1316.26,599.76],[1317.26,599.5],[1317.76,598.76],[1317.76,597.76],[1319,597.26],[1320.5,595.76],[1321.76,595.26],[1323.26,593.76],[1324.26,595],[1326.26,595],[1326.26,591.5],[1327,590.5],[1328.5,589.5],[1329.26,589.5],[1329.76,588],[1330.5,587.5],[1332,587.5],[1333.5,587],[1334,586],[1334,583.76],[1334.26,582.26],[1334.76,581.76],[1336.26,582],[1338.76,581.5],[1340,581],[1341,579.76],[1341.5,579.76],[1342.5,577.5],[1342.26,576.26],[1340.76,575.5],[1341,574.5],[1341.5,574.26],[1341,573.26],[1341,572.26],[1341.76,572],[1342,571.26],[1342.76,570.76],[1342.76,569.5],[1342.26,569.5],[1340.76,568.5],[1339.76,568.26],[1340,567.26],[1340.5,567],[1340,566.26],[1340.5,564.26],[1341.5,563.5],[1342,561.5],[1342.76,560.5],[1342.5,559.26],[1342.5,556.76],[1343.5,555.26],[1345.76,553.76],[1346.5,552.5],[1346.5,551],[1347,550],[1349.26,550],[1349.76,549.5],[1353,549],[1353.26,549.5],[1353.26,551.76],[1353,552.26],[1351.5,553],[1352.5,553],[1353.26,553.76],[1352.5,555.5],[1353.26,555.26],[1355.76,555],[1356,557],[1356.5,557.5],[1356.26,559.5],[1355.26,560.5],[1355.26,562],[1354.76,563],[1355.5,563],[1357,561.5],[1357,562],[1358.26,562.76],[1358.26,561],[1359.5,560.5],[1360,561.76],[1361,562.26],[1361.76,563.26],[1363.26,563.5],[1363.26,564.26],[1364,564.26],[1365,563.5],[1365.26,562.5],[1367.26,562.26],[1368.26,561.5],[1368.26,561],[1370,561],[1371,560],[1371,559.5],[1372.5,561],[1373.76,561],[1374,559.5],[1374.5,558.76],[1375.76,558.76],[1376.76,558],[1377.5,556.5],[1378.26,556.5],[1378.76,557.76],[1378.76,559],[1380.26,559.76],[1382,559.76],[1382.26,561],[1383.76,562],[1386.76,562],[1388,562.26],[1388.5,561.26],[1388.5,559],[1389.26,558.5],[1389.76,557.5],[1391,557.5],[1392.5,556.5],[1395.26,556.5],[1396.5,556.26],[1397.5,555.26],[1399.76,556.76],[1401.26,556.76],[1401.5,556.26],[1402.5,556],[1403.26,555.26],[1404.76,555],[1405.5,553.5],[1406.5,553.5],[1407.5,552.5],[1408,551.5],[1409,551.5],[1410.5,549],[1412.5,548.76],[1412.5,547.5],[1413.26,547.5],[1414,548.5],[1415.5,548.5],[1416.5,547.76],[1416.5,546.26],[1417,546.5],[1419.5,546.76],[1420.26,545.26],[1421,545.26],[1422.26,546.26],[1423.76,546.26],[1424.5,547],[1425,548.26],[1426.26,548.26],[1427.26,548.76],[1426.5,547.26],[1425.76,546.76],[1425.76,545.76],[1426.5,545],[1426.26,543],[1426.76,542.76],[1427.5,540.76],[1428,540.5],[1428.26,539.5],[1428.76,539.5],[1428.5,538.26],[1429.76,537.5],[1429.76,536.76],[1431.26,538.26],[1431.76,538],[1433.5,538.26],[1433.76,537.76],[1435.5,537.76],[1436,537.26],[1437.26,537],[1437.26,535],[1439,535.26],[1439.76,534.26],[1441.26,534],[1441.26,533.5],[1442.76,532.76],[1443.76,531.76],[1444.5,531.76],[1445,531],[1445,529.26],[1444.76,528.76],[1446,527.5],[1445.5,526.5],[1445.5,524.5],[1444.5,523],[1444.5,522],[1445,521.76],[1445,519.5],[1446.76,520],[1446.76,520.5],[1448.5,520.26],[1449.5,521],[1451.26,521],[1451.76,520.76],[1451.5,521.76],[1451.5,523.5],[1451.76,524.76],[1451.26,525.76],[1452,526],[1452,528.76],[1452.5,528.76],[1453.76,527],[1453.76,526],[1454.5,525.26],[1454.5,524],[1455,523.76],[1455.26,522.76],[1454.5,522.26],[1454.26,521],[1455.76,520.76],[1456.26,520.26],[1456,519.26],[1456,517.5],[1455.5,517],[1455.76,516.26],[1454.76,516.26],[1454,515.5],[1453.5,514.26],[1454.26,513.5],[1454.26,511.76],[1455.76,512.26],[1457,512.26],[1458.5,510.26],[1459.5,510],[1459,509.26],[1459.26,508.76],[1460.5,508.26],[1460.76,507],[1462.76,506.76],[1463.5,505.76],[1463.5,505],[1462.76,504.26],[1462.76,501.5],[1463.26,500],[1463.26,498.26],[1463.76,497.5],[1463.5,496.5],[1462.76,496.26],[1462.26,495.5],[1461.26,495.26],[1461.26,494.26],[1459.76,493.26],[1459.76,492.26],[1459.26,491.5],[1459.26,489.76],[1460.26,489],[1462.26,488.5],[1463,487.5],[1463.5,485.26],[1463,484.26],[1461.76,484],[1461.76,482.76],[1460.26,482.5],[1459.26,481.76],[1457.76,482],[1457.76,481],[1461,479.76],[1462,479],[1462.26,477.76],[1462.76,477.76],[1464,476.26],[1465.5,476],[1466.26,476.5],[1466.5,477.26],[1467.5,477.26],[1469.26,476],[1470.76,476],[1471.5,475.5],[1474.76,475.5],[1476.26,475.76],[1476.76,474.76],[1477.76,474],[1478.26,472.76],[1481.26,472.76],[1481.76,472.5],[1482,473.5],[1483.76,473.5],[1484,473],[1485.5,472.5],[1485.5,475.76],[1484.76,476.26],[1484.5,477.26],[1486,477.26],[1486,478.26],[1486.5,478.26],[1488.5,477],[1490.5,477],[1490.76,477.5],[1492.76,477],[1493,478.26],[1491.76,478.76],[1490.26,480.5],[1489.26,480.76],[1489.76,481.76],[1489.5,483.76],[1488.76,483.26],[1487.5,483.26],[1487.26,484],[1486.5,484.5],[1486.5,486.5],[1486.26,487],[1484.5,487.76],[1484.26,488.76],[1482.5,489.76],[1482.76,490.5],[1483.76,490.76],[1484.26,492.76],[1484.26,494.5],[1485.26,495.26],[1486.26,495.26],[1487.5,496.76],[1487.26,498.5],[1487.76,498.76],[1486.76,501.76],[1486.26,502.76],[1487.26,503.26],[1487,504],[1487.26,505.5],[1486.5,506.5],[1486.76,507.5],[1488.5,507.5],[1489,506.5],[1490.76,506],[1491.26,506.76],[1493,506.5],[1493.76,506],[1494.76,506],[1494,507.5],[1492.76,508.5],[1492.76,509],[1491.76,510],[1492.5,510.76],[1493.5,510.76],[1493.76,509.5],[1494.5,509],[1494.5,508.26],[1496.26,508],[1497,508.26],[1497.76,507.26],[1499,507.5],[1500.5,508.76],[1500.5,510],[1501.76,510.26],[1502.76,509],[1504,508.76],[1503.5,507.26],[1504.5,506],[1506,506.26],[1506.76,504.5],[1507.5,503.76],[1509,503.76],[1509.76,504.76],[1510.76,504.5],[1512.5,504.5],[1513,505.26],[1515.26,505],[1516.5,504],[1519.26,503.5],[1520.26,501.5],[1522.76,501.26],[1523.5,500.76],[1524.5,500.76],[1525,500.26],[1527.26,500.5],[1529,499.26],[1529.26,499.76],[1531.26,499.26],[1531.26,500.5],[1532,501.26],[1532,502.76],[1533,502.76],[1533.76,503.5],[1536.26,503.26],[1537.26,503.76],[1538,502.5],[1539,502],[1540,502],[1540.26,502.76],[1541.76,505],[1543.76,506],[1544.26,506.76],[1544.26,509.76],[1545.76,511.26],[1546.76,509.76],[1547.76,510.26],[1548.26,511.5],[1551.26,513],[1551.26,515.5],[1551.5,516.76],[1550.76,517.26],[1550.76,518.26],[1550,519],[1550,519.76],[1549.26,521],[1550.5,521],[1550.76,520.5],[1551.76,520.5],[1552,520],[1553,520],[1553.26,519.26],[1554.26,519.26],[1555.76,520.76],[1556.26,522.5],[1557.5,523.5],[1558,524.26],[1558,525.76],[1559,526.26],[1560.5,525.76],[1560.26,526.5],[1560.5,527.5],[1561.76,529],[1562.26,529],[1563.26,530.26],[1565.26,530.5],[1566,530],[1567,530],[1568.26,528.26],[1569.26,527.5],[1570.26,527.5],[1570.76,528],[1573.26,528],[1573.26,527.76],[1575.76,527.26],[1577,526.26],[1578.26,526.26],[1578.5,525.5],[1580.76,526],[1581,526.5],[1583.26,526.26],[1584,525.26],[1584,524.5],[1585.5,524],[1587,524],[1587.76,524.5],[1588,525.5],[1590.26,525.26],[1590.76,524.76],[1592.76,524.76],[1594,525.26],[1594.76,526.26],[1595,527.5],[1596.5,528.76],[1597.76,526.76],[1597.76,524.5],[1598,524.5],[1598,522.26],[1598.5,522.26],[1598.5,520.76],[1600.26,520.76],[1600.26,520.5],[1604,519],[1604.76,518],[1605.26,518],[1607.5,515.5],[1608,515.5],[1608.5,518.26],[1610.5,517.5],[1611.26,517.76],[1611.5,516.26],[1614.26,516.26],[1615,516],[1615.76,515],[1616.26,513.5],[1617.26,513.5],[1618,514.26],[1619.26,513.26],[1619.26,515.76],[1619.5,516.5],[1620.76,517],[1620.76,518.5],[1620,518.76],[1618.76,520.26],[1622,521],[1622.5,520.5],[1623,517.76],[1624.76,518.26],[1625.26,517.5],[1626.26,517.5],[1627.76,516],[1628.5,516.5],[1628.5,515.76],[1629.76,515.26],[1631.76,516.26],[1632.76,517],[1632.76,519.5],[1632.5,520.76],[1634,522.5],[1633.5,523.5],[1633.76,524.76],[1634.26,524.76],[1634.5,523],[1635.5,521.76],[1635.5,520],[1636.26,519.5],[1637,520.76],[1638.5,520.76],[1639.76,520.26],[1639.76,521.26],[1640.5,521.76],[1640.5,523],[1641.26,524],[1645.5,524],[1646,523.5],[1646.76,523.76],[1646.76,524.76],[1647.76,524.76],[1648.26,525.26],[1648.26,526.26],[1649.26,526.5],[1650,527.5],[1650,528.5],[1650.5,529.5],[1651.5,530],[1651.5,532.5],[1654.26,533.5],[1654.5,534.26],[1656,533.76],[1657.5,533.76],[1658.5,535.5],[1659.5,535.5],[1660.76,534],[1662.5,534.26],[1662.76,536],[1662,536.76],[1662.26,538.5],[1661.5,539.26],[1661.5,540],[1662.26,541],[1662.26,543.5],[1662.5,543.5],[1661.26,546.76],[1660.76,547],[1660.26,548.26],[1661.5,549],[1661.5,549.76],[1660.5,552.26],[1660.5,555],[1662,553.5],[1662.76,551],[1663.76,550.5],[1663.76,549.26],[1663.26,548.76],[1663.5,547.76],[1665.26,547],[1665.26,546],[1664.26,545.5],[1664.26,544.5],[1665.26,543.76],[1666.76,543.5],[1668,542.76],[1668.26,541],[1670,541.5],[1670.26,542.26],[1672.26,542.26],[1672.26,542],[1674.5,542],[1675.5,541.5],[1675.5,542.26],[1676.26,542.5],[1677,543.76],[1677,545.5],[1676.26,545.5],[1675.26,546.26],[1676,547.26],[1677.26,548.26],[1677.26,550.26],[1677.5,550.26],[1677.5,553.5],[1678,553.76],[1678,554.76],[1676.26,556],[1676.26,556.76],[1674.76,557.5],[1674.5,558],[1676.26,558.26],[1676.5,560.26],[1677.76,560.5],[1680,560],[1679.76,558.26],[1680.76,556.26],[1682.5,556.26],[1683.26,555.76],[1684.5,555.76],[1684.5,557.76],[1685,558.26],[1687.26,558.26],[1687.26,558.5],[1689.26,558.5],[1689.76,557.5],[1690,556],[1692.26,555.5],[1692.5,554.5],[1693.76,553.5],[1694.5,552.5],[1694.76,554],[1695.26,555],[1696.5,556],[1697.5,556],[1699.5,557.26],[1699.26,558.76],[1699.76,559],[1699.76,561.76],[1700.26,562.26],[1700,563.26],[1699.26,563.5],[1699.26,564.5],[1700,564.76],[1700,565.76],[1700.76,566.76],[1701.76,566.76],[1701.26,568.26],[1702.76,568.5],[1703,569.26],[1704,569.5],[1704.26,570],[1705.26,570],[1706.26,570.5],[1706.5,571.26],[1708,572.26],[1709.5,572.26],[1709.5,574.5],[1708.26,575.26],[1708.26,576.26],[1708.76,576.5],[1708.5,577.5],[1707,579],[1706.76,580.26],[1708.5,580.26],[1709,579.5],[1710.5,579],[1711.5,580.5],[1715,581],[1716.26,581.76],[1717,581.76],[1717,582.76],[1718,583.26],[1718,584.26],[1717,585.26],[1717,585.76],[1716,586.76],[1717,587.76],[1719.26,588.5],[1719.5,590],[1719.5,591.76],[1720.5,592],[1722,591.76],[1722.5,593],[1723.5,593.76],[1723.5,595.26],[1724.76,596],[1725.5,596],[1725.76,597.76],[1727.76,599],[1730,599],[1730,600.26],[1729.5,600.5],[1729.26,601.5],[1730,602],[1731.5,601.76],[1731.5,600],[1732,599.76],[1732.26,598.5],[1732.76,597.76],[1732.76,593.5],[1733.76,592.76],[1733.76,592.26],[1736.26,592.26],[1737.26,591.26],[1738,591],[1737.76,590],[1736.5,589.76],[1736.5,586.5],[1736,586],[1736.26,584.26],[1737,583.26],[1737.5,583.26],[1739.26,582],[1739.26,581.5],[1741,580],[1741,578],[1742,577.26],[1743,577.5],[1743.5,577],[1743.5,575.76],[1744.26,574.76],[1744.5,573.76],[1744,573.26],[1743.5,571.76],[1743.5,570.5],[1744,570.26],[1745,567.5],[1745,566],[1744.26,566],[1743.5,565],[1743.5,563.5],[1744,562.76],[1744,560.76],[1743.5,559.76],[1742.26,559.76],[1741,560.26],[1740.26,558.26],[1740.26,556],[1739.26,555.26],[1738,555],[1738.26,554.5],[1738.26,551.26],[1737.26,549.76],[1736.76,549.76],[1736.76,548.5],[1737.26,547.76],[1737.26,546.76],[1738.5,547.26],[1738.76,548],[1739.5,548.5],[1743.26,548.5],[1744.26,547.76],[1744.76,546.5],[1744.76,545],[1744.26,544.5],[1744.5,543.76],[1744.5,541.26],[1745.26,541],[1745.76,540],[1746.76,539.26],[1746.76,536.76],[1747.76,536.76],[1748.5,537.26],[1751,537.5],[1751.76,536.5],[1752.76,535.76],[1754.5,535.26],[1754.76,536.26],[1755.5,537],[1756.5,537.26],[1756.76,538],[1759,538.26],[1760.76,536.76],[1761.5,537.76],[1763,538.26],[1764.76,539.5],[1765.5,539.5],[1766.5,541.26],[1769.26,541.26],[1770.76,541.5],[1769.5,544],[1768.5,544.76],[1766.5,545.26],[1766.76,546.26],[1767.5,547.5],[1769,548],[1770.26,549.76],[1770.76,550],[1772,549.26],[1772,548.5],[1773.5,548.5],[1774.5,549.26],[1776,549.5],[1777.76,549.5],[1778.5,549.76],[1779.26,549.26],[1778.76,550.5],[1778.5,552],[1777.76,553],[1777.76,555.5],[1777,556.26],[1775.5,556.26],[1775,555.76],[1774,555.76],[1773.5,556.26],[1772.76,558],[1771.76,558],[1771.26,557.26],[1770.5,557],[1770,558.5],[1769.5,558.76],[1768.76,560.5],[1767,561.5],[1766.76,562.26],[1768,562.5],[1768.5,562],[1769.26,562.5],[1768.26,563.26],[1768.26,564],[1767.26,564.5],[1766.26,565.5],[1765,565.5],[1764.76,566.26],[1764,566.76],[1763.76,567.76],[1763.26,568],[1763.26,569],[1764,570],[1766.26,570],[1767.26,570.26],[1767.76,569.26],[1767.76,568],[1768.5,567.26],[1769.76,567.26],[1770.26,566.76],[1772,566.76],[1773.5,565.5],[1773.76,564.5],[1774.5,564.5],[1775.26,565.26],[1774.5,567.26],[1774,567.5],[1773.76,568.5],[1772.26,569.26],[1772.5,571.26],[1771.76,572.5],[1771.26,572.5],[1768.76,576.76],[1767.76,576.76],[1766.5,576],[1765,576.5],[1764,577.26],[1764,579.26],[1763.5,579.26],[1762.5,580.26],[1761,580.76],[1760.5,581.5],[1759.76,581.5],[1759.26,580.76],[1758.26,580.5],[1757.76,581.26],[1757.76,582.26],[1757,583],[1757,586],[1755.5,587.26],[1753.76,587.26],[1753.5,587.5],[1753.76,589.26],[1755.76,590.76],[1756.26,592],[1756.26,593.26],[1757.26,592.76],[1758,593],[1757.76,594.76],[1757,595.26],[1757,596.5],[1758.5,598],[1761,598],[1761.76,599],[1761.76,602.26],[1761.5,602.26],[1761.5,604.5],[1760.5,606],[1760.76,606.76],[1760.5,608],[1758.76,608],[1758.5,609.26],[1758,609.76],[1758.26,611],[1756,612],[1756.26,613.5],[1757,613.5],[1757.5,612.5],[1758.76,612.76],[1758.76,613.26],[1760.5,614],[1760.76,615.5],[1760.26,616.76],[1761.26,616.5],[1764.5,616.5],[1765.26,617],[1765.26,617.76],[1766.26,617.76],[1766.5,617.26],[1767.76,617],[1769.5,617],[1769.5,616.5],[1770.5,616.76],[1770.5,619.5],[1771.26,619.76],[1773,619.26],[1773.26,618.5],[1773.76,618.76],[1773.76,620],[1773.26,620.5],[1772,620.76],[1771.76,622.26],[1770,622.26],[1769,623.26],[1769.26,624],[1770.26,624.26],[1771,625.5],[1771.26,628],[1770.26,628.76],[1769,629.26],[1769,630.5],[1769.5,631],[1769.26,632],[1768.76,632.26],[1768.26,634],[1766.76,635.76],[1765.5,636.5],[1766,637.26],[1767.26,637.26],[1769,636],[1770.5,635.76],[1770.76,635.26],[1772,634.5],[1772.26,633.76],[1774,633.76],[1774.76,634.5],[1775.76,634.5],[1776,635],[1777.26,635.76],[1777,638],[1778.5,638.76],[1778.5,640.76],[1778.26,642.26],[1779,641.5],[1779.26,640.5],[1780,640.26],[1781.26,638.5],[1782.26,638.5],[1783,639.26],[1784.5,639.26],[1785.26,637.26],[1789.26,637.26],[1790.26,637.76],[1790.26,638.76],[1789.76,639.26],[1789.76,642.26],[1790.76,643.5],[1792.5,644],[1795,645.5],[1795,646.76],[1796,647],[1796.76,647.76],[1797.76,647.76],[1798.26,646.5],[1799.26,646.5],[1800,647],[1800,649],[1801,650],[1802,650.26],[1802,652],[1801.76,652],[1801.76,654],[1801.26,654.76],[1800.5,654.76],[1800.26,655.76],[1799.5,656.76],[1799.5,657.76],[1798.5,658.76],[1800,657.76],[1800.26,657],[1801.5,658.26],[1801.5,658.76],[1803,659],[1803,658.5],[1804.26,657.76],[1805.5,657.76],[1806.5,659],[1806.76,659.76],[1809,659.76],[1809.26,659],[1810,659.26],[1810.26,660.76],[1809.76,661.26],[1809.26,662.76],[1809.26,664],[1810.26,664.76],[1811.26,665],[1813.26,666.26],[1813.26,667],[1815.76,668],[1817,667],[1817.26,665.26],[1818,664.5],[1819,665.5],[1819.5,667.26],[1819.76,669.76],[1820.76,670.26],[1823.76,670.26],[1824.76,672],[1824.26,673.5],[1824.26,675.5],[1823.76,676.5],[1823,676.76],[1822.26,677.76],[1821.5,678],[1822,678.76],[1823.26,678.26],[1824.76,676.5],[1825.76,676.5],[1827,675.76],[1828,674.26],[1829,673.76],[1831,673.76],[1831.76,673.5],[1832.26,671.76],[1833,670.76],[1834.26,670.76],[1835.5,670],[1837.76,670],[1839.76,669],[1840.5,668.26],[1840.76,667.26],[1840.76,665.26],[1842.26,663],[1842.5,661.5],[1843.26,660.76],[1843.76,659.26],[1844.5,659],[1844.76,658],[1845.5,657.5],[1845.5,656.5],[1846,656.26],[1849.26,657.26],[1849.26,653.76],[1849.76,652.5],[1851,652.26],[1852.76,651.26],[1853.26,650.26],[1853.26,648.76],[1851.76,647.5],[1851.5,645.5],[1852.26,644.5],[1853.5,643.76],[1853.76,642.5],[1854.5,642.26],[1854.5,640.5],[1853.5,639.26],[1853.5,637.76],[1854.26,637.26],[1855.76,635.5],[1855.76,634.5],[1855,634],[1854.26,632.5],[1854.26,631.5],[1855.26,631],[1857,631.26],[1857.5,630.26],[1857.5,629.26],[1858,628.76],[1858.5,627],[1858,626.76],[1857.26,625.5],[1856,625.5],[1855,624.76],[1854.26,625.76],[1852.5,626],[1852.26,624.5],[1853,623.76],[1853,622.76],[1853.76,622],[1855,621.76],[1855.5,622.5],[1856.5,622.5],[1858,621.5],[1858.5,620.76],[1858.26,619.5],[1859.26,619],[1861,617.5],[1860.5,615],[1862.5,613.76],[1862.5,613.26],[1861.26,612.26],[1861.5,610.5],[1861.5,608.76],[1863,608.26],[1863.5,607.5],[1864.76,608],[1865.76,607.26],[1865.76,606.76],[1867,606.26],[1867.5,604],[1868.5,603.26],[1869.76,601.5],[1870.76,601.5],[1871.5,600.5],[1871.26,599.76],[1870,599.26],[1870,598.26],[1872,597],[1872,595.26],[1873.5,592.76],[1873.5,591.76],[1873,591],[1874.76,589],[1876,588.5],[1876,585.76],[1876.5,585],[1876.5,582],[1876.26,581.76],[1874.76,582.26],[1874.26,583],[1873.26,582.5],[1871.5,582.5],[1870,581.5],[1870,580.5],[1870.76,579.76],[1872,579.5],[1872.76,578.76],[1872.76,577],[1872.5,576.26],[1873.26,575.5],[1872.76,575],[1873.26,572.26],[1871.5,572.26],[1871.26,570.5],[1870.5,570.26],[1870.5,568],[1870.26,567.76],[1868,567.76],[1865.76,566.26],[1865.5,564.5],[1864.26,565.26],[1863.26,565],[1861,565],[1861,565.26],[1859.26,565.5],[1859.5,564],[1859.5,562.26],[1857.76,561.76],[1856.5,560.5],[1856.26,559.26],[1855.26,559.5],[1853.5,559.26],[1852.5,560],[1853,556.5],[1854.76,556.5],[1856.26,556],[1858.26,556],[1858.26,555.76],[1860,555.76],[1860.26,555],[1859.76,554.76],[1859.76,553.76],[1860.76,553.26],[1861.76,553.26],[1862.26,552.76],[1865.26,553],[1866.5,552.5],[1865.26,550],[1864,548.76],[1864,547],[1864.76,546.5],[1865.76,546.5],[1866.26,545.76],[1867,545.76],[1868.26,545],[1868.26,542.76],[1870,542.26],[1872,540.5],[1872,539.76],[1873.26,539],[1874,538],[1875,538],[1876,538.5],[1876,539.5],[1877,540],[1878,540],[1878.5,539],[1878.5,537],[1878.76,536.26],[1879.5,536],[1879.76,536.76],[1881.5,538],[1882.76,539.76],[1883.26,539.76],[1884.26,541],[1886,540.76],[1886.76,541.26],[1887.26,543],[1888.5,543.26],[1889.5,544],[1890.76,544],[1892,543.5],[1892.5,544],[1892.5,545],[1892,545],[1890.76,546.26],[1889.26,546.26],[1888.76,548],[1888.26,548.76],[1887,549.26],[1887,550],[1888.76,550.76],[1889.26,551.76],[1891.26,551.5],[1892,553],[1892,554],[1892.5,554.26],[1892.26,556.5],[1891.26,557.5],[1890.26,557.76],[1890.26,559],[1890.76,559.76],[1890.76,561.26],[1890,562.5],[1890,563.26],[1890.76,563.26],[1891,562.26],[1891.76,562],[1893,559.76],[1895.26,559.76],[1896.26,557.76],[1897.76,557.76],[1898.5,556.5],[1899.76,557.5],[1900.76,557.76],[1901.5,558.76],[1902.26,558.76],[1903.5,560.5],[1906,560.5],[1906,560.76],[1908,561],[1908.26,560.26],[1909,560],[1911,560],[1911,561.5],[1911.76,562.5],[1913.5,563.5],[1914.5,563.76],[1914.76,564.5],[1915.5,565],[1918.26,565],[1919.26,566],[1921,566.5],[1921.26,567],[1920.76,567.76],[1918.76,569],[1919.5,571.26],[1918.26,572],[1918.26,573],[1918.76,573.26],[1919.26,574.76],[1920.76,576],[1920.5,577.5],[1921,577.76],[1921,579.26],[1920.26,580.76],[1919.5,580.76],[1918.5,581.5],[1917.5,581.26],[1917.26,581.76],[1916.5,581.26],[1915,581.26],[1914.5,581.76],[1915.26,582],[1915.26,583],[1913.76,583.76],[1913.5,584.26],[1912.26,584.26],[1911.5,585],[1915.5,585],[1915.5,584.76],[1917.26,584.76],[1917.76,583.76],[1918.5,583.26],[1919.5,583.26],[1920.26,584],[1920.5,585],[1921.26,585.5],[1922,587.26],[1923.76,587.26],[1924.76,587],[1927.76,588.5],[1928.76,588.26],[1930.5,588.76],[1930.5,589.26],[1932,589.5],[1933,590.26],[1933,591.26],[1933.76,591.76],[1935.26,591.76],[1936.76,592.26],[1936.76,593],[1936,593.76],[1933.5,594.76],[1933.76,595.26],[1935.5,595.5],[1936.26,596.76],[1936,598.76],[1935,599],[1934.76,599.76],[1935.5,600.26],[1935.5,601.26],[1936,601.5],[1935.76,602.76],[1935.76,604.76],[1935.5,604.76],[1935.76,606.5],[1935.26,606.76],[1935,607.76],[1934.5,608],[1934.26,609.5],[1935,609.26],[1935.26,608.26],[1936,607.76],[1936.26,606.76],[1937,606],[1937.26,604.5],[1937.76,603.76],[1939.5,604.76],[1941.26,605],[1942.26,605.76],[1943.26,606],[1943.26,607],[1944.26,606.5],[1945.76,606.76],[1946.5,608],[1948.26,609.26],[1948,610],[1948,612.76],[1947.5,613.76],[1946.26,614.76],[1946.26,617],[1945.5,618],[1945.5,620.76],[1946.5,620.26],[1946.5,618.76],[1947.26,617.5],[1947.26,616.76],[1948,615.76],[1949,615.76],[1949.76,614.5],[1949.76,613.5],[1950.76,613.5],[1951,614.5],[1952,615.76],[1951.76,617],[1951.76,618.76],[1953.5,619.76],[1953.76,620.5],[1951.26,622.76],[1951.5,625.26],[1952.5,626.26],[1954.26,626.76],[1954.76,627.5],[1954.76,628.76],[1956.5,628.76],[1956.5,628.5],[1958.26,628.5],[1958.26,628.26],[1961.5,628.26],[1961.5,629.26],[1963.5,629.5],[1963.5,630],[1965,631],[1965.5,632],[1965.76,633.5],[1966.26,633.76],[1970.26,634.5],[1971,633.76],[1971.76,634],[1971.76,635],[1973,635.5],[1974.5,635.76],[1975,636.26],[1975.76,636],[1975,638.26],[1974.5,639],[1975.76,639.76],[1975.76,640.26],[1976.76,640.76],[1976.76,641.5],[1977.76,640.76],[1979.26,640.76],[1980.26,642],[1980.26,645],[1979.26,645],[1978.5,645.76],[1977.26,646.26],[1977.5,649.26],[1978,649.5],[1978,651.5],[1975.5,651.26],[1974.5,652.5],[1972.76,652.5],[1972.26,653],[1972.26,654],[1973.26,654],[1974,654.5],[1975,654.26],[1976.76,654.26],[1977.26,654.76],[1979.76,654.76],[1980.26,654.26],[1980.26,651.5],[1981.76,651.26],[1981.76,650],[1981.26,649],[1981.76,648.5],[1981.76,647.5],[1982.26,647],[1983.76,647],[1984.76,649],[1985.76,649.5],[1988.5,650],[1989.5,650.76],[1991.76,650.76],[1992.76,651.76],[1993,653.26],[1992.26,653.26],[1991.76,654.5],[1992.5,655.26],[1991.26,655.26],[1990,655.76],[1989.76,655],[1989,654.5],[1988.76,653.76],[1987.5,653.76],[1988,655.26],[1987.26,655],[1984.76,655.26],[1985,656.26],[1985.5,656.5],[1986.5,658.26],[1989.26,658.26],[1989.5,659.26],[1989,660],[1989.5,661.5],[1990.26,662],[1990.26,663.26],[1989.26,664.26],[1989,665.76],[1989.26,667.5],[1990.26,666.76],[1990.76,665.76],[1991,664],[1992,662.5],[1993,662.26],[1995,662.26],[1995.26,661.5],[1996.76,660.5],[1996.5,658.76],[1998,658],[1998.26,657.26],[1999.76,657.26],[2000.76,656.26],[2002.76,656.26],[2004.26,655],[2005,653.76],[2004.76,653],[2004.76,651.26],[2006.26,649.76],[2006.5,650.5],[2006.5,653.5],[2008,653.76],[2009,655.5],[2009,656.26],[2007.5,657.26],[2005.26,657.26],[2004.76,657.5],[2004.26,658.76],[2003.5,658.76],[2002,659.76],[2002,660.26],[2000.76,661.26],[2000.76,662.76],[2001.76,664.26],[2003.26,665],[2004.5,665],[2005.26,665.76],[2006.26,665.5],[2006.26,666.76],[2005.26,667.5],[2005.5,669],[2005.5,671],[2005.76,672.26],[2006.76,673.26],[2007.5,672.76],[2008,671],[2009.5,671.26],[2010.26,670],[2010.26,668.76],[2009.26,667.5],[2009.26,666.5],[2010.26,666.5],[2011.5,665.76],[2012.26,665.76],[2013.5,664.26],[2013.5,665.76],[2014,666.76],[2014,668.76],[2015.5,669.5],[2015.5,670.5],[2014,671.5],[2012.76,671.26],[2012.26,672],[2014.26,672.26],[2014.26,673.26],[2013,673.76],[2012.5,674.76],[2012.76,677.5],[2012.26,677.5],[2013.5,679.26],[2015.5,679.26],[2016.76,679],[2017.76,680.26],[2017.26,682],[2016.76,682.26],[2016.26,683.5],[2014.76,684.76],[2014.26,686.76],[2015,687.76],[2015.76,688],[2019.26,688],[2020.5,688.5],[2020.5,689],[2022,689.26],[2022.26,688.76],[2023.76,687.76],[2024.26,687],[2025,687.26],[2027.5,687.26],[2029,688],[2029,689],[2030,690],[2029.76,690.76],[2029.76,694.5],[2030,695],[2030.76,694],[2030.76,692.26],[2031,692.26],[2031.26,689.76],[2032,689],[2033.26,688.5],[2034.26,687.26],[2035.76,687.26],[2036.76,686.76],[2038.26,685],[2040.26,685],[2041.76,686],[2043.5,686],[2043.5,683.76],[2043.76,682.76],[2045.26,682.5],[2045.26,680.26],[2046.5,679.26],[2046.5,678.76],[2048.26,678.5],[2048.76,679],[2050.5,679],[2050.5,678.76],[2052.5,678],[2053,677.26],[2054.5,678.5],[2054.5,679.26],[2055.76,680.76],[2054.26,681.76],[2055.26,682.76],[2056,682.76],[2056.76,681],[2057.26,680.76],[2057.26,678.76],[2058,678],[2059.26,678.76],[2059.76,679.76],[2061.76,679.76],[2062.5,678.5],[2062.76,677.5],[2062.76,675.76],[2061.76,675],[2062.26,672.26],[2063.5,672],[2064.76,670.76],[2067.26,670.76],[2069.26,669.5],[2069.26,671],[2070.26,671.26],[2070.76,670.76],[2070.76,669.26],[2071.76,668.76],[2072.26,668],[2073.26,667.5],[2074.26,668.26],[2075,667.26],[2074.76,666],[2075.5,665.76],[2076,666.26],[2077,666.26],[2077.26,665.76],[2079.5,665],[2079.76,664.26],[2081.26,662],[2082.26,662],[2082.76,661.5],[2082.76,658.5],[2083,658],[2081.76,657],[2081.76,656.26],[2080.76,655.76],[2079.76,655.76],[2081,654.26],[2083.5,653.26],[2083.26,652],[2082.76,651.26],[2083.76,651],[2084,651.5],[2085,651],[2085,649.76],[2085.76,649.76],[2086,650.5],[2087,650],[2087.76,649],[2087.5,646.76],[2086,646.5],[2085.26,645.76],[2085.5,643.76],[2086,642.5],[2086.76,642.5],[2088.76,641.26],[2088.5,640.26],[2089.26,639.5],[2090.76,637.26],[2091.26,637.26],[2090.76,636],[2090.76,634.76],[2093,633.26],[2093.5,632],[2093,631.26],[2091.76,631],[2091.26,630.26],[2090.26,630.26],[2091,628.5],[2090.5,628.26],[2087.5,628.26],[2087,628.5],[2086.76,626.76],[2085,625.76],[2085,624.5],[2085.76,624.5],[2086.26,625.26],[2087.76,625.76],[2088,625.26],[2089,625],[2089.5,624.26],[2091.5,624.26],[2092,624],[2092,623],[2091,622.5],[2091.76,620.26],[2091,619.26],[2089.5,618.26],[2089.26,617.76],[2089.26,615.26],[2088.5,615.26],[2088.26,614.26],[2087.5,613.76],[2085,613],[2084.5,613.5],[2083.76,616],[2082.26,616],[2082.26,611.76],[2081.5,611],[2081.5,610],[2080.5,609.76],[2080.26,608.5],[2079.26,608.26],[2079.5,607.5],[2080.5,606.26],[2081.76,606],[2082.5,605.5],[2083,604],[2082.76,603],[2082,602],[2082,600.5],[2082.76,599],[2083.76,599.26],[2084.26,598.26],[2085,597.76],[2086,596],[2086.5,596],[2087.26,597],[2088.26,597.26],[2088.76,598],[2090,598],[2090.76,597.26],[2092.26,597.26],[2093.26,598],[2094.26,598.26],[2096.26,598],[2096,599],[2095.26,599.5],[2095.76,600.5],[2095.76,601.76],[2095,602],[2094.5,603],[2096.76,603],[2097.5,602.5],[2097.76,601],[2098.5,600.76],[2099,602],[2100,602.76],[2101,604.26],[2102.76,604.26],[2104.76,603.5],[2106,604.5],[2106,605.5],[2108,606],[2108.5,606.5],[2109.5,606.5],[2110.26,605.5],[2110.5,604],[2112.76,604],[2113,604.5],[2114.76,604.76],[2116,606.26],[2115.26,606.76],[2115.26,609],[2116.5,609.76],[2117.26,609.76],[2118.76,610.5],[2120.76,610.5],[2121.76,610],[2121.76,608.26],[2123.26,607.76],[2124.5,609],[2126.26,608.26],[2127,609.26],[2127,610],[2128.5,610.5],[2129.26,611.26],[2132.76,611.26],[2133,610.76],[2134,610.5],[2135.5,609.26],[2137.5,609.26],[2137.5,609],[2139.26,609],[2139.26,607.26],[2136.76,607.26],[2136.76,606.5],[2138,605.76],[2139.76,605.5],[2140.76,605],[2143,603],[2143.26,601.5],[2145.26,602.76],[2145.26,605.26],[2146.5,606],[2148.5,606],[2149.26,605.26],[2150.5,605.26],[2151,605.76],[2150.76,607.5],[2150,608],[2149.76,609.5],[2151.26,609.26],[2153.5,609.26],[2153.26,610.5],[2155.26,610.5],[2155.26,610.26],[2158.26,610.26],[2158.26,610.5],[2160.26,610.5],[2161.26,610.76],[2162.5,609.76],[2163,609],[2162.76,606.76],[2164,607],[2165.76,606.76],[2165.76,606],[2166.5,605.26],[2167.26,606.26],[2169.26,606.26],[2169.26,606],[2171.26,605.26],[2171.76,604.5],[2173,604],[2172.76,602.76],[2172,602.5],[2171.76,601.76],[2174,601.26],[2174.26,600.76],[2175.76,600.5],[2177,598.76],[2177,596.26],[2178,596],[2179,596.5],[2179.76,595.76],[2181,595.5],[2182.26,594.26],[2180.76,593.76],[2180.5,592.26],[2182.5,590.76],[2182.5,589.26],[2182,589],[2182,588],[2183.5,587.5],[2185.26,587.26],[2185.26,586.5],[2184.26,586],[2183.5,585],[2182.26,585],[2181.26,584.26],[2181.26,583.76],[2180.26,583.26],[2180,582],[2179.26,583],[2177,584],[2175.26,584],[2174,584.26],[2174.5,583.26],[2176.26,582.76],[2176.26,582.26],[2177.5,581.5],[2177.5,580.26],[2177,579.5],[2179,579.26],[2179,578.5],[2180,578.26],[2180.5,579],[2181.5,579.5],[2183.26,579],[2183.26,577],[2183.5,576.76],[2185.26,576.76],[2185.5,575.76],[2187.26,573.76],[2186.5,571.76],[2185.76,571.26],[2185.26,570],[2184.26,569.26],[2183.76,567.76],[2184.76,566.5],[2183.26,566],[2183.76,564],[2184.76,563.26],[2185,562.26],[2184.26,562.26],[2184,561.26],[2185.26,560.5],[2186,559.5],[2186.5,559.5],[2187,558.5],[2188,558.5],[2188.5,559.26],[2189.5,559.26],[2190,558.76],[2191.5,558.5],[2191.76,557.76],[2191,557.26],[2191,555.26],[2192.26,554.26],[2193.76,554.26],[2194.5,555],[2196.26,554.76],[2196.76,553.5],[2198,553.76],[2198,552.76],[2198.5,552.5],[2198.76,551.5],[2199.76,551.5],[2200.76,552.5],[2200.76,553],[2202.76,554.76],[2202.5,555.76],[2201.26,556.5],[2201.5,557.5],[2202.76,557.5],[2203.26,556.5],[2205.76,556.76],[2207,555.76],[2206.76,554.5],[2206,554],[2206.26,553.26],[2207,553.26],[2208.5,554],[2209.5,554],[2209.76,553.26],[2210.5,552.76],[2210.76,551.5],[2212.76,551.5],[2212.76,551.26],[2214.76,550.5],[2215.5,549.5],[2216,548],[2217,548.5],[2217.26,550.76],[2218.26,551.26],[2218.76,552.5],[2218.76,554.26],[2218,555],[2219.5,554.76],[2219.76,554],[2220.5,553.5],[2221.26,552],[2221.5,550.76],[2222.5,549.26],[2223.76,548.76],[2224,548],[2226.76,546.26],[2226.5,545.26],[2225.76,544.5],[2225.76,542.76],[2226,542.76],[2227.26,539.76],[2228.5,538.5],[2228.26,537.76],[2228.26,535.76],[2227.5,535.5],[2227,534.5],[2225.5,533.76],[2225.5,532.26],[2227,530.76],[2226.76,529.26],[2226.76,526.26],[2227,526.26],[2227,524.26],[2226.76,523.76],[2225.5,523.5],[2223.76,523.5],[2223.5,522.76],[2222.26,522],[2222.76,519],[2222.26,518.5],[2220.26,517.76],[2219.26,515.26],[2216.5,515.26],[2215.5,514],[2215,514],[2213.26,515.26],[2211.26,515.26],[2210.76,514],[2209.5,514.5],[2206.5,514.5],[2206.5,513.26],[2207.5,513],[2209.26,512],[2209.26,510.26],[2209.5,509.76],[2211.76,508.76],[2213.26,508.76],[2213.76,509.26],[2214.76,509.26],[2214.76,507],[2215.26,506.76],[2215,505],[2215.76,504.26],[2218.26,504.5],[2218.76,504],[2223.5,503.26],[2224,502],[2223,501],[2223,500],[2225,500],[2226,499],[2226.76,499],[2228.5,498],[2231.76,498],[2233.26,497.76],[2234,496.5],[2235.26,495.5],[2236.5,495.76],[2236,498],[2236.5,498.26],[2236.5,499.76],[2234.5,501.26],[2234.5,502],[2235.5,502.76],[2237.5,502.5],[2238.26,501.26],[2239.26,501.5],[2242.76,501.5],[2243,500.76],[2243.76,501],[2245,502],[2245.76,503.26],[2247.76,503.5],[2248.5,504.76],[2250,504.5],[2250.76,504],[2251,503.26],[2251.76,503.26],[2252.76,504],[2252.76,506],[2252.5,506.5],[2253.5,507],[2252.5,509.76],[2253.26,510],[2252.76,511.5],[2252.76,513.26],[2253.5,514],[2254.76,514.26],[2255.26,513],[2256.5,512],[2258.5,513.5],[2258.76,514.5],[2259.5,515],[2262,515],[2262,514.76],[2264.5,514.76],[2264.5,515],[2266.5,515.26],[2266.26,516.26],[2266.76,517.76],[2266,518.76],[2266,522.5],[2266.26,523],[2267.5,523.76],[2269.5,524],[2269.5,523.26],[2270.5,524],[2272.5,524.5],[2273,525],[2274.76,525],[2277.26,524.26],[2277.26,523.5],[2276.5,523],[2276.26,522.26],[2275.26,522],[2274.76,521.26],[2273.76,520.76],[2273.76,520],[2275.26,519.5],[2276.76,519.5],[2278,518.5],[2279.5,518.26],[2280.26,517.26],[2280.76,517.5],[2280.5,519.26],[2281.26,520],[2281.26,521],[2280.76,521.5],[2281,522.5],[2284,524.5],[2286,524.5],[2287.26,523.5],[2288.76,523.5],[2289.76,522.5],[2289.76,524.26],[2291,525.76],[2292.5,525.76],[2293.26,525.26],[2294.5,525.26],[2295,525.76],[2294.76,527],[2294,527.5],[2294.26,529.26],[2292.26,529.76],[2291.76,530.76],[2290.5,531.26],[2290.5,533.26],[2289.5,533.26],[2288.5,533.76],[2287.76,534.76],[2287.26,534.76],[2286.26,536.26],[2284.76,535.5],[2284.76,533.26],[2283.5,533.76],[2283.5,536.5],[2282.76,537],[2282.76,537.76],[2278,537.76],[2277.5,538.26],[2278,539.26],[2279.76,539],[2280.5,538.5],[2281.5,538.76],[2281.26,539.5],[2281.5,541],[2283.26,541.5],[2283.76,542.76],[2285.5,542.76],[2286.26,543.26],[2287.26,543],[2288.5,542.26],[2289,540.76],[2290.76,541],[2291.26,540.5],[2291.26,539.5],[2292,539],[2294.5,539],[2295.5,538],[2294.76,537.5],[2294.5,535.26],[2295,534.26],[2297.26,533.26],[2297.26,532.76],[2298.26,532],[2299.5,533.5],[2301.5,534.26],[2301.5,535.76],[2303.26,535],[2303.26,533.5],[2302.76,532.76],[2302.76,531.26],[2304,530.76],[2304,1317.76],[2303,1317.76],[2302.5,1318.26],[2302.5,1321.26],[2302.76,1322.5],[2301.5,1323.26],[2300.76,1323.26],[2299.76,1324],[2299,1324],[2298.76,1324.76],[2297,1324.76],[2296.5,1325.26],[2295.26,1325.26],[2294.76,1326],[2293,1326.26],[2293,1327.26],[2293.5,1328.26],[2292.76,1328.26],[2292.76,1329.26],[2292.26,1329.26],[2291.26,1330.26],[2291.26,1331.5],[2292.5,1331.76],[2292.5,1332.26],[2290.5,1332.5],[2288.5,1331.76],[2287.5,1332.5],[2286.5,1332],[2285.5,1332.76],[2285.26,1333.5],[2284.26,1333.76],[2282,1333.76],[2280.76,1333.5],[2281.5,1332.76],[2282,1331.5],[2283.5,1331.26],[2284.76,1330.76],[2284.26,1329.76],[2285,1328.26],[2287,1327.5],[2287.26,1326.26],[2287.26,1323.5],[2287.5,1322.5],[2286.5,1322],[2285.26,1320.26],[2284.5,1320.26],[2284,1319],[2283,1319.26],[2282.76,1318.76],[2279.76,1319.5],[2279.76,1318.5],[2279,1318.5],[2279,1317.26],[2280.26,1316.76],[2280.5,1315.76],[2280.26,1313.76],[2281,1312.5],[2281.5,1312.5],[2281.76,1311],[2282.26,1310.76],[2282.5,1309.5],[2281.76,1309],[2281.5,1307.5],[2280.76,1307.5],[2280.76,1306.26],[2280,1305.26],[2281.76,1305],[2282.76,1306],[2283.5,1307.5],[2283.5,1309],[2285,1309.5],[2286,1308.26],[2286,1307.26],[2285.5,1306.76],[2287,1306.26],[2287.26,1305.26],[2285,1305.26],[2285,1304],[2283.5,1304],[2283.76,1303],[2283,1303],[2283.26,1301.5],[2283.76,1301.26],[2284.26,1299.5],[2285.76,1299.5],[2286,1300],[2287.5,1299.76],[2287.5,1297],[2288,1297],[2289,1296],[2289,1294.5],[2289.76,1293.76],[2290,1292.5],[2289.5,1293],[2288,1293.5],[2288,1294],[2285.76,1294.26],[2285.5,1295.26],[2284,1296.5],[2283.5,1297.5],[2280.76,1297.26],[2280.5,1296.76],[2279.26,1296.76],[2278.26,1297.26],[2277.76,1298],[2277.76,1299],[2275.26,1301],[2275.26,1301.5],[2273,1301.5],[2273.26,1303.26],[2273.76,1303.76],[2273.76,1305.26],[2275,1305],[2275,1306.26],[2275.5,1306.5],[2275,1307.5],[2275.26,1308.76],[2274.26,1309.5],[2274.76,1310.5],[2274.5,1311.5],[2273.26,1311.5],[2273.26,1312],[2272,1312.76],[2272,1313.5],[2271,1313.26],[2269.5,1314.26],[2268.26,1314.5],[2269,1315.5],[2267.26,1315.5],[2266.76,1315.76],[2266.76,1317.26],[2267.26,1317.26],[2268.26,1318.5],[2266.26,1320.26],[2266.26,1320.76],[2265,1321.76],[2265,1322.26],[2263.76,1322.5],[2263,1323.76],[2262,1323],[2262,1322.5],[2260.26,1322.5],[2260,1321.76],[2257.76,1322],[2257,1322.5],[2256.26,1323.76],[2256.5,1326],[2255.26,1326],[2254.5,1327],[2254,1327],[2254.5,1328.26],[2253.76,1328.26],[2252.76,1329.76],[2252.26,1329.76],[2251.26,1331],[2252.26,1331.26],[2253.26,1332],[2252.76,1333.76],[2252,1334.5],[2252,1335.76],[2253.26,1336.76],[2253,1337.5],[2252,1337.76],[2251.5,1338.5],[2251.5,1339.76],[2250,1340.26],[2249.26,1341.5],[2248.5,1341.5],[2248.26,1340],[2246.76,1338.5],[2246,1338.5],[2245.5,1339.26],[2244.26,1338.76],[2244.26,1336.76],[2243.26,1335.76],[2241.76,1336.26],[2240.5,1336],[2238.76,1336],[2238.26,1336.26],[2238,1335.5],[2237.26,1335.5],[2237.5,1333.26],[2235.5,1333.26],[2235,1333.76],[2233.76,1333.76],[2233.26,1335.26],[2233.76,1335.76],[2232.26,1335.76],[2232,1337.26],[2230.5,1336.76],[2230.5,1336.26],[2228.76,1336],[2228.5,1335.26],[2227.5,1335.26],[2226,1336.26],[2224.26,1336.26],[2223,1337.5],[2222,1336.76],[2222,1336.26],[2221,1336],[2221,1335.5],[2219.5,1334.5],[2219.26,1333.5],[2217.76,1333],[2217,1331.76],[2215.26,1331.26],[2215.26,1330.76],[2214,1330],[2214,1328.26],[2213.5,1327.76],[2212.26,1327.76],[2211.76,1327.26],[2210,1327.26],[2210,1327.5],[2207.76,1327.5],[2206.76,1326.76],[2205.5,1326.26],[2205.76,1324.76],[2205.26,1324.76],[2204.5,1323.5],[2203.26,1323],[2200.26,1323],[2200,1323.26],[2200,1325.26],[2199.76,1326.76],[2199,1328],[2198.76,1329.76],[2197.76,1330.76],[2197.76,1331.26],[2195.26,1333.5],[2194.76,1335.26],[2193.5,1337.26],[2191.76,1337.76],[2191,1338.26],[2190,1339.5],[2189.5,1339.5],[2188.5,1341],[2187.26,1341.5],[2185.76,1343.26],[2184.5,1344],[2183.5,1344],[2182,1345.5],[2181.76,1346.5],[2181.26,1346.76],[2181,1347.76],[2177.76,1349.76],[2176.76,1351.76],[2176,1352.76],[2174.26,1354.26],[2174.26,1354.76],[2172.26,1356],[2170.76,1356.5],[2169.76,1357.76],[2168.5,1358.26],[2168,1359],[2167,1359.5],[2165.5,1361.26],[2163,1363.5],[2160.5,1364],[2160.26,1363.26],[2161.5,1362.26],[2162.26,1360.5],[2164.76,1358.5],[2165,1358],[2167,1357.26],[2167.5,1356.5],[2168.5,1356.26],[2169.5,1354.76],[2173.5,1351],[2173.5,1350.5],[2175.76,1348.76],[2177,1346.76],[2177.5,1346.5],[2177.76,1345.5],[2178.5,1344.5],[2178.76,1342.5],[2179.5,1341.5],[2182,1340.76],[2183.5,1339],[2184.5,1338.5],[2185.26,1337.5],[2185.76,1336],[2188,1334],[2189,1333.5],[2189,1333],[2190.76,1331.76],[2190.76,1331.26],[2193,1329.5],[2193.76,1328.5],[2194,1327.5],[2194.5,1327.26],[2194.76,1326.26],[2195.26,1326],[2195.5,1325],[2196.26,1324.5],[2196.76,1323],[2196.76,1321.26],[2197,1319.76],[2197.76,1318.26],[2197.76,1316.5],[2197.5,1316.5],[2197.5,1313.76],[2197.26,1313.76],[2197.26,1312],[2197.5,1310.76],[2198.26,1308.76],[2198.5,1307.26],[2197,1307.26],[2196.26,1306.26],[2194.26,1306.5],[2194.26,1306.26],[2192.5,1306.26],[2192.26,1306.76],[2191.26,1306.76],[2190,1307.5],[2190.26,1308.5],[2189.5,1309],[2189.26,1310.5],[2188,1311.26],[2187,1311.26],[2186.76,1311.76],[2185.26,1312],[2184.5,1311.76],[2184.5,1311],[2183.26,1310.26],[2182,1310.26],[2181.26,1309.5],[2179.76,1309.76],[2179.5,1310.26],[2178.76,1309.5],[2177.76,1310],[2176,1310],[2174.76,1308.26],[2172,1308.26],[2172,1311],[2171.5,1311.26],[2171.5,1313.76],[2172,1314.26],[2172,1317],[2171.26,1318.5],[2171,1320.5],[2170.26,1321.26],[2169.76,1322.5],[2169.76,1325.5],[2170,1325.5],[2170,1327.26],[2169.26,1329],[2169.26,1330.26],[2168.76,1331],[2167.5,1331.26],[2166.76,1331.76],[2166.76,1333.26],[2167.5,1334.5],[2167.5,1336],[2166.76,1336.76],[2166.76,1338.5],[2166.5,1339.5],[2165.76,1340.5],[2165.76,1341.76],[2165,1343.26],[2164.5,1343.5],[2164.26,1342.76],[2163.5,1342.26],[2163.5,1338.5],[2163.26,1338.5],[2163.26,1335.5],[2164,1333.76],[2164,1331],[2163.26,1330],[2162.26,1329.26],[2160.76,1329.26],[2159.26,1330],[2158.5,1331],[2156.5,1331.76],[2155.5,1332.76],[2154.5,1333],[2153,1335],[2151,1336.76],[2149.5,1337.26],[2148.5,1339],[2147.76,1339.5],[2147.26,1340.76],[2146.26,1341.26],[2144.76,1343],[2144.76,1343.5],[2142.76,1345.26],[2142.5,1347.5],[2141.26,1347],[2140,1349],[2138.5,1350.26],[2138.5,1352.26],[2138.26,1353.5],[2136.76,1354.26],[2135.5,1356],[2135.5,1358.76],[2134.76,1360.5],[2133.76,1361.26],[2133.26,1362.26],[2133.26,1363.26],[2132.5,1364.5],[2131.76,1364.5],[2131,1365.26],[2130.76,1367.26],[2130.26,1368],[2130.26,1370.5],[2130,1371],[2128,1372.5],[2127.26,1371.5],[2127.5,1370.26],[2128,1369.76],[2128.76,1366],[2131,1362.26],[2131,1361.26],[2131.5,1359.76],[2132,1359.26],[2132.26,1357.5],[2133.26,1356],[2133.76,1354.76],[2134.26,1352.26],[2135.26,1351.26],[2136,1350],[2136,1348.5],[2136.76,1346.5],[2138,1345.5],[2139,1345.26],[2140,1343.76],[2140,1343.26],[2141.5,1342.26],[2142.5,1339.26],[2143.26,1337.76],[2144.5,1337],[2145.26,1336],[2146.26,1335.76],[2146.76,1335],[2148.26,1335],[2149,1334.5],[2150.5,1332.76],[2152.26,1332.26],[2154,1331.26],[2155.5,1329.5],[2156.5,1328.76],[2158,1328.26],[2158.26,1327.76],[2159.76,1327.26],[2161.5,1325.26],[2162,1325],[2165.5,1325],[2166.5,1324.5],[2167,1323.76],[2167.76,1321.5],[2168.76,1320.76],[2168.76,1316.5],[2169,1315.26],[2169.76,1314.5],[2170,1312.76],[2169.5,1311.5],[2168.76,1310.5],[2168.5,1309],[2168.5,1306.5],[2168.76,1306.5],[2168.76,1304.76],[2169,1304.76],[2169,1302.26],[2167.76,1302],[2167.26,1302.26],[2166,1303.76],[2165.5,1304],[2163.76,1304],[2162.76,1304.26],[2162,1305],[2161.26,1305],[2160.26,1305.76],[2158.26,1306],[2156.76,1307],[2155.76,1309.26],[2154.76,1310],[2153.76,1310.26],[2152.76,1311],[2151.5,1311],[2151,1310.5],[2151,1308],[2151.5,1307],[2148.26,1307],[2147.26,1307.26],[2146.26,1306.5],[2145.5,1306.76],[2142.76,1306.76],[2142.5,1306.26],[2140.5,1306.26],[2140,1306.76],[2138.26,1306.76],[2136.76,1305.76],[2135.26,1305.76],[2133.76,1305],[2131.5,1305],[2130.76,1305.5],[2130,1305.26],[2127.76,1305.26],[2127.76,1304.5],[2126.76,1304.26],[2127,1302.26],[2125.5,1301.5],[2125.26,1300],[2124,1300],[2123,1300.5],[2122.76,1299.76],[2121.76,1299.5],[2119.5,1299.5],[2119,1299.26],[2119.26,1300.26],[2119.26,1302.5],[2119,1302.5],[2119,1304.76],[2119.5,1306],[2119.5,1310.5],[2120.26,1311.5],[2120.26,1313.76],[2120.5,1313.76],[2120.5,1315.5],[2120.26,1315.5],[2120.26,1317.5],[2121,1319.26],[2121,1320],[2122.26,1321.26],[2122.26,1324.76],[2122.76,1326],[2122.76,1327.26],[2123.76,1328.5],[2124.26,1330],[2124.26,1334.76],[2123.26,1335.5],[2123.5,1337],[2123.5,1340],[2122.5,1342.5],[2122,1345.5],[2121.76,1345.5],[2121.76,1347.26],[2120.76,1348.76],[2120.76,1349.26],[2118.76,1351],[2118.5,1351.5],[2118.5,1354.26],[2118.26,1355.26],[2116.5,1357.26],[2115.5,1360.26],[2114.5,1361.76],[2114.5,1362.5],[2113.26,1363.76],[2113.26,1364.76],[2112.5,1366.26],[2112.5,1367],[2110.76,1369],[2110,1370.26],[2109.5,1370.5],[2108.26,1374],[2107.76,1374.5],[2107.5,1376],[2105,1379.26],[2104,1383],[2102.76,1385],[2102.76,1385.76],[2102,1386.76],[2101.5,1389.5],[2101,1390.76],[2099,1394],[2099,1394.5],[2098,1395.26],[2097,1397],[2096.76,1399],[2095,1401.5],[2094.5,1403.5],[2093.76,1405],[2092.76,1405.76],[2092,1407],[2092,1408.5],[2091.5,1409.76],[2089.76,1412.26],[2089,1414],[2088.26,1414],[2087.5,1415.76],[2086,1416.26],[2085.76,1417.76],[2084.76,1418],[2085.26,1415.76],[2088,1411],[2088.26,1409.76],[2089.5,1408.26],[2090.26,1407.76],[2091.5,1404.26],[2093,1402],[2093.26,1400.76],[2093.76,1400.5],[2094.5,1398.76],[2095.26,1398.26],[2096.26,1396.5],[2096.5,1395],[2096.5,1393.26],[2096.76,1392.5],[2099,1390.5],[2099.26,1389.26],[2099.76,1388.76],[2100.26,1386],[2101,1384.76],[2101,1384],[2102.26,1382],[2102.76,1380.76],[2103,1379.26],[2103.76,1378.5],[2104,1376.76],[2104.5,1376],[2104.76,1374.76],[2105.26,1374],[2106.5,1373],[2107.26,1371.76],[2107.5,1370.26],[2108,1369.26],[2109,1368.5],[2109.5,1366.26],[2110.26,1364.76],[2111.26,1364],[2111.26,1363.5],[2112.76,1362.26],[2113.76,1359.5],[2114.76,1358.5],[2115.26,1356.76],[2115.5,1356.76],[2115.5,1354.76],[2116.5,1352.26],[2117.76,1351.26],[2118.5,1350.26],[2120.26,1346],[2120.5,1344.76],[2120.5,1342.5],[2120.76,1342.5],[2120.76,1337.76],[2121,1337.76],[2121,1335.26],[2121.26,1334.5],[2122,1334],[2122,1332.26],[2121.5,1331.5],[2121.5,1330.5],[2120.76,1329.5],[2120.76,1327],[2120,1325.5],[2120,1323],[2119.76,1322.26],[2118.5,1320.5],[2118.26,1318.5],[2118,1318.5],[2118,1316.26],[2117.5,1315],[2116.5,1313.76],[2116.5,1311.5],[2116.76,1311.5],[2116.76,1309.5],[2116.26,1308.26],[2116.26,1305.26],[2115,1304.76],[2112.26,1304.76],[2111.26,1305.5],[2111,1306.5],[2109.5,1306.26],[2107.76,1306.26],[2107.26,1307.26],[2106.76,1307.26],[2105.5,1305.26],[2103.76,1305.26],[2103,1304.26],[2100.5,1304.5],[2100,1304],[2096.76,1304],[2096.5,1303],[2094.26,1303]],[[1608.76,942],[1608.76,942.26],[1611,942],[1612,941.26],[1612,940.26],[1611.5,939.5],[1613.26,939.26],[1613.76,938.76],[1615.26,938.5],[1616.5,939.26],[1618.26,939.26],[1618.76,938.76],[1620,938.5],[1618.26,936],[1616.76,935.26],[1616.76,934.5],[1616,933.76],[1616.76,931.26],[1615.76,931.26],[1614.5,932],[1612.26,932],[1611.5,931.26],[1609.26,931.26],[1609.26,929.5],[1609,928.5],[1610,928.26],[1610.5,926.76],[1609,925.5],[1608.26,923.26],[1607.26,922.76],[1606.26,922.76],[1605.26,922],[1603.76,922],[1602.26,921],[1600.76,919.5],[1600.76,916.5],[1601,916.5],[1600.76,914.76],[1597.76,915],[1595,913.26],[1594.76,911.5],[1593.76,911.5],[1592.76,912.26],[1592,912],[1588.5,912],[1587.5,911.26],[1586.76,909.5],[1585,908.76],[1585.26,907.76],[1586.26,907],[1586,904],[1585.5,903.76],[1583.76,903.76],[1582.76,903.26],[1582.5,901.76],[1581.5,901],[1579.5,900.5],[1578.5,899],[1576.26,898.5],[1575.5,897.5],[1575.5,896.5],[1576,896.26],[1576,894.76],[1577.5,893.26],[1577.5,892.26],[1578.26,891],[1576.76,890.76],[1576.5,891.26],[1575.26,891.5],[1574,892.26],[1572.76,892.26],[1571.5,891.76],[1572,890.76],[1571.76,889.5],[1570.5,889.5],[1569.5,888.5],[1569.26,887.76],[1568.26,887.5],[1567.5,888.5],[1566.26,888.76],[1565,890],[1565.26,892.76],[1564.76,893.5],[1563.26,894.26],[1561.76,896.76],[1560.76,897],[1560.5,898.26],[1559.5,899.76],[1559.76,901.26],[1563,901.26],[1563.5,902.26],[1565.26,902.26],[1566.5,902],[1567,903.5],[1565.76,904.76],[1565.5,905.76],[1564.5,906.5],[1564.76,907.5],[1563.76,908.5],[1564.5,909.76],[1565.26,910],[1567.26,910],[1568,910.26],[1567.76,910.76],[1567.76,913],[1569.26,913.76],[1570.26,914.76],[1571.5,915],[1573,916],[1573.5,917.76],[1574.26,918.26],[1574.76,919.26],[1574.76,920.26],[1573.76,921.5],[1573.26,923],[1573.26,924.5],[1576.26,926.26],[1576.5,927.5],[1579,927.26],[1579.76,927.76],[1580.76,927.76],[1581.76,928.5],[1582.5,929.76],[1582.76,931],[1585,931],[1587,932.76],[1588.5,933],[1590,932],[1592,932],[1593.5,934],[1595.26,935.26],[1595.5,936.26],[1596.5,937.5],[1597,939.5],[1599.5,939.5],[1600.5,939],[1604,940.5],[1605.26,941.5],[1607.76,941.5],[1608.76,942]],[[2065.76,887.26],[2066.26,887.76],[2066.26,888.76],[2067.5,889.26],[2069.5,889.26],[2070.26,889.76],[2071.76,889.76],[2071.76,892],[2073.26,892],[2073.5,892.76],[2074.5,892.76],[2074.26,893.5],[2073.5,894],[2073.5,894.76],[2074.5,895],[2075.26,896],[2075.76,896],[2074.5,899.5],[2074.5,901.76],[2074.76,903],[2074.26,903.5],[2074.26,905.26],[2073,908.26],[2074,908.26],[2074,909.26],[2074.76,909.76],[2074.5,911.76],[2075,912],[2075,913.5],[2076.26,914],[2076.26,914.5],[2077.26,915.26],[2077.26,915.76],[2078.26,916],[2077.26,914.5],[2077.5,911.26],[2078.5,911],[2078,908.5],[2078.76,908],[2078.76,905.26],[2079.76,905],[2079.76,904.5],[2080.76,904],[2080.76,902.76],[2081.5,902],[2082.5,901.76],[2082.76,901],[2085.26,901],[2086.5,899.5],[2087.5,899.26],[2087.76,896.76],[2089,895.5],[2088.76,894.5],[2087.76,894.5],[2087.76,893.26],[2089,892.26],[2089,891.26],[2089.76,891],[2090.26,890.26],[2090.26,888.26],[2089.76,887],[2088.5,887],[2088.5,886.5],[2087.5,886],[2088,884.76],[2087.76,883.26],[2087,883],[2087.26,880.5],[2088,879.5],[2087.76,878.5],[2088.26,878],[2087.5,877.76],[2087.76,876.5],[2087.76,874.5],[2088.76,874],[2089.76,872.76],[2086.76,872.76],[2086,873],[2084.5,872.26],[2083.5,872.26],[2083.26,871.26],[2083.76,870.5],[2083.26,870.26],[2083,869],[2081,868.76],[2080.76,868],[2081.76,867.26],[2082.76,867.26],[2083,866.5],[2084.5,865],[2084.5,862.5],[2086.26,861.26],[2086.76,860.5],[2088.26,860.5],[2089.26,859.26],[2089.26,857.5],[2089,857],[2089,852.5],[2089.76,851.76],[2088.76,851],[2088.76,849.76],[2088.26,849.26],[2088.76,848.5],[2088.26,848.26],[2088.5,847.5],[2090,847],[2090,845.26],[2091.26,845],[2092.76,843],[2093.5,842.76],[2093.76,841.76],[2092.26,841],[2092,839],[2091.5,838.76],[2091.76,837.5],[2092.5,837],[2092.5,834.26],[2092,834],[2091.5,832.76],[2088.5,832.76],[2087.5,832.5],[2087,831.76],[2086.26,831.76],[2086,831],[2084.5,830],[2084.5,828],[2083.5,827.76],[2083.5,826.76],[2082,826],[2082,824.26],[2083.76,823.26],[2083.5,821],[2084.5,820.76],[2085.26,820],[2085,817.76],[2085.5,817],[2086.76,816.5],[2088.5,816.5],[2088.5,815.26],[2089,814.5],[2089,812.76],[2087.76,812],[2088,811],[2088.5,810.76],[2088.76,809.76],[2089.5,809.26],[2089.5,808],[2090.76,807],[2090.76,805.5],[2089.76,804.26],[2089.76,802.26],[2090.26,800],[2091.5,799.26],[2092.76,799.26],[2092.76,798.5],[2092,797.5],[2091.76,796.5],[2091.76,794.76],[2090.76,794.26],[2090.76,793.26],[2090.26,792.76],[2090.26,791.5],[2091.5,790.26],[2091.5,788.26],[2090.76,788],[2090.76,787.26],[2089.26,786],[2089.5,784.5],[2088.26,784],[2088.26,782.26],[2088.76,782],[2088.5,781],[2089.76,780.26],[2089.76,779.5],[2090.5,778.5],[2092.5,778.5],[2093,778.76],[2092.26,777.5],[2092.5,775.76],[2091.76,774.76],[2090.5,774.76],[2089.5,774.26],[2089.5,773],[2089,771.76],[2088.26,774],[2087,774],[2086,775.5],[2084,775],[2084,774.5],[2083,774.5],[2082.5,773],[2081.76,772.5],[2079.26,772.5],[2078.26,771.76],[2077.5,770.76],[2078.26,769.76],[2078.76,769.76],[2079.26,768.76],[2077.26,767.26],[2077,766.5],[2076,766.26],[2075.76,765.5],[2075.76,763.5],[2076.5,763],[2075.26,761.5],[2076.26,761],[2077,759.76],[2078,759.5],[2078,758.26],[2078.5,757.76],[2078.76,756.5],[2080.26,755.76],[2080.26,755],[2079.26,753.5],[2078.5,753.5],[2078.5,752.5],[2077.5,752.5],[2076.5,753],[2076.26,752.5],[2074.76,752.5],[2073.76,751.5],[2074,750.5],[2074.5,750.5],[2075.26,749.26],[2075.26,747.76],[2073.5,748.26],[2071.76,748],[2071.26,748.5],[2069.5,748.76],[2069.26,749.26],[2067.26,749],[2067,749.5],[2065.5,750.26],[2063.5,750.5],[2062.76,749.76],[2061.5,750.26],[2060.5,750.26],[2060.5,751],[2059.26,752.76],[2059,753.76],[2058.26,754.26],[2058.26,755.5],[2057.76,756],[2054,757],[2054,758],[2054.76,758.26],[2055.5,759.5],[2055.5,760.76],[2056,761],[2056,762.26],[2055.26,763.26],[2054.26,763.76],[2053.76,764.76],[2053,764.76],[2052.5,765.5],[2051.5,766],[2051.76,768],[2052.76,768.26],[2053,768.76],[2054,768.76],[2055.5,769.5],[2057.26,769.5],[2057.5,770.26],[2056.76,770.26],[2056,771.26],[2056,772],[2055,772.76],[2054,773],[2054,774],[2052.76,775],[2053.26,776],[2052.5,776.5],[2052.5,778.5],[2052.26,779.76],[2053.76,781.26],[2055.26,783.26],[2056,783.5],[2055.76,785.5],[2057.26,785.5],[2057,786],[2059.26,786.5],[2059.76,789.76],[2062.5,790.76],[2062.76,792],[2063.5,792.5],[2062.76,793.5],[2061,794.26],[2060.26,795.26],[2059.5,795.5],[2059.26,796.76],[2059.76,797],[2060,798],[2059.5,799.26],[2058.5,800.26],[2058.26,801.5],[2057.5,802.26],[2056,802.26],[2055.5,803.26],[2057.26,804.5],[2056.5,805.5],[2056.76,806.5],[2056,809.26],[2055.5,809.5],[2055.5,810.5],[2057.26,812],[2058,813.5],[2058,814.5],[2059.26,814.76],[2059.26,815.26],[2060.5,816],[2060.5,819],[2060,819.76],[2059,820],[2058.76,820.5],[2059.5,821.26],[2059.26,822.5],[2059.76,822.76],[2059.76,824.26],[2061.76,825.5],[2061.76,826.26],[2062.5,826.26],[2062.76,828],[2061,828.26],[2060.26,830],[2059.5,830.26],[2060,831],[2061,831.26],[2060.5,832.26],[2060.5,834.26],[2061,834.76],[2060,835],[2059.5,836.26],[2057.76,836.5],[2056.5,838],[2057.5,838.76],[2061.26,840.26],[2061.26,841.76],[2060.26,842.5],[2060,844],[2059.26,844.26],[2058.5,845.26],[2057,845.76],[2057,846.5],[2056.26,847.5],[2056.26,848.5],[2058,849.5],[2058,850.5],[2059.5,850.5],[2059.76,851.26],[2060.5,851.5],[2061,852.26],[2060.76,854],[2061.5,855.76],[2061.5,857],[2061,857.5],[2061,858.5],[2062,858.76],[2062.26,860.26],[2063,860.26],[2063.5,861.5],[2065.5,861.76],[2066.26,863],[2067,863.26],[2067,865.26],[2067.26,866],[2068.26,866.26],[2068,868],[2065,868.5],[2065.5,869.5],[2064.26,869.76],[2064,870.76],[2063.5,870.76],[2063.26,873.5],[2063.76,873.5],[2065.5,875],[2066.76,875.5],[2066.5,877],[2067,877.76],[2066,877.76],[2065.26,878.26],[2065,880.26],[2066.5,882],[2066.5,883],[2066,883.5],[2066.5,884.26],[2067.26,884.26],[2066.5,885],[2066.5,885.76],[2065.76,886],[2065.76,887.26]],[[1905.5,884],[1906.26,884],[1907,883.26],[1908.5,883],[1909,882],[1909,881],[1909.5,880],[1911,879.76],[1912,877.76],[1913,877.26],[1913,876.5],[1912,876],[1910.5,874.76],[1909.76,873],[1911.5,872.26],[1912,870.76],[1910.26,869.76],[1909.5,868.26],[1907.26,869.26],[1906.26,870.76],[1905.76,870.76],[1904.76,872],[1904.26,872],[1903.76,873],[1905.26,873],[1906,874],[1907,874.76],[1906.76,875.5],[1907.26,875.76],[1907.26,877.5],[1907.5,878.5],[1906.26,879.76],[1906.5,882.26],[1905.5,884]],[[1890.76,882.5],[1891.76,882.26],[1891.76,881],[1892.5,879],[1893,878.76],[1893,877.5],[1894,877],[1894.26,876.26],[1895.5,876],[1897,874.76],[1897,874],[1895.5,872.76],[1894.5,870.76],[1894.5,869.5],[1895.26,868.5],[1895.5,866.76],[1896.26,866.5],[1896.76,865.76],[1896.76,864],[1895.5,863.26],[1895.76,862.5],[1895.76,860.76],[1896,860],[1894.5,860],[1893,858.5],[1894,855.76],[1892.5,853.5],[1892.5,852.26],[1891.26,852.26],[1890.26,851.5],[1890.26,853.5],[1889.26,854.76],[1888,854.76],[1887.26,855.26],[1886.76,856.5],[1886,856.76],[1883.5,856.5],[1883.26,857.26],[1884.26,857.76],[1884.26,858.76],[1884.76,859],[1885,861.76],[1884,862.5],[1883.76,863.76],[1882.5,864.5],[1882.76,865],[1884.5,865],[1885.5,866.76],[1886.26,867],[1886.26,872],[1885.26,873.26],[1885,875],[1884.26,876],[1885.76,876.26],[1887.26,877.5],[1888.5,877.5],[1889.26,878.5],[1890,878.76],[1890,880],[1890.5,880.5],[1890.76,882.5]],[[1282.5,769.26],[1283.5,769],[1283.26,768],[1282.26,766.26],[1281,766.26],[1280.26,765.26],[1280,764.26],[1280.26,762.5],[1281.26,762.5],[1282.5,760.76],[1282.5,758],[1282.26,758],[1281.76,756],[1281,755.5],[1281,753.5],[1280.26,752.26],[1280,750.76],[1277.76,750.76],[1276.26,752],[1276,752.5],[1276,755.5],[1276.5,756.26],[1276.5,758],[1276.26,758],[1276.26,759.76],[1275.76,760.26],[1275.76,764],[1276.26,764.76],[1276.26,766.26],[1277,767.26],[1278,768],[1278.76,768],[1279.26,768.76],[1280.5,769],[1280.76,768.5],[1282,768.5],[1282.5,769.26]],[[1255.5,751],[1255.5,749.5],[1257,748.5],[1257,746.26],[1256,745],[1256,743.26],[1255.5,742.76],[1255.5,740.26],[1255,739.5],[1253.26,739.5],[1252.76,739.26],[1251.76,740.76],[1249.26,741.76],[1249.26,743],[1250,743.5],[1250,745.76],[1250.26,745.76],[1250.26,747.5],[1249,748.5],[1249.5,749.5],[1249.5,750.76],[1248.5,751.5],[1248.26,753],[1247.76,753.5],[1248.26,754.5],[1247.5,755.26],[1246.5,755.26],[1246,754.76],[1244,754.76],[1243,755.5],[1243.26,757.26],[1245.26,757.26],[1245.26,757],[1247.76,757],[1248.26,756.26],[1249,756.26],[1249.76,755.5],[1251.5,755.26],[1251.76,754.76],[1254.76,753],[1255.5,751]],[[1229.26,739.26],[1232.5,737.76],[1232.5,736.26],[1231.26,736],[1230.5,735],[1230.5,733],[1231.26,732],[1231.5,730.76],[1232.5,730],[1233,729],[1233.76,728.5],[1234,726.76],[1234.5,726.26],[1236.26,726.26],[1236.5,726.76],[1237.26,726.26],[1237.26,721.26],[1238,718.76],[1238,716.5],[1237.76,715.26],[1237,714.5],[1236.76,715.5],[1235.5,715.76],[1234.76,716.76],[1234.26,718.76],[1232.76,719.26],[1232.26,718.26],[1231.26,718.5],[1230.5,718],[1230.76,718.76],[1230.76,720.5],[1230.26,720.76],[1230.26,721.76],[1229.76,722],[1228.5,721.76],[1226.76,721.76],[1225.5,722.5],[1223.26,722.5],[1223.26,722.76],[1220,722.76],[1219.26,722.26],[1219.26,721.26],[1218.5,720.5],[1217,720.26],[1212.5,720.26],[1213,721.5],[1213.5,721.76],[1213.5,723.76],[1213,725],[1214.26,725.26],[1216,727.26],[1215.5,728.5],[1214.76,728.5],[1214.76,730],[1214.26,733.26],[1213,734.5],[1213,735.26],[1214.5,735.5],[1215,737],[1214,737.5],[1213.26,739],[1213.5,740.5],[1216,740.26],[1216.76,741.26],[1219.26,741.5],[1219.5,742.5],[1220.5,742.26],[1222.26,742.26],[1223,741.76],[1223.76,740.26],[1225,740],[1227,740],[1227.76,739.5],[1229.26,739.26]],[[1472.26,692],[1472.76,691.76],[1472.5,690.76],[1473,690.5],[1474,688.5],[1474,687.26],[1473,687],[1472.26,685.76],[1472.26,683.76],[1474,682.26],[1474.76,681.26],[1475.5,678],[1476.5,676.5],[1476.5,674.76],[1476.26,674.76],[1476,673],[1475.26,672.26],[1475.26,667.5],[1474.76,667],[1473.76,667],[1473.26,667.5],[1472,666.76],[1471.26,664.5],[1471.76,664],[1471.76,662.26],[1471.26,662],[1470.76,660.76],[1470,662.5],[1469,663.26],[1466.5,663.76],[1465.76,664.5],[1466.76,666],[1467.5,666.5],[1467.5,668.76],[1466.76,670],[1465.76,670.76],[1465,672.5],[1466.76,673.5],[1467,674.76],[1468.5,676.5],[1469,676.5],[1469,677.5],[1468,678.76],[1468.76,679.26],[1469.5,681],[1469.5,683],[1468.5,684.5],[1468.5,685.5],[1469.76,686.26],[1469.76,687.76],[1469,688.76],[1469,690],[1470.76,691],[1471.5,691],[1472.26,692]],[[2257.76,1118.26],[2258.26,1118.5],[2260,1118.5],[2260.5,1117.5],[2261.5,1116.76],[2262.76,1116.76],[2263,1116.26],[2264.26,1116],[2264.76,1116.5],[2266,1116.76],[2266.76,1117.76],[2268.5,1117.76],[2269.5,1117],[2272,1117],[2273,1117.5],[2274.5,1117.5],[2275.26,1116],[2275,1114.5],[2274.26,1112],[2273.76,1111.76],[2273.5,1110.76],[2272,1110],[2270.26,1110],[2269.5,1109.5],[2269.26,1108],[2269.76,1106.76],[2271.26,1106],[2273,1104.76],[2274.26,1104.5],[2274.26,1103],[2272.76,1102.26],[2272.76,1101.5],[2271.26,1100.76],[2270.26,1099.26],[2270.26,1097.5],[2271,1096.5],[2270.76,1094.26],[2270,1093.76],[2270,1089.76],[2268,1089.76],[2267,1088.76],[2265.5,1087.76],[2265.5,1087.26],[2264.5,1086.76],[2264.26,1085],[2263.26,1085],[2263,1084.5],[2261.5,1084.5],[2261.26,1084],[2260.26,1084],[2260,1085.76],[2258.76,1087],[2256.26,1087.5],[2255.26,1089.26],[2253.76,1090],[2252.26,1090],[2251.5,1092.26],[2249.76,1092],[2249.76,1090.26],[2250.26,1089.5],[2251,1089.26],[2251,1088.5],[2251.76,1088],[2251.76,1085.76],[2250.5,1085.26],[2249.5,1085.26],[2248.76,1084.76],[2248,1083.26],[2246.5,1083.26],[2246,1084.5],[2244,1084.5],[2243.5,1084],[2242.26,1084],[2241,1082.76],[2241,1082.26],[2239.26,1082.26],[2238.76,1081],[2237.5,1080],[2237.76,1078.76],[2238.26,1078.76],[2238.26,1077.76],[2237.5,1076.76],[2237.5,1075.76],[2236.26,1074.5],[2236.26,1073.76],[2235.5,1073.5],[2233.76,1073.5],[2232.5,1073.26],[2232.26,1072.76],[2230.5,1072.26],[2230.26,1071.5],[2228.26,1072],[2226.26,1072],[2225,1071.5],[2224,1070.76],[2223.26,1069.76],[2222,1068.76],[2221,1068.76],[2219.5,1067.76],[2216.76,1067.76],[2216.76,1068],[2214,1068],[2213.26,1068.5],[2212.26,1070.26],[2212.26,1071],[2211.26,1071.76],[2210,1072],[2207.26,1072],[2206.5,1073],[2206.26,1074.5],[2207.26,1075.76],[2208.26,1075.76],[2208.76,1076.26],[2212.26,1077.5],[2212.26,1079.76],[2214.26,1080.26],[2216,1080.26],[2216.76,1079.5],[2218,1079.26],[2218.5,1080],[2219.26,1080],[2220.5,1081.76],[2220.5,1083.5],[2220.26,1084],[2219,1084.26],[2218.26,1083.5],[2216.26,1083.5],[2215.76,1083.76],[2215.76,1085],[2217.26,1085.5],[2219.26,1085.5],[2219.76,1086.5],[2221,1087],[2221.5,1087.76],[2222.76,1088.26],[2223.5,1089.26],[2224.5,1089.76],[2225.5,1089.76],[2225.76,1089.26],[2228,1089],[2229,1090],[2229.76,1090],[2230.26,1090.76],[2232,1090.76],[2232.26,1091.5],[2233.76,1091.76],[2234.26,1092.26],[2237,1092.26],[2238.5,1092.5],[2239,1093],[2239,1094.5],[2237.5,1095.26],[2237.5,1096.26],[2238,1097.26],[2239.26,1097.76],[2239.76,1098.76],[2240.5,1099.26],[2241,1101.76],[2241.76,1102.26],[2244,1102],[2244.76,1103],[2244.76,1104.26],[2245.76,1104.76],[2247.26,1106.26],[2247.26,1107.26],[2246.26,1108],[2246,1108.76],[2246,1110.5],[2246.5,1111],[2247.76,1111],[2249.5,1111.76],[2249.26,1112.76],[2249.5,1114.5],[2252.76,1114.5],[2253.76,1114.76],[2254.26,1115.5],[2255.76,1116],[2256,1116.5],[2257.76,1117.76],[2257.76,1118.26]]],[[[2111.76,1413.76],[2111.26,1414.5],[2109.76,1415.26],[2109.76,1416],[2108.26,1416.76],[2107.5,1417.76],[2107,1417.76],[2106,1419],[2104.76,1419.5],[2104.26,1420.26],[2103,1420],[2103.26,1418.26],[2105,1417.26],[2106,1416],[2107,1415.26],[2108,1415],[2109,1413.26],[2109.26,1411.5],[2110.26,1411],[2110.5,1410.26],[2111.26,1410.26],[2112.76,1408.5],[2113.76,1407.76],[2114.76,1407.5],[2115.5,1406.26],[2117,1405],[2117.26,1404],[2119.76,1401.76],[2119.76,1401],[2120.76,1400],[2121.26,1398.5],[2122.26,1397.76],[2122.26,1397.26],[2123.76,1396.26],[2124.5,1395.26],[2125.76,1394.76],[2126.26,1394],[2127,1394],[2128.5,1393.26],[2129.5,1392],[2130.5,1391.5],[2130.5,1391],[2132.5,1389.76],[2133.76,1389.5],[2134.5,1388.5],[2135.5,1388.26],[2135.76,1387.76],[2138,1387],[2139,1385.5],[2140.26,1385],[2140.76,1384],[2141.5,1383.5],[2143,1380.76],[2143.5,1380.76],[2145,1379],[2145.5,1378.76],[2145.5,1377.76],[2146,1376.5],[2146.5,1376.5],[2147,1374.26],[2148.76,1373.26],[2150.26,1370.76],[2153.26,1370.26],[2153.5,1370.76],[2152.76,1371.26],[2152.76,1372],[2151.76,1373.5],[2151.26,1373.5],[2151,1374.5],[2150,1375.5],[2149.5,1377],[2148.26,1378],[2147.5,1380],[2145.26,1382.5],[2145,1383.5],[2144,1384.76],[2142.26,1385.26],[2140.5,1387.5],[2139.76,1388],[2138.26,1388.26],[2137.26,1389.76],[2135.5,1391],[2135.5,1391.5],[2133.5,1393.26],[2131.26,1393.26],[2127.26,1397],[2127.26,1397.5],[2124.76,1399.26],[2124.26,1400],[2122.5,1401],[2122.5,1401.76],[2121.76,1402.26],[2121.5,1404.26],[2120.26,1405.26],[2117.76,1406.5],[2116,1408.5],[2116,1409],[2115,1409.76],[2115,1410.76],[2113,1412.5],[2112.5,1413.5],[2111.76,1413.76]]],[[[110.76,2.5],[110,1.5],[109.76,0],[120.5,0],[120,1.26],[119,1.26],[118.76,2.5],[119.76,2.26],[119.26,3.26],[119,4.76],[118,4.76],[118,4.26],[115.76,4.5],[115.5,4],[114.5,4.26],[112.76,4.26],[112.26,3.5],[111.26,4.26],[111.26,3.26],[110.76,2.5]]],[[[106.5,0.5],[105.76,0.5],[105.5,1.26],[103.26,1.26],[102.76,1],[102.5,0],[106.5,0],[106.5,0.5]]],[[[109.5,1.76],[108.76,1.26],[108.76,0],[109.26,0.5],[109.5,1.76]]],[[[123,36.5],[123,38.5],[122,39.5],[121,39],[121.26,40],[122.5,40],[123.5,38.76],[123.5,37.5],[124,36.5],[124,34.26],[124.76,34],[124.76,32],[125.26,31.5],[126.26,31.5],[126.26,31],[127.26,31],[126.76,30],[127,29.26],[126.26,29.26],[125.76,28.26],[124.76,28.26],[124.76,24.5],[124.26,23.76],[123.26,23.26],[124,22.26],[124.5,22.26],[125.5,21.26],[126.26,20],[126.76,20],[127.26,18.76],[127,20.5],[127.76,19.76],[128.5,19.76],[129.76,18],[131,17.26],[131.5,18],[131.5,16],[131,16],[130.26,15],[128.76,15.26],[127.76,13.76],[127.76,12],[128.5,11.5],[128.5,10.5],[127.76,10.5],[127.76,11.5],[127.26,11.5],[127.26,10.26],[126.76,10.26],[126.5,8.76],[125.76,8.26],[125.26,7.26],[125.26,9],[125.5,9.76],[124.76,9.5],[124.76,6.5],[125.76,6],[125.5,5.26],[126,2.26],[124.76,2.26],[125,1.5],[124.5,1.26],[122,1.26],[121.76,0],[414,0],[413.5,0.26],[413.5,1.26],[412.76,1.76],[412.76,3.26],[411.5,4.26],[411.5,6.26],[410.76,6.5],[410.5,7.5],[409.5,8.26],[407.5,8.26],[407,9.26],[406,9.26],[406,8.76],[405,8],[403.26,8.26],[401.76,7.5],[399.26,7.5],[396.76,6.76],[394.76,6.76],[393,5.76],[390.76,5.76],[390.76,5.5],[386.76,5.5],[386.26,6],[384.5,6.26],[383.26,7],[382,7],[380.76,7.76],[379.26,8],[379,8.5],[376.5,8.5],[376,9],[373.26,9],[373,9.5],[372,9.76],[371,10.76],[369.5,11.26],[368.5,12],[367.76,13],[366.76,13],[365,15.5],[364.26,15.5],[363.76,16.76],[362,18.26],[361.76,19.5],[360.5,20.5],[360.5,21.26],[359.5,21],[358.26,20],[358,20.5],[357,20],[354.5,20],[354.5,19.26],[353,19.5],[352.5,18.5],[351.76,19],[351.5,20],[350.5,20],[350.26,19.5],[348,19.5],[347,19.26],[346.76,20],[345.76,20],[345.5,19.5],[342.76,19.5],[342.5,20],[341.26,19.76],[340.5,20.76],[337,20.76],[336.26,21],[335.26,22.5],[334,22.5],[332.76,23.26],[332.5,24.26],[332,24.5],[331.76,25.76],[332.5,26],[333,27.5],[333,28.76],[331.76,28.76],[331,27.76],[330,27.76],[329.76,27.26],[329,27.76],[327.5,27.76],[327.5,29.5],[326.5,29.5],[326.5,28.76],[324.76,28.76],[324.76,29.26],[323.26,29.26],[321.76,30],[320.26,30],[320.26,30.76],[319,30.76],[319,31.26],[317.76,31.76],[316.76,31.76],[316.26,32.5],[315.5,32.76],[315.5,33.76],[314,33.5],[311.5,33.5],[310,33.76],[309.26,34.26],[308.26,34.26],[307,35],[305.5,35.26],[304.76,34.5],[304.76,33.5],[303.76,32.5],[302.76,32.5],[302.76,32],[301.5,32.26],[300.76,31.76],[297,31.76],[296.76,31.26],[294.76,31],[294.5,31.5],[293.26,31.5],[292.76,30.76],[291.76,30.76],[291.5,30.26],[290.76,30.76],[288.5,31],[288.26,30.26],[287.5,30],[287.26,30.76],[286.26,30.76],[285.76,30],[285.5,30.5],[283.5,30.5],[283,29.76],[281.5,29.76],[280.76,30.26],[280.5,31.26],[279.76,31.5],[279.76,32.5],[276.5,32.76],[276.5,34.26],[275.5,34.26],[275.26,35.26],[274.5,35.76],[275,36],[275,37.26],[274,38],[275,38.76],[275,39.5],[274,40],[274,41.26],[274.76,41.5],[274.76,43.5],[274.5,43.5],[274.76,45.5],[275.26,45.76],[275.26,46.76],[274.5,47],[274.5,48.26],[275.26,48.26],[276,49.5],[276.26,51.5],[277.76,53],[278,54.76],[279.5,55.5],[279.5,56.26],[280.5,57],[280.76,58.26],[283.26,58.5],[283.26,59.5],[282.76,60.26],[283.5,60.26],[283.5,61.26],[284.26,61.5],[284.5,62.26],[286,62.5],[287,63],[288,64],[289.26,64],[291.76,65.26],[294.26,65.5],[294.5,66],[296,66.5],[296,67.26],[294.76,67.26],[294.76,68.5],[295.5,68.76],[295.26,69.76],[293.26,69.76],[292.76,71.26],[291.76,71.26],[291.5,72],[290.5,72.26],[290.5,73.26],[289.76,74],[289,74],[288,75.5],[288,76.5],[288.5,76.76],[288.76,77.76],[289.26,77.76],[289.26,78.76],[288.76,79.5],[288.76,80.5],[289.5,81],[290.26,82.76],[290.76,83],[291.76,84.5],[293,85],[293,86],[292.5,86.26],[292.5,89.5],[291.76,89.76],[290.5,91.26],[289.76,91.5],[289.76,93.26],[290.26,93.5],[290.26,95.26],[292,97.5],[293,97.5],[294,99],[295.26,99],[295.26,99.5],[296.5,99],[296.5,98],[298,96.5],[299.5,94.5],[301.26,94.76],[301.26,95.76],[300.76,96],[300.76,97],[300,97.26],[300,98.26],[299,98.26],[299,99.76],[298.26,100],[298,101],[297,101],[296.76,102],[296,102.26],[296,103.26],[295.26,103.76],[295.26,105],[294.76,105],[293.76,106.26],[293.76,107.5],[292.76,108],[292.76,109.76],[293,110.76],[292.26,111.5],[292.26,113.5],[291,113.5],[290.76,114.5],[289.5,115],[289.26,116.26],[288.5,116.5],[288.5,118.26],[287.76,120],[286.26,120],[285.5,121.76],[283.5,122.26],[282.5,123.5],[281.5,124],[280.5,124.26],[279.5,125.5],[278,126],[276.76,125.76],[276,126.76],[274.5,127.26],[274.26,128],[273.5,128.5],[272.5,130],[269.76,129.26],[267.5,127.26],[264.5,127.26],[263.5,127.76],[262.76,128.76],[261.26,129],[260.76,130],[260.76,131],[260,132.5],[260,134],[259.5,134.76],[255.26,134.76],[254.76,134.26],[253,134.5],[251.26,136],[249.76,136.26],[247,136.26],[245.5,135.76],[243.26,136],[242.5,137],[241.5,137.26],[241,138],[237.76,138],[237.26,137.26],[235.76,137],[235.5,135.26],[234,135.26],[233,135.76],[231.76,134.5],[229.26,133.76],[229,133.26],[226.76,132.5],[226.5,131.76],[225.76,131.26],[224,131.5],[223.5,130.76],[222.76,130.76],[222.5,130],[220.5,128.5],[218.76,127.5],[218.5,126.76],[218.5,125],[218,124],[216.26,123.76],[216.26,122],[215.26,121.5],[215.26,120.76],[216,120.5],[216.26,119],[216.76,118.5],[216.76,117.26],[216,116.26],[213.5,116.5],[213.26,117],[212,117],[211.5,117.5],[209.5,117.5],[209,116.76],[206.5,116],[206.26,116.5],[205.5,116.26],[205.26,116.76],[203.76,117.5],[202.26,117.5],[200.76,116.76],[200.5,116],[199.5,115.5],[199,114.26],[197.76,113.5],[197.5,113],[197.5,110],[197,109.76],[197.26,109.5],[196.76,108.26],[196,107.26],[197.5,107.5],[197,106.5],[196.26,106.5],[195.76,105.76],[195.26,106.5],[192.5,106.26],[191.76,107],[191.5,108],[190.5,107.76],[190.5,108.5],[188.26,108],[185.76,108],[185.76,107],[184.76,107],[184.5,106.5],[183.26,106.26],[183.26,105],[182,104.5],[181.76,103.76],[181,103.26],[179.76,103.26],[179,102.5],[177,102.5],[177,102.76],[174.26,102.76],[174.5,102.26],[175.76,102.26],[176,101.5],[174,101.76],[173.76,102.5],[172.5,102],[171.5,102],[171,102.76],[170.76,101.76],[170,101.76],[169.26,102.76],[169.26,105],[170.26,105.26],[169.76,106],[170.26,107.76],[169.5,108],[169.26,109],[168.5,108.5],[166.76,108.5],[166.5,108.26],[166.76,106],[166.26,105.76],[166.26,104.5],[165.5,104.5],[165.5,102.76],[165.26,103.5],[163.76,105],[166,105],[166,105.5],[163.76,105.76],[163.5,107],[162.76,107],[162,108],[161,108.76],[161.5,110],[161.26,111.26],[160.5,111.26],[160.5,109.5],[160,110],[160,111],[159.5,111],[159.5,112.26],[158.76,112.26],[158.76,113],[157.76,112.26],[157.76,110.76],[157,110.5],[156.5,109.76],[156.26,110.5],[152.26,110.5],[152,108.5],[151.26,107.5],[150.26,108.26],[149.26,108.26],[149.26,107.5],[148,108],[147.5,107.26],[144.5,107.5],[143.76,106.76],[143.5,108],[143.26,107.26],[141.5,107.26],[139.76,107.5],[140.5,106],[139.26,106.26],[140.5,105.5],[141.5,104],[142.5,103.76],[143,103],[145.26,103],[146.76,102.5],[147.26,103.26],[147,100.76],[148,101],[148,102.5],[148.76,102.5],[149,101.26],[147,99.76],[146.76,98.5],[145.26,98.5],[145,97.76],[144.5,98.26],[142.76,98.5],[142.76,97.76],[140.76,97.76],[140.5,98.5],[139.26,98.76],[138.5,99.76],[136.76,100],[137.76,99.26],[137.76,98.76],[137.26,98.5],[136,98.76],[135.5,97.76],[136.5,98],[136,97],[134.26,97],[134.26,97.26],[132.5,97],[132,96.26],[132,95.26],[129.76,96],[129.76,95],[126.76,95],[126.5,96],[125.76,96],[125.5,95.26],[124.76,95.26],[124.5,96],[123.26,96],[123.76,95],[121,95],[121.76,95.5],[122,96.26],[121,96.76],[120,96.76],[119.5,96],[117.26,95.26],[117.26,93.76],[117.76,93.5],[118.26,92.26],[117.26,91.5],[117.26,89.5],[117.5,89.26],[119.5,89.26],[119.5,88.76],[118.5,88.26],[119.5,88.26],[119.5,87.76],[121,87.5],[120.5,87],[121.5,86.76],[121.76,87.26],[122.76,87.26],[123,86.26],[122.5,86.26],[121.76,85],[122.5,85],[123,85.76],[123,84.5],[122.26,84.5],[123,82.5],[123.76,83],[124.76,82.5],[126.26,82.5],[126.26,81.76],[127.76,81.76],[127.76,82.26],[128.76,81.5],[131.26,81.5],[131.26,83],[132,83.26],[132.5,82.5],[132.5,83.5],[133.5,83.5],[134.5,84],[134.26,82.76],[135.5,82.5],[135.5,81.5],[136.5,81.5],[137,80.76],[137.26,81.5],[138.26,81.5],[138.5,80.76],[140.76,80.26],[141.76,78.76],[142.26,79.26],[141.5,79.5],[141.26,80.5],[142.76,79.26],[142.76,78.26],[143.26,77.76],[143.26,78.76],[144,78.26],[144.26,77.5],[146,77.26],[146,73.5],[146.76,72.76],[146.76,71.5],[145.5,71],[145,71.76],[145,75.76],[143.26,75.76],[142.26,76.5],[142,74.76],[141,74.76],[141.26,75.76],[140.76,75.76],[140.5,74.76],[139.5,75],[139.26,76.5],[138.5,76.76],[138.5,76],[137.5,76],[137.5,76.76],[138.26,76.76],[137.5,77.76],[137,79],[136,79],[136,78.5],[137.26,77.5],[137,77],[135.5,78.26],[135.5,77.5],[134.5,76.76],[135,78.5],[133.76,77.5],[133.5,76.5],[134,76.26],[133.76,75.5],[134.5,75.5],[133.76,74.76],[133,74.76],[133.26,74],[132.26,73.76],[133.26,72.26],[134.26,72.26],[134.5,73.26],[135.76,73.26],[136.5,72.76],[136.5,71],[138.26,70.76],[138.5,69],[137.76,64],[135,65],[135.5,64],[133.5,64.26],[133,63.26],[134,63.26],[133.5,62.26],[131.5,62],[130.26,63],[128,62.76],[127.76,63.5],[126.76,63.26],[126.76,64],[125.76,64],[126,63],[125,63],[124.76,63.76],[124.26,63],[123,62.76],[122.26,62.26],[121.5,63.5],[120.26,63.5],[120.26,63],[118.26,62.26],[116,62.26],[115.26,63],[114.26,63],[115.26,63.5],[115.26,64],[114,64],[112.76,64.5],[112.5,64],[112,64.76],[111.5,64.26],[112.26,63.26],[111.26,63.26],[112,62.26],[112.76,62],[112.26,60.5],[112.26,57.5],[112.76,57.26],[112.76,55.5],[113.5,55],[113.26,53.26],[112.26,52.5],[112.26,51.76],[111.26,51.5],[111.26,52.5],[110.5,52.5],[110,51.76],[109,51.5],[109,50.76],[110,51.26],[110,50.5],[108,49.5],[107.5,48.26],[106.76,47.76],[105.76,48],[103.76,48],[103.76,47.76],[106,47.5],[105.76,46.76],[103.5,46.76],[103.26,47.5],[101.5,47.76],[101.5,46.26],[102.5,45.5],[103.5,45.5],[103.5,44.76],[102.76,43.76],[101.76,43.76],[100.76,45],[100.5,45.76],[100,45.5],[100,44.5],[100.76,43.5],[99.76,43.76],[99.76,44.76],[98.76,45.5],[99.26,43.76],[97.76,44.76],[97.76,43.76],[98.5,43.5],[98.5,42.76],[99.76,42.5],[99.76,41.26],[97,41],[96.76,40],[97.76,39.26],[98,37.5],[98.76,37],[101.26,36.76],[100.76,36],[98.76,36],[99.76,35.26],[99.76,34.76],[100.5,35.5],[101.26,35],[101,33.76],[100.26,33.26],[99.76,32.26],[100.26,31.26],[100.26,29.76],[101.76,29.76],[101.76,31.26],[102.76,31.26],[102.76,32.5],[103.26,33.26],[103.76,33],[105.5,33],[105.5,30.26],[106.76,29.76],[106.76,28.26],[108.5,28.5],[108,27.5],[109.26,27.5],[109.76,28.26],[110,29.76],[110.5,29.5],[110.5,28.5],[111.26,28.76],[111.5,30.26],[111.5,29.5],[112.5,29.26],[112.26,30.5],[112.76,30.5],[113,29.5],[115.26,29.26],[115.26,28.5],[117,27.5],[119,28],[118,28.76],[117.26,28.26],[117.76,29.5],[117.26,30.26],[119,29.26],[119,30],[120.76,30.26],[121.26,31.26],[120.26,31.26],[119.26,30.26],[119.76,31.26],[119.76,32.26],[119,32.5],[119,33.76],[119.76,34],[120,32.26],[120.76,32.5],[120.5,33.76],[121.5,33.76],[121.76,35],[121,35],[122,36.26],[122,38],[122.26,37],[123,36.5]]],[[[125.5,3],[125.26,4],[124.76,4],[125.5,3]]],[[[111.76,4.76],[112.76,4.5],[112.76,5],[111.76,4.76]]],[[[123.5,22.26],[122,22.5],[122.5,21.76],[123.76,21.76],[123.5,22.26]]],[[[122.26,23.26],[123,24.26],[122,24],[122.26,23.26]]],[[[106.5,28.26],[105.76,28.5],[106,27.76],[106.76,27.5],[106.5,28.26]]],[[[113.5,29],[113,28.76],[113.26,28],[114.26,28],[114.5,28.76],[113.5,29]]],[[[123,36.5],[123,35.5],[123.5,35.5],[123.5,36.5],[123,36.5]]],[[[97.26,37],[97.5,38.5],[97,39.26],[96.26,39.5],[95.26,39.26],[95.26,38.5],[96.5,38.5],[97.26,37]]],[[[96,41.5],[95.26,41.26],[95.26,40.5],[97.26,41.5],[98.5,41.5],[97.76,42.26],[97.5,41.76],[96.76,42.26],[96.5,41.26],[96,41.5]]],[[[110.76,57.5],[111.26,57.26],[111.26,58.26],[110.76,57.5]]],[[[119,63.5],[118,63.76],[117.5,63],[119,63.5]]],[[[134.5,71.76],[136.26,71.76],[136.26,72.26],[134.76,72.26],[134.5,71.76]]],[[[132.5,74.5],[131.5,74.26],[131.5,73.76],[132.5,74],[132.5,74.5]]],[[[135.26,80.5],[136.26,80.26],[136.26,80.76],[135.26,80.5]]],[[[128.26,81.5],[128,81],[127,81.26],[127,80.76],[129.76,80.5],[129.5,81],[128.26,81.5]]],[[[132.5,82.26],[131.76,81.5],[132.5,81.5],[132.5,82.26]]],[[[117.26,88.76],[116.5,89.5],[116.26,87.5],[117.5,88],[117.26,88.76]]],[[[115.26,90.5],[115.5,88],[116,88.5],[116,91],[115.26,90.5]]],[[[116.5,92.5],[117,92],[117.26,92.76],[116.5,92.5]]],[[[125,99.26],[125.5,98],[126.76,98],[126.76,99],[126.26,99.76],[125.26,99.76],[125,99.26]]],[[[129.76,99.5],[131.26,99.26],[132,99.76],[131.5,98.76],[133,99.26],[133.5,100.26],[134.26,100.76],[135.5,101],[135.5,103.26],[134,103.26],[133.26,102.26],[132.5,102.76],[132.5,101.76],[131.5,100.76],[129.5,100.76],[129.26,100],[129.76,99.5]]],[[[134.26,99.26],[135,99],[135.26,99.76],[134.26,99.26]]],[[[125.5,100.76],[124.26,101],[124.26,99.76],[125.76,100.26],[125.5,100.76]]],[[[139.26,104.26],[139.26,105.5],[138.76,105.5],[138.76,104.5],[139.26,104.26]]],[[[139.26,107.5],[138.5,107.5],[138.5,106.5],[139.26,107.5]]],[[[184.76,108.26],[184,108.5],[183,108],[182.76,107],[183.76,107.26],[184.76,108.26]]],[[[164,107.5],[163.5,108.5],[162.76,108.5],[163,107.76],[164,107.5]]],[[[154.76,112.26],[153.76,112],[153.76,111.5],[155.26,111.5],[156,110.76],[156.76,110.76],[157,112],[156,111.76],[154.76,112.26]]],[[[414,8.5],[414,7.5],[414.5,7],[414.5,4.76],[415,4.5],[414.5,3.5],[414.5,0],[475.26,0],[474.5,0.5],[474.26,2.26],[473.76,2.26],[473.26,1.26],[473.26,3],[472.76,4],[473.26,4.26],[473.26,5.5],[474,6],[474,7],[474.5,8],[473,8],[472.76,9.26],[472,10],[472,11],[470.5,11],[470.5,10.5],[469.5,10],[469.76,8.76],[471.5,9],[471.5,8.5],[469.76,7.26],[469.5,7.76],[466.5,7.76],[467,7],[465.26,6.76],[465.26,7.76],[464.76,7.76],[464.76,9.26],[464,9.76],[463.76,11.26],[462.76,11.5],[462.76,12],[461.76,11.76],[461.76,12.26],[460.76,12.76],[459.26,12.76],[458.76,12],[457.26,12.5],[456,12.5],[456,13],[454.5,13.26],[454,14.76],[455.26,15],[456,14.76],[455.76,16],[455,16],[454.26,17],[454.76,17.76],[452.5,18],[453,19.5],[450.26,19.5],[450,20],[448.5,20],[449.26,19.5],[448.76,18.76],[449.26,18.5],[449.26,17],[448,16.76],[445.76,14.76],[443.76,14.76],[443.26,14.26],[444.26,13.26],[443.5,13.26],[443.5,12.5],[444.26,12.26],[444.76,10.76],[443.5,9.76],[443.5,9.26],[442.5,9.26],[442.5,7],[441.5,7.26],[442,7.76],[441.26,8.76],[442,9.26],[441.76,9.76],[440.26,10],[438.26,10],[438.26,9.76],[434,9.76],[434,9.5],[430,9.5],[430,9.26],[422,9.26],[422,9],[418.5,9],[418.5,8.76],[416.76,8.76],[416.76,8.5],[414,8.5]]],[[[474.26,4.26],[475,5.76],[474.26,5.5],[474.26,4.26]]],[[[468.76,10.5],[468.5,9.5],[469.26,8.5],[469.26,10.5],[469.76,11.5],[468.76,10.5]]],[[[527.26,1366.5],[528.5,1365.26],[528.76,1366.26],[531,1367.76],[533.26,1367.76],[534.26,1367],[535.76,1366.76],[535.5,1368],[534.76,1369.76],[532.26,1369.5],[532,1372.26],[527,1372.26],[526.76,1372.76],[525,1372.5],[524.76,1371.26],[523.26,1371.5],[523.5,1370.26],[525.5,1369.76],[525.76,1369],[526.76,1368],[526.76,1366.76],[527.26,1366.5]]],[[[541,1369.76],[541,1370],[538.76,1370],[537.76,1369.76],[537.26,1368.5],[538,1368.26],[538.76,1367.26],[539.76,1367],[539.5,1364.5],[540.26,1364],[542.26,1364],[543.5,1365.26],[545,1364.76],[545.26,1364],[546.5,1364],[546.5,1365.5],[547.5,1366.5],[547.5,1367.76],[547,1368.5],[546.26,1368.5],[545,1367.5],[543.26,1367.5],[542.5,1368.5],[541.76,1368.5],[541.5,1369.5],[541,1369.76]]],[[[515.26,1380.76],[515.5,1380],[517.5,1380],[518.76,1379.5],[519.26,1378.76],[521.26,1380],[521,1382],[520,1382.26],[520.5,1383],[523.76,1383],[524.26,1382.76],[524.26,1384.26],[525.26,1385.26],[525.26,1386],[526.26,1386.5],[526.5,1387.5],[525.26,1387.5],[525,1388],[521.5,1388],[521,1388.76],[519.76,1389],[518.26,1388.76],[518.26,1391.26],[517,1391.76],[517,1393.26],[515.76,1394.5],[513.76,1395.26],[513.76,1390.26],[514,1389.76],[513,1389.5],[513,1388],[512,1387.26],[513.76,1386.76],[514.26,1386],[513,1384.76],[512.26,1384.76],[513.26,1383.5],[514.76,1383],[514.76,1382.5],[513.5,1382.26],[513.76,1381],[515.26,1380.76]]],[[[526.76,1400],[527.5,1399.5],[530.26,1399.5],[530.5,1399],[531.5,1399],[532,1398.5],[534.26,1398.76],[534.5,1400.76],[533.5,1401.76],[533.5,1403.5],[534,1404],[534,1406.26],[533.5,1406.76],[532.5,1406.76],[531.76,1408],[531.26,1411.5],[529.76,1412.5],[528.5,1412.5],[529,1411.5],[529,1406.5],[528.26,1406.26],[528,1405.5],[527.26,1405.26],[527.76,1404.5],[527.76,1403.5],[528.26,1403.5],[528.76,1402.26],[527.76,1401.5],[526.5,1401.26],[526.76,1400]]],[[[521.76,1416.26],[522.26,1416.26],[523.26,1414.76],[523.26,1414],[524.76,1414],[525,1415.76],[525.5,1416.26],[525.5,1418.5],[524.26,1419.76],[523.26,1419.76],[523.26,1421.26],[523.76,1422],[523.76,1424.5],[523.5,1424.76],[521.26,1424.76],[521.26,1426],[520.76,1426],[520,1427],[518.76,1427.26],[518,1428],[515.26,1428],[516.26,1427.26],[516.26,1423.5],[516.76,1422.5],[515.26,1422.26],[515,1421.5],[514,1421],[514.5,1419.76],[515.26,1418.76],[516.26,1418],[517,1418],[517.5,1417.26],[517.5,1415.76],[519.26,1415.76],[520.26,1416.76],[521.5,1417],[521.76,1416.26]]],[[[570.76,1213.5],[571.5,1212.76],[571.76,1213.26],[572.76,1213],[573,1212.5],[573.76,1212.76],[574,1213.76],[574,1215.76],[573.76,1215.76],[573.76,1217.5],[574,1218.26],[573,1218.26],[572.5,1217],[571.5,1216.26],[570.5,1216],[570.5,1213.5],[570.76,1213.5]]],[[[578.76,1240.76],[580.26,1240.26],[581.5,1239.26],[582.76,1239.5],[582.76,1240.5],[585,1240.26],[585.26,1239.76],[586.5,1239.5],[587.26,1240.76],[586.5,1241.26],[587.26,1242],[589.26,1241.76],[589.5,1241],[590.26,1241],[590.5,1242.76],[591.26,1242.5],[591.5,1243.5],[591,1243.76],[591.5,1245.26],[593,1246.26],[594.5,1245.76],[594.76,1246.5],[593.76,1246.76],[595.26,1248],[597,1248],[598.26,1248.26],[600,1249],[601.76,1249],[602,1248.5],[603.5,1248.26],[603.76,1249],[604.76,1249.26],[605.5,1250.5],[605.76,1252],[609.26,1252],[610,1251.26],[609.26,1251],[609.5,1249.76],[610.76,1249.5],[610.76,1248.76],[612,1249.5],[612.76,1250.76],[613.26,1250.76],[614,1251.76],[615.5,1251.76],[615.76,1251.26],[617.5,1251.26],[618,1252],[620,1252],[621.26,1252.76],[620.76,1253.76],[618.76,1253.5],[617.5,1254.5],[616.5,1254.5],[616,1255],[617,1255],[618,1255.76],[619,1255.76],[619.5,1256.5],[620.26,1256.5],[621,1257.5],[621,1258.26],[622,1258.5],[623,1257.76],[623.26,1255.76],[624,1256],[624,1258.5],[624.76,1258.76],[625,1260],[625.76,1260],[627.26,1261],[627.5,1262],[626.5,1262.76],[626.26,1263.5],[626.26,1265.26],[625.26,1267],[625.76,1267.26],[626.26,1268.5],[626.26,1270.26],[628.5,1270.5],[628.76,1271],[630.76,1271.26],[630.76,1272],[628.76,1272],[628,1272.26],[628.26,1274.5],[629,1275.26],[630.5,1276],[630.76,1275.5],[632.26,1275.26],[632.5,1274.5],[633.76,1274.26],[635,1275.26],[635,1276.26],[636,1277.26],[637,1277.76],[637.5,1279.76],[636.76,1280],[636.5,1279],[635.5,1279],[635.5,1280.76],[634.76,1281.26],[635.26,1281.5],[634.76,1282.76],[633.5,1282.76],[633.76,1283.76],[634.76,1284.5],[636,1284.76],[637.5,1286],[637.76,1287.26],[638.5,1288],[639.5,1288],[640.76,1289],[641.76,1289],[643.26,1286.76],[644.26,1287.76],[644.26,1288.5],[645.26,1289],[644.76,1289.76],[644,1290],[644.26,1291],[644.26,1292.76],[644.76,1293.5],[645.76,1293.5],[646.26,1295],[647.5,1295],[647.26,1295.5],[648.26,1295.76],[650.5,1295.76],[650.26,1297.26],[649.26,1297.26],[648,1297.76],[647.5,1298.5],[648,1298.76],[647.26,1299.76],[646.5,1300],[646.26,1301],[647.26,1302.5],[648.76,1303.26],[651,1303.26],[651.76,1303],[652.5,1302],[653.5,1302.26],[653.76,1304],[654.76,1304.26],[655.5,1305.26],[657.76,1305.26],[657.76,1305.5],[661,1305.76],[661,1305.26],[662.5,1304.76],[662.76,1305.26],[664.5,1305.76],[664.5,1306.76],[665,1307],[667.26,1307],[667.76,1306.5],[669,1306.26],[669.5,1306.76],[670.5,1306.76],[670.5,1307.5],[668.5,1307.76],[667.5,1308.26],[667,1309],[665.5,1309],[664.76,1308.26],[662.26,1308.26],[661,1308.5],[660.26,1309.26],[659.76,1310.5],[657.76,1310.26],[657,1310.76],[656.5,1312.26],[655.76,1313.26],[657,1312.76],[658.76,1312.5],[659.26,1312],[660.5,1312.26],[662.5,1312],[666.5,1312],[667.5,1313],[668.26,1313.26],[670.5,1313.26],[672.26,1312.26],[672.5,1311.26],[673.26,1311],[673.76,1310.26],[674.5,1311],[674,1311.76],[675,1312.26],[676.76,1312.26],[677,1313],[676.26,1314],[674,1315.26],[673.76,1316.5],[673,1316.26],[671.26,1315],[669.5,1315],[669.26,1315.76],[668,1316.5],[666.5,1316.5],[666.76,1317],[668,1317.26],[670,1317.26],[670.26,1317.76],[673,1318.26],[674.76,1318.76],[675.76,1319.5],[676,1320.5],[677.26,1320.5],[677.76,1319],[678.76,1318.76],[679,1317.76],[679.76,1318],[679.76,1318.76],[680.76,1319],[679.5,1321],[678,1321.5],[677,1321.5],[676.26,1322.76],[675.26,1322.5],[673.26,1322.5],[673,1322],[671.76,1322.5],[670.26,1322.5],[669.76,1322],[667.76,1322.26],[667.26,1323.5],[666.26,1323.5],[665.5,1323],[663.5,1323],[662,1322.76],[661.26,1323.5],[658.5,1323.76],[657.26,1323],[656,1323],[655.5,1324.26],[654.76,1324],[652,1324],[651.26,1324.5],[650,1324.5],[648.76,1323.5],[647.5,1323.5],[646.26,1322.5],[646.26,1322],[647.26,1321.5],[646.76,1320],[644.5,1320],[644.26,1319.5],[643.26,1319.26],[643,1320],[642.26,1320],[641.76,1318.76],[641,1317.76],[640.5,1317.76],[640.5,1316.26],[641.26,1316],[641.5,1315],[642.26,1315.26],[642.76,1316.26],[643.5,1315.76],[643.26,1315],[643.26,1313.26],[642.26,1312.76],[642.26,1312],[641.5,1311.5],[639.76,1311.26],[638,1310],[635.26,1310],[634,1309.26],[634,1308.5],[635.26,1307.76],[634,1307],[634.26,1306.26],[633.76,1306],[631.26,1306],[631.26,1306.26],[629.26,1306.26],[628.5,1305.26],[627,1305.26],[626,1304.26],[624.76,1304.26],[624.26,1303.76],[624.5,1302.76],[625,1302.5],[624.76,1301],[624,1301],[623.5,1301.76],[622.76,1301.26],[622.26,1301.5],[622.26,1299.76],[621.76,1299.26],[621.76,1298],[623,1297.5],[622.76,1296],[622,1295.76],[622.26,1294.26],[623.5,1295.26],[624.76,1295],[624.76,1294],[623.26,1293.5],[623,1292.5],[622.5,1292.5],[621.76,1291.5],[618.26,1291.5],[618,1290.76],[617.26,1290.76],[617,1289.76],[618.5,1289.76],[619.26,1289.26],[619.5,1289.76],[619.5,1287.76],[618.76,1287.76],[617.76,1285.5],[616.5,1284.76],[614.5,1284.76],[613.76,1282.76],[613.76,1280.76],[611.76,1280.5],[610.76,1281],[609.5,1280],[609.5,1279.26],[608,1278.26],[607.76,1279.26],[609.26,1280.5],[608.76,1282.26],[610.26,1282.76],[610,1284.5],[609,1284.5],[609,1284],[608,1283.26],[606.26,1281],[605.5,1280.76],[603.76,1280.76],[602.26,1280],[602,1278.5],[601.26,1278.5],[598.76,1276.5],[598.5,1273.5],[597.26,1274.26],[597.5,1275.76],[595.76,1276.5],[596.5,1277.76],[598,1278.26],[599.76,1278.5],[599,1279.26],[599.5,1280.5],[601.76,1280.76],[602,1281.5],[603.5,1282.26],[603.26,1283],[602.26,1283],[601.26,1281.76],[600.5,1282.5],[599.5,1282.5],[598.5,1281.26],[598,1281.26],[597,1279.76],[594.5,1279],[593,1279],[591,1279.76],[590.5,1280.5],[588.5,1280.26],[588.26,1279.5],[586.5,1278.76],[586,1278],[585,1277.76],[582.26,1278],[580.26,1279],[578,1279],[578,1278.76],[576.26,1278.26],[575.26,1276.5],[572.76,1276.26],[572,1275.5],[572.26,1273.26],[571.76,1272.76],[569,1272.26],[568,1271.5],[567.76,1270.26],[567.76,1267.76],[569,1266.76],[568.76,1265.5],[568.26,1265.5],[568.26,1264.5],[569,1263.76],[568.76,1263.26],[568.76,1261],[567.76,1261.26],[567.76,1262],[566.76,1262],[565.76,1261],[565,1261],[564.26,1260],[563,1260],[562.26,1258.5],[562.26,1256.5],[561.76,1256],[559.26,1255.76],[558.76,1256.5],[556.76,1256.5],[555.5,1255.5],[555.5,1254.5],[557.26,1255],[557.5,1253.5],[557,1253],[557.26,1252],[557.76,1252],[557.76,1250.76],[557.26,1250.5],[554.26,1250.5],[553.5,1249.5],[554,1246.26],[553.5,1245.5],[552.5,1245],[552.5,1244.26],[554.26,1243.76],[555.5,1242.5],[556.5,1242.5],[556.5,1242],[557.76,1241.76],[558.5,1242.26],[558.5,1243],[559.76,1243.76],[561,1243.5],[561.26,1242.5],[563.5,1242.5],[563.5,1243],[564.5,1244],[566.76,1244.26],[565.5,1245.5],[564,1245.5],[564.76,1246.76],[566,1247.26],[569,1247.26],[570.26,1247],[571.5,1245.76],[571.5,1245.26],[573.26,1245.26],[574,1246.26],[575.5,1246.26],[576.26,1245.5],[577.76,1245],[577.76,1243.76],[578.76,1243],[578.76,1240.76]]],[[[567,1241.76],[567.5,1240.5],[568.5,1240.26],[568.26,1241],[568.26,1242.76],[567.26,1243.5],[566,1243.5],[565.5,1242.5],[567,1241.76]]],[[[591.26,1303.26],[591,1303],[592.76,1303],[593.76,1303.5],[595,1303.26],[596.5,1302.26],[597,1303.5],[599.5,1303.5],[600,1304.26],[601.26,1304],[601.26,1305.76],[601.5,1306.76],[600.76,1307.5],[601,1308],[600.26,1309.26],[599,1309.5],[599.5,1310.26],[599.5,1312],[600.76,1312.76],[603,1312.5],[603,1313],[604.26,1313.5],[606,1313.26],[606,1314.26],[606.5,1314.5],[606.26,1316.5],[609.26,1316.5],[609,1318],[608,1318.76],[607.26,1320.26],[607.26,1322.26],[605.5,1322.26],[604.5,1322.5],[604,1321.76],[603,1321.76],[603.5,1322.76],[603.76,1325],[602.5,1325.5],[602,1326.26],[601.26,1326.26],[601,1325.5],[600,1325.5],[599.26,1326],[599,1326.76],[598,1326.76],[598,1327.26],[596.5,1327.5],[596.76,1326.26],[596.26,1325.76],[594.76,1325.76],[593.76,1326.26],[594,1327.5],[592.5,1328.5],[592.5,1329],[591.5,1330],[591.5,1331.26],[592,1332.26],[590.76,1332.26],[589.76,1333.5],[587.76,1333.5],[586.76,1333.76],[587.76,1332],[587.76,1329],[586.5,1328.5],[586.76,1326.5],[587.26,1326.26],[587.26,1324],[589.76,1324.5],[590.26,1323.26],[590,1320.76],[589,1320.5],[588,1319.76],[588,1319],[587.26,1318.5],[587.5,1317.76],[589.26,1318],[589.26,1317.5],[590.5,1317],[589.26,1315.5],[589,1313],[589.5,1312.76],[589,1312],[589,1311],[588,1310.26],[586.5,1310],[586,1309],[585,1308.76],[585,1307.76],[584.26,1307],[584.76,1306.5],[588.5,1306.5],[590,1306.26],[590.26,1305.5],[591,1305.26],[591.26,1303.26]]],[[[590.76,1334.76],[590,1335.26],[589,1335],[589,1334.26],[590,1334],[590.76,1334.76]]],[[[586.26,1336],[586.5,1335.26],[587.5,1335.26],[588.26,1334.26],[588.26,1335.26],[588.76,1336.26],[590,1336.76],[590.26,1337.5],[589.26,1337.76],[589.76,1338.5],[589.76,1340],[588.5,1340.76],[587.76,1342],[587.26,1341.76],[587.26,1340],[586.76,1339.5],[587,1337.76],[586.26,1337],[586.26,1336]]],[[[549.26,1365.76],[550.5,1364.26],[551.76,1364.76],[553.5,1364.26],[555.76,1364.5],[555,1365],[554,1366.76],[551.5,1366.76],[551,1366.26],[549,1366.26],[549.26,1365.76]]],[[[571,1393.76],[571.76,1393],[574.26,1392.76],[574.5,1392.26],[575.26,1393.26],[577.76,1393],[577.76,1394],[578.26,1395.5],[578.26,1397],[577,1399],[575.5,1399.26],[575.5,1404.26],[574.5,1404.5],[573.5,1403.76],[573.76,1402.76],[573.26,1402.5],[572.26,1400.26],[571.26,1400],[571.26,1398.5],[569.26,1398.26],[570,1397.5],[569.76,1396],[570.76,1395.26],[571,1393.76]]],[[[574.5,1419.76],[575.76,1419.26],[576.26,1418.26],[577.26,1418.26],[578.26,1419],[578.26,1420.26],[579.5,1421.26],[579.5,1423.76],[579.76,1424.26],[579,1425],[576.76,1425.76],[576.5,1426.5],[575.26,1428.26],[575.26,1430.76],[573,1431],[572.26,1431.76],[572.26,1435.5],[572,1436.5],[571.5,1436.5],[571.5,1437.76],[572.76,1439.5],[573.5,1439.5],[573.76,1440.5],[572.76,1440.5],[571.76,1441],[571.26,1441.76],[571.26,1443],[569.26,1443.5],[569.26,1444.26],[570.26,1444.76],[570.26,1445.76],[569.26,1446.5],[569.76,1447],[570.5,1446.76],[572,1447],[573.76,1446.5],[575,1447.76],[575.26,1449],[574,1449.76],[573.76,1451.26],[574.76,1451],[579.5,1451],[580.26,1452],[579.76,1452.26],[579,1451.76],[578.76,1452.26],[577.26,1452.5],[577.26,1453.5],[575.76,1455.26],[574.26,1455.26],[573,1454.76],[570.26,1455.5],[570.26,1456.5],[571.26,1457.26],[571.26,1458.5],[569.5,1459.76],[569.5,1461.5],[568.76,1461.5],[569.5,1463.5],[571,1463.5],[571,1464],[573.26,1463.76],[573,1465.26],[571.5,1465.5],[571.5,1467.26],[571.26,1468.26],[570.5,1468.76],[570.26,1469.76],[570.76,1470.26],[570.76,1471.26],[569.76,1471.5],[569.5,1473.5],[569,1474.26],[567.5,1474.26],[568,1473.76],[568,1472.5],[567.26,1471.76],[564.76,1472],[564.5,1471.5],[563,1471.26],[563,1470],[563.5,1470],[563.76,1467.76],[563.26,1467],[563.26,1466],[561.76,1465.76],[561,1465],[561.26,1463.26],[560,1462.76],[559.76,1462],[561.5,1461],[562.76,1460.76],[563,1460],[563.76,1459.76],[564,1457.5],[563,1456],[566,1455.5],[566.26,1454.26],[567.26,1453.76],[566.76,1453],[565.5,1453],[564.76,1452.26],[564.5,1451.26],[563.5,1450.26],[562.5,1451],[561.76,1449.26],[561,1448.5],[559.5,1447.76],[559.76,1447.26],[560.76,1447],[561.5,1446],[561.26,1445],[560.76,1445],[560,1444],[560,1443.26],[562.76,1442.26],[563,1441.5],[562.5,1441.26],[562.76,1439.76],[563.26,1439.76],[562.76,1438.76],[561,1439],[560.26,1438.5],[560,1436.5],[560.76,1436.26],[560.76,1437],[562.76,1437.26],[563.26,1436.5],[562.5,1435.76],[562.5,1434.76],[563,1434.76],[563,1433.5],[560.76,1433.5],[560.5,1434],[559,1434.26],[559.26,1433.26],[560.26,1432],[560.5,1430.5],[561,1430.26],[559.76,1428.76],[560.76,1427.5],[562,1427],[561.5,1425.5],[562.76,1425],[564.5,1423.76],[565.26,1424],[567.76,1424.26],[568.26,1423.5],[570.26,1422],[570.5,1420.76],[571.5,1420],[573.5,1420.26],[573.76,1421.26],[574.76,1421.26],[574.5,1419.76]]],[[[594.5,1437.76],[595.26,1439.26],[593,1440.5],[593,1441.26],[591.76,1442.5],[588.5,1442.5],[588.5,1441.5],[589.5,1440.76],[589.5,1438.76],[589,1438.26],[589.76,1437.76],[590.26,1436],[589.26,1435.5],[590.26,1435],[591.76,1434.76],[592.5,1433.76],[594.5,1433.5],[595.26,1434],[595.26,1436.26],[594.5,1437],[594.5,1437.76]]],[[[608.26,1287.26],[609.26,1286.26],[610.76,1286],[611.5,1286.76],[610.76,1287.26],[611.26,1288.5],[610.5,1288.76],[610.5,1289.5],[609.76,1289.76],[609.5,1290.76],[608,1290.76],[608,1288.5],[608.5,1288.26],[608.26,1287.26]]],[[[621.5,1329.76],[621.76,1329],[624.5,1329],[625,1327.76],[625.76,1327.76],[625.5,1328.5],[626.76,1328.5],[627,1328],[629,1328.26],[629.26,1328.76],[633.26,1328.76],[634,1328.26],[636.76,1328.26],[637.76,1327.76],[638.26,1328.26],[638.5,1330.26],[640.76,1330],[640.76,1330.5],[642,1330.5],[642,1331.76],[641,1332],[640.26,1334.26],[639.5,1334.26],[638.76,1333.5],[637.76,1333.5],[637.76,1334.76],[638.26,1334.76],[638.26,1335.76],[640.5,1335.76],[641.26,1335.5],[642.5,1336.5],[643.26,1336.76],[643.76,1335.76],[645,1335.76],[645,1336.76],[646,1337.76],[647.76,1337.76],[648.76,1337.5],[648.76,1339],[649.26,1340.26],[647.76,1340.76],[647.5,1341.26],[650.26,1341.26],[650.26,1342],[651.26,1342.76],[652,1342.76],[652.76,1342],[654,1341.76],[655,1340.5],[656.26,1340.76],[656.26,1341.76],[657,1342.26],[658.76,1342.26],[659.26,1343.5],[657.76,1343.76],[657.5,1344.26],[656.5,1344.26],[656.26,1345.5],[655.5,1346],[653.5,1346],[652.26,1346.5],[649.5,1346.5],[649.5,1346.26],[647.26,1346],[646.5,1347],[645.26,1347],[644.26,1346.5],[642.26,1347.76],[641.26,1347.76],[639.76,1347],[639.26,1346],[639.5,1344],[638.76,1343.26],[636.76,1343],[636.26,1344],[635.26,1344.5],[632.5,1344.5],[632.5,1342.76],[632.76,1341.26],[631.26,1340.5],[630,1340.5],[630,1341],[627,1341.26],[627,1340.26],[626.26,1340],[626,1339.26],[626,1337.26],[625.5,1336.5],[624.76,1336.26],[624.5,1335.5],[625.5,1335.26],[625.76,1334.5],[626.5,1334.26],[626.76,1333.26],[626,1332.26],[624.5,1331.76],[623.26,1330.26],[621.5,1329.76]]],[[[596.76,1354.5],[596.76,1353.76],[597.5,1353.5],[597.76,1352.5],[599,1352.26],[599.26,1353],[600.5,1353],[600.26,1355.26],[600.76,1356.26],[602.26,1356],[602.76,1356.76],[602.26,1358],[603.26,1359.26],[605.76,1359.5],[606.76,1360.5],[607.26,1360.26],[609.26,1360.26],[610,1360],[610.26,1360.76],[610,1362.26],[612,1363],[611,1363.76],[611,1365.26],[612.76,1366.26],[613.76,1365.5],[614.26,1366.26],[615.5,1366.5],[615.26,1365.5],[615.5,1363],[617.5,1364.26],[618.26,1364],[620.76,1364],[621.76,1363.26],[623.26,1362.76],[624.26,1362.76],[624.76,1364.76],[627.26,1364.76],[628.76,1364],[628.26,1361.76],[628.76,1361.26],[628.76,1360],[630.26,1361],[630.76,1361.76],[630.76,1363.76],[632,1364.5],[632,1365.5],[633.26,1365.5],[633.76,1366],[634.76,1365.76],[634.76,1365.26],[635.76,1365.26],[636.5,1366.76],[637.26,1367.5],[638.5,1367.5],[638.76,1368.76],[637.76,1369.5],[638,1370],[639.26,1370],[639.5,1370.5],[640.5,1370],[641.76,1370.26],[643.26,1370],[643.76,1369.5],[645.5,1369.5],[645.5,1369.26],[647.5,1369.26],[646.76,1368.76],[647,1367],[646.5,1366],[648.26,1366],[648.26,1366.26],[650,1367.76],[650,1368.76],[651,1369.26],[652.5,1369],[653.5,1370],[655.5,1370],[656.26,1369.76],[656.26,1368.76],[658,1368.76],[659.76,1367.5],[661,1367.5],[661.26,1368],[662.76,1368],[664.26,1368.5],[664.76,1369.26],[666.26,1369],[667,1368.5],[667,1367.5],[668.26,1367],[668.26,1366],[668.76,1365.5],[669.76,1365.5],[670.5,1366],[670.5,1363.76],[671.26,1363],[671.76,1363.76],[673,1364.5],[677.5,1363.5],[678,1362.76],[678,1361.76],[677.5,1360.5],[679.26,1360],[681,1358.5],[681,1356.76],[681.76,1356],[683.76,1356],[683.5,1357.76],[684.26,1357.76],[685,1356.76],[685,1355.5],[686,1352],[685.76,1350.5],[684,1350],[685,1348],[684.5,1345.5],[682.26,1344.76],[681.76,1343.26],[681,1343],[681.26,1342],[682.5,1340],[683,1340],[683,1339],[682.26,1338.76],[682.26,1337.76],[683.5,1336.76],[684.26,1337],[684.26,1337.76],[686,1337.26],[687,1335.5],[685.76,1334.26],[686.26,1333.5],[686.5,1332.26],[687,1331.76],[687,1330.26],[686,1329],[684.5,1329],[684.5,1328],[685,1327.26],[684.26,1326.76],[684.5,1325.26],[685.26,1325.26],[686.76,1326.76],[687.76,1327],[688,1326.26],[689.76,1325.5],[690,1327.26],[689.5,1327.5],[689.76,1329.76],[690.76,1330],[691.26,1331],[691.26,1332.26],[692,1332.26],[692.5,1331],[693,1331.26],[693,1333],[692.76,1334.5],[692,1335.5],[692.26,1337.26],[693,1337],[692.76,1338.26],[693,1340.26],[692.5,1341],[691.5,1341.26],[691.5,1342.26],[695,1343],[695.5,1344.5],[694.5,1345],[694.5,1346.26],[695.5,1346.26],[695.76,1346.76],[695.76,1348.5],[695.26,1348.76],[695.76,1349.5],[696,1349],[698,1349.26],[698.5,1350],[699,1352.26],[697.26,1352.5],[696.5,1351.76],[696.5,1353.5],[697.5,1354],[697.5,1355.26],[699,1354.5],[701.26,1354.5],[701,1355.76],[700.26,1356.5],[700.76,1356.76],[701.5,1358.5],[702.26,1358.5],[702,1359.76],[702,1362],[701.5,1362],[700.76,1361],[699.5,1361],[699.26,1361.76],[700.26,1362.5],[700.26,1363.26],[698.5,1364.26],[698.5,1365.26],[698,1366],[698,1367],[697.26,1367.26],[696.76,1368],[697,1368.5],[698,1368.5],[698,1369.26],[697,1370.26],[697.5,1370.76],[698.26,1369.76],[699.26,1369.5],[699.5,1369],[701.26,1369],[702.26,1367.26],[703.26,1367.76],[703.26,1369],[701.5,1370.26],[701.5,1372.26],[700.26,1373.5],[700,1375],[699.26,1376.26],[699.26,1378],[698.76,1378.5],[697.5,1378.5],[696.76,1379],[696.26,1380.5],[695,1380.5],[694.5,1381.26],[694.5,1382.26],[693.5,1382.5],[693.26,1383.5],[690.76,1383.5],[690.26,1382.76],[687.5,1383.26],[687.26,1384.5],[687.76,1385.5],[686,1385.76],[685,1386.76],[684,1385.76],[683,1385.76],[682,1387.26],[679.5,1387.26],[678.26,1388.5],[676.76,1387.76],[677.26,1386.26],[676,1386],[675.76,1386.5],[673.26,1386.5],[673.26,1386.76],[671.5,1386.76],[671.5,1387],[669.26,1387],[668.5,1388],[667.76,1388.26],[667.76,1389.76],[666.5,1389.76],[666.26,1389.26],[665,1389.5],[663.26,1389.5],[662.76,1388.76],[661.5,1388.26],[659.5,1388.5],[659,1387.76],[659.76,1387.5],[659.26,1386.76],[658.5,1386.76],[659,1385],[657.76,1385.26],[657.5,1386.5],[656.5,1387],[656,1388.26],[655,1388.26],[654.5,1389],[653.76,1389],[652.76,1388.26],[653,1389.76],[654,1390.5],[654,1391.26],[653.26,1392.26],[649,1392.26],[649,1392],[647,1392],[646,1393],[646,1393.76],[644.5,1394],[644.26,1395.26],[643.26,1396],[643.26,1396.5],[642,1396.76],[641.5,1395.26],[642.76,1394.76],[642.5,1393.5],[640.76,1394],[637.26,1394],[636,1395.26],[634.5,1396.26],[634.26,1397.5],[633.26,1398.76],[631.5,1398.76],[631.5,1399.26],[629.76,1400.26],[629.5,1401],[627.5,1401.5],[625.5,1401.76],[626,1400],[626.76,1399.5],[626.76,1398],[626,1397.76],[625.5,1396.76],[624.5,1396.76],[624.5,1397.26],[622.26,1397.26],[622.26,1396.5],[624,1396],[624,1394.5],[624.76,1394.5],[625,1393.76],[624.5,1392.76],[625.76,1392.26],[625.5,1391.76],[628.26,1391.76],[628.76,1391.5],[629,1390],[630.26,1390.26],[632.26,1390.26],[632.76,1389.76],[632.5,1388.5],[633.76,1388],[633.76,1386.76],[634.26,1386.76],[634.76,1385.76],[633,1385.76],[633,1385.26],[631.76,1386],[630.76,1386],[630.26,1385.26],[629.26,1385.5],[628.76,1385],[628.76,1383.76],[627.76,1383.26],[627.26,1384.5],[627,1383.76],[625.76,1384.26],[623.5,1384.26],[623.5,1383.76],[622.5,1383],[622.5,1382],[619.5,1381.26],[618.76,1379.5],[618.26,1379.26],[617.5,1380.26],[616.76,1380.26],[616.76,1381.5],[615.76,1381.5],[614,1380.26],[613,1380],[613.26,1378.26],[611.76,1377.76],[611.26,1376.76],[609.5,1376.5],[610,1375.5],[611.5,1375.26],[611.5,1374.26],[613.76,1373.5],[612.26,1372.26],[610,1372.5],[609.5,1371.5],[607.5,1371.76],[607.26,1370.26],[605.5,1369.76],[604.76,1370],[604.5,1368.76],[603.76,1367.76],[602.76,1367.76],[602,1367],[601,1367],[600.5,1366.5],[600.5,1365.26],[601,1364.26],[600,1363.5],[600,1362.26],[600.76,1361.76],[600,1360.76],[601.26,1360],[601.26,1359.26],[599.76,1359],[598.26,1357.26],[596.76,1357.26],[597.5,1355],[596.76,1354.5]]],[[[627.26,1426.76],[628.26,1426.5],[628.5,1427.26],[629.5,1427.26],[630.26,1426],[630.76,1426],[630,1425],[630.76,1425.26],[631.76,1425],[632.26,1424.26],[633.26,1424.26],[635,1423],[635.26,1424.5],[636.5,1424.76],[637,1425.76],[638,1424.5],[639,1424.5],[640.5,1424],[640.5,1423.5],[639.26,1422.76],[639.5,1422],[641.5,1421.5],[642.26,1420.76],[644.26,1420.76],[645.26,1421],[646.26,1420.5],[646.5,1419],[647.26,1418.76],[647.5,1419.26],[648.76,1419.26],[649,1418.5],[649,1416.76],[648.76,1415.76],[649.76,1415.5],[650.76,1414.76],[651.5,1413.76],[652.5,1414.76],[654.76,1414.76],[656.26,1414.5],[657.26,1414],[657.76,1413.26],[658.76,1413],[659.5,1412],[660.76,1412],[662.76,1411.26],[663.76,1409.5],[665.76,1409.5],[666.76,1410.26],[666.76,1411],[668.26,1411],[668.5,1410.5],[669.76,1410.26],[670,1411.5],[669,1411.76],[669,1412.5],[670,1413.26],[670.26,1414],[671,1413.76],[671,1412],[671.76,1412],[672.5,1411.26],[672,1411],[672.5,1409.5],[673.26,1409.5],[673.26,1408.5],[674.26,1408],[675.26,1408],[675.5,1408.5],[677.5,1408.5],[678,1408],[680,1407.76],[680.5,1408.26],[682.26,1408.26],[684,1407.26],[686,1407.26],[686,1406.76],[687,1406],[687,1405.26],[688,1406],[689,1406],[690.76,1407],[692.76,1407],[693,1407.5],[694.26,1407.76],[695,1407.26],[694,1407],[694.76,1406],[694,1405.5],[694,1404.76],[695.26,1404.26],[698.5,1404.26],[699.76,1403.76],[699.76,1403.26],[702,1402.5],[702.5,1401.76],[703.26,1402],[703.5,1403.5],[704.5,1403.76],[706,1402.76],[706.26,1401.76],[707.26,1401],[707.26,1400.5],[708.26,1399.76],[708,1399],[707,1399],[706.76,1398.26],[707.26,1398],[707.26,1395.26],[708.26,1395.26],[708.5,1395.76],[710,1395.76],[710,1395.26],[711,1394.5],[711,1393.76],[710,1392],[710.26,1390.26],[712.26,1390.26],[712.76,1390.76],[715.26,1390.76],[715.76,1390],[718.26,1390],[719.76,1389.26],[720.76,1389.26],[720.76,1390],[720,1390.76],[720.5,1391.5],[719.76,1391.5],[719.76,1392.26],[721.26,1393.5],[721.26,1394.26],[719.26,1395.5],[719.26,1396],[721,1396.5],[721.26,1397.5],[720.26,1398.26],[718.5,1398.26],[718,1398.5],[718.26,1399.26],[720.26,1399.76],[721,1400.76],[721.5,1400.76],[722.26,1401.76],[722,1403],[721.5,1402.76],[720.76,1403.26],[721.5,1404.76],[723,1405.76],[723.5,1406.76],[723.5,1407.76],[725.26,1409],[727.26,1409],[728.76,1409.26],[728.76,1410.26],[728,1410.5],[729,1412],[728.26,1412.26],[727.76,1413.76],[725.76,1413.5],[726.26,1414],[726.26,1415.76],[726.76,1416],[726.76,1417],[727.26,1417.5],[728.76,1417.5],[728.76,1418.5],[730,1420],[731.76,1420.5],[732.76,1421.26],[732.76,1422],[734.26,1422.5],[734.26,1423.5],[733,1424.26],[733.5,1425.5],[733.26,1426.5],[732,1426],[731,1426],[730.26,1427.5],[728.76,1427.76],[728.5,1428.26],[727,1428.26],[726.5,1428.76],[729.76,1428.76],[730,1429.26],[731,1429.26],[731.26,1428.76],[732.5,1428.76],[733.26,1430.26],[734.26,1429.5],[736.26,1429.5],[737.5,1430.76],[738.26,1430.76],[737.76,1431.5],[738.26,1433.26],[737.5,1434.26],[736.5,1434.76],[737.26,1435],[737.26,1437],[739,1437.26],[739.76,1437.76],[740,1439],[740.5,1439.26],[743.5,1439.26],[744.26,1438.5],[745.26,1438.26],[745.26,1438.76],[746.76,1440.5],[748.26,1440.5],[748,1442],[749.5,1442.76],[749.26,1443.76],[750.26,1444.26],[750,1445.5],[749.26,1445.5],[748.5,1446.26],[748,1447.5],[749.5,1449.26],[750.5,1449.5],[750.76,1450],[750.5,1451.76],[752,1451.76],[752.5,1453],[753.5,1452.76],[753.5,1452],[754.26,1452],[754.5,1451],[755.5,1452.5],[757.26,1452.76],[757,1453.5],[757.76,1453.76],[758,1454.5],[759.5,1454],[759.76,1454.76],[761,1455.26],[761,1456],[759.5,1456.5],[759,1457.26],[759.26,1458.26],[760,1458.5],[760.26,1459.26],[761.26,1459.76],[760.76,1460.26],[761,1461.26],[761.76,1461.26],[762,1460.5],[762.76,1461],[765.26,1460.76],[765.76,1461.26],[767.5,1461.5],[767.76,1461],[770,1460.76],[771.26,1459.26],[771.76,1457.5],[773,1458.26],[773,1458.76],[774.5,1458.76],[774.5,1459.76],[775.26,1460.26],[776.76,1460.26],[777.5,1459.76],[778.26,1457.76],[779.76,1457.76],[780.76,1458.26],[781.76,1459.5],[782.5,1458.5],[784.76,1458],[784.76,1458.5],[786,1458],[785.76,1456.5],[786.26,1455.76],[787.5,1455.76],[787.76,1455],[787.26,1454.26],[788.5,1453.26],[788.5,1452],[789,1451.5],[788.76,1450.76],[789,1449.76],[790,1449.76],[790.5,1450.26],[791.26,1450],[791.5,1449],[792.76,1449],[793,1450.26],[792.26,1451.26],[792.26,1452.5],[791.5,1453.26],[791.76,1454.26],[792.76,1455],[793.26,1456.5],[791.76,1456.26],[790.76,1457],[791.26,1458],[790.76,1459.76],[791.76,1459.76],[792.5,1459.26],[793.76,1460],[793.5,1461],[792.76,1461.5],[792.76,1463],[792.26,1463.76],[792.26,1465.76],[791.5,1466.26],[789.5,1466],[789,1466.5],[787.76,1466.5],[787.26,1467.26],[787.76,1468],[787.5,1468.76],[785.76,1469.76],[785.26,1471.5],[784.5,1471],[783.5,1472.26],[781.5,1472.26],[780,1472.76],[779.5,1473.26],[778.26,1473.26],[778,1472.76],[776.5,1473.5],[776.26,1472],[774.76,1472],[774,1472.5],[775,1473.76],[773.76,1473.76],[772.5,1474.76],[772.26,1475.5],[771.5,1474.5],[770.76,1474.5],[769.26,1473.5],[769,1474.5],[767.5,1475.5],[767.26,1476.76],[767.5,1477.5],[766.76,1477.26],[764.26,1477.26],[763.5,1477.76],[762.5,1477.76],[761.76,1476.26],[759.26,1476.26],[758.5,1475.76],[756.5,1475.76],[755,1476.76],[754.5,1476],[752.26,1476],[751.26,1474.26],[749.76,1473.76],[748.76,1473],[746.26,1473],[746.26,1473.26],[744.5,1473.26],[744.5,1473.5],[741.76,1473.5],[741,1472.5],[740.26,1472.76],[739.76,1472.26],[737.26,1472.26],[736,1471.26],[737,1470.76],[736.5,1469.5],[735.76,1469],[735.76,1468.26],[737.26,1468],[737.5,1466.76],[736.5,1466],[737.26,1465.5],[736.5,1464.26],[735.26,1464.26],[734.76,1465.5],[734,1466.26],[733,1466.26],[731.26,1464.76],[732,1464.26],[732,1463.5],[730,1463.5],[729.5,1463],[725.5,1463],[724.5,1461.76],[723,1461.76],[723,1460.26],[724.5,1459.76],[723.26,1458.5],[721.5,1458.5],[721,1458.76],[720.76,1457.76],[719.76,1458],[717,1457.26],[717,1456.26],[717.76,1455.26],[717.76,1454.5],[716.76,1454],[716.76,1453.26],[718.26,1452.26],[719.5,1452.26],[720.26,1451.5],[719.76,1450],[718,1450],[717.76,1450.76],[716.26,1451],[716,1451.76],[715.5,1451.26],[714.26,1451.5],[712.26,1451.5],[712.5,1450.26],[712,1449.5],[712.76,1449],[712.76,1448.26],[711.5,1448],[709.76,1448],[709.26,1447.5],[709.26,1446.26],[708,1445.76],[707,1445.76],[706.76,1446.76],[707.5,1447.76],[708.26,1447.76],[708.26,1449.26],[707.5,1449.76],[706,1449.76],[705.76,1450.26],[704.5,1451],[705.26,1452.5],[704.76,1454],[704,1454],[703.26,1453.26],[700.76,1453.26],[699.76,1454],[699,1452.26],[697.26,1452.76],[695.5,1452.76],[695.76,1453.76],[694.5,1453.76],[694.5,1454.26],[693.26,1454.26],[692.26,1453.5],[690.5,1454],[688.76,1454],[688.26,1454.5],[687,1454.5],[687.26,1452.26],[686.26,1452.26],[685,1453],[681.76,1454.26],[681.26,1455],[680.76,1456.76],[678.76,1456.76],[677.5,1457.5],[676.5,1457.76],[677.76,1459.26],[677.5,1460],[675.5,1460],[674.26,1460.76],[672.5,1460.76],[671.26,1462],[671,1463],[669.5,1464.26],[669.5,1465.76],[667.76,1465.76],[667.26,1466.5],[666.26,1466.26],[666.26,1465.5],[667,1464.5],[665.76,1464],[664,1464],[663.26,1466],[661.76,1467.26],[662.26,1468],[662,1469.5],[661,1470.26],[659,1470.26],[657.5,1471.76],[657.26,1472.76],[658.26,1473.26],[659,1474.5],[659.26,1475.5],[657.76,1476],[657.76,1476.5],[659,1477.26],[659,1478.26],[660.26,1478.76],[660.76,1479.5],[660.26,1481],[659.26,1481.76],[659.26,1481.26],[656.76,1482],[656.26,1483.5],[655.5,1483.76],[655.5,1486.26],[653.76,1487.5],[653.76,1488.5],[653,1488.76],[653.5,1490],[653.5,1491.26],[653,1492.26],[651.26,1492.26],[651,1493.5],[650.26,1493.76],[650.5,1495.76],[648.5,1496.5],[648.76,1497],[649.76,1497],[648.76,1498.5],[650,1498.76],[650.26,1499.76],[649.5,1500.5],[649.76,1502],[650.26,1502.26],[650.26,1503.26],[649.26,1504.76],[648.76,1504.76],[648.76,1506],[648.26,1506.5],[647.26,1506.5],[646.26,1507.26],[647,1507.76],[647,1508.5],[647.76,1509],[647.76,1510.26],[646,1510.26],[645.26,1510],[644.26,1511.5],[643.26,1511.76],[642.76,1511.26],[642.76,1510],[643.26,1509],[642.26,1509.76],[640,1510],[639.76,1512.26],[638.26,1513.76],[638,1512.76],[637.26,1512.5],[636.5,1513.5],[635.76,1513.5],[635,1514.5],[635.5,1515.76],[637.26,1515.5],[634.76,1518.26],[633.76,1518.76],[633.76,1520.5],[632.26,1521],[632,1521.76],[631,1522],[631.76,1520.76],[631.5,1519.5],[631.76,1516.76],[630,1515.26],[628.26,1515.26],[627.5,1514],[625.26,1514.26],[625,1513.5],[624,1513.26],[624.26,1512.76],[625.26,1512.5],[625.26,1511.26],[624.5,1511.26],[623.5,1509.5],[623,1508],[623,1507],[622.5,1506.5],[621.76,1507],[620,1508.76],[619.26,1508.76],[618.76,1507.76],[619.26,1506.5],[618.26,1506.5],[617.76,1507],[617.5,1506],[616,1506],[615.5,1504.76],[616.5,1503.76],[616,1502.5],[616,1501.5],[616.5,1500.76],[616.5,1498],[615.76,1496.76],[615.76,1495.76],[615.26,1495.5],[615.26,1493.76],[615.5,1493.76],[615.5,1492],[615.26,1492.5],[614.26,1492.76],[613.26,1491.76],[613,1489.76],[612.26,1489],[612.5,1488],[613.5,1488.26],[614,1487.76],[614.26,1486.26],[615,1485.26],[615,1483.26],[614.76,1482.76],[613.76,1482.5],[613.5,1481.26],[613.76,1480.5],[613.76,1478.76],[613.5,1478.26],[612.76,1478.76],[612.26,1480],[610.76,1479.76],[610.76,1478.5],[611.26,1478],[611.26,1476.5],[610.76,1475],[610.26,1474.5],[609,1471.26],[610.26,1471.26],[610.5,1472.5],[611.26,1473],[612.76,1473],[612.76,1472],[612.26,1470.76],[611.26,1470.26],[611.26,1469.5],[612,1468.76],[613.26,1468.76],[613.26,1468],[614,1466.76],[613.76,1465.26],[612.26,1464.26],[612.5,1463],[613.5,1462],[613,1461.26],[612,1461.76],[611.5,1463.26],[610.26,1463.5],[610.26,1461],[609.76,1460.76],[609.26,1459.5],[608,1459.5],[608.26,1458.5],[608,1456.76],[606.26,1457],[606,1456.26],[606.76,1455.76],[606.76,1454.76],[607.26,1454.5],[607.26,1453.26],[606.5,1453],[607,1451.5],[608.5,1451.5],[609.26,1450.76],[609.5,1449.76],[610.26,1450.76],[611.26,1450.76],[611.26,1450.26],[613.76,1448.76],[614.26,1447.26],[612.76,1447],[613,1446],[612.26,1445.5],[612.26,1444.5],[611.26,1444.26],[612,1443.5],[614.26,1443.5],[615,1443],[614.76,1441.5],[616,1441.5],[615.76,1440],[616.26,1439.26],[617.26,1439.26],[617.76,1440],[619,1440.26],[619.26,1439.26],[620.26,1439],[620.26,1438],[619.76,1437.76],[619.5,1436.76],[618.5,1436.26],[618.76,1434.5],[619.5,1435],[622,1435.26],[622,1434.5],[621.26,1434],[621.76,1432.26],[622.76,1432],[623,1432.5],[623.76,1432.26],[623.5,1430.76],[625.76,1431],[626.26,1430.26],[627,1430],[627,1429],[625.76,1428],[626,1427.5],[627.26,1426.76]]],[[[604.5,1477.26],[604.26,1476.5],[605,1476.26],[605.5,1477],[606.5,1477],[607.5,1478.5],[606.76,1479],[606.76,1480],[607.26,1480.76],[607.26,1482.26],[608.26,1484],[607,1484.76],[606.5,1486.76],[605.76,1486.5],[606,1485.5],[606,1483.76],[604.76,1484],[604.26,1483.26],[604.26,1482.26],[602.76,1481.76],[603.5,1480.76],[604.5,1480.76],[605.26,1479.26],[604.5,1479],[604.76,1478.26],[604.5,1477.26]]],[[[637.26,1266.26],[637.26,1263.76],[638.5,1263.5],[639.26,1264.26],[640,1264.26],[641,1265.26],[643,1264.5],[643,1265.26],[645.26,1267],[645,1268.5],[644.26,1268.26],[642.5,1268.5],[642.76,1269.5],[643.26,1269.76],[643,1271.5],[645,1271.5],[645.5,1272],[645.26,1272.76],[642.26,1272.76],[641.76,1272],[641,1271.76],[640.76,1272.26],[639.76,1272.26],[639,1271.26],[637,1271],[637.76,1269.5],[638.5,1269.5],[638.76,1268.5],[638.26,1268.5],[638.26,1267.26],[637.76,1266.26],[637.26,1266.26]]],[[[659.76,1341.5],[660.26,1340.76],[662.76,1340.76],[663.76,1341.26],[663.5,1342.26],[662.26,1342.26],[661.76,1342.76],[660.76,1342.76],[659.76,1341.5]]],[[[665.26,1342],[665,1341.26],[665.76,1341.26],[665.76,1342.26],[665.26,1342]]],[[[677,1481],[677.76,1481.26],[678.26,1480.76],[678.26,1479.5],[679.5,1479.26],[680,1479.76],[679.5,1481.26],[680.26,1481.5],[680.5,1483.5],[679.5,1484.76],[679.5,1486.26],[680.5,1487],[679.5,1488.26],[678.76,1488],[677.76,1488.26],[677,1489.76],[677.26,1491],[676.26,1490.5],[675.26,1490.76],[674,1491.5],[674,1493],[674.76,1493.5],[674.5,1495.26],[672.26,1495.26],[670.76,1496.76],[670.26,1497.76],[670.5,1498.76],[670.5,1501.26],[669.5,1501.76],[669.76,1499.76],[668.76,1498.76],[668.26,1497.76],[668.26,1496.76],[669.26,1496],[669.26,1494.5],[668.26,1494],[668.76,1492],[669.76,1491.5],[669.76,1490],[670.76,1490.5],[671.26,1489.5],[671.26,1488.5],[671.76,1488.26],[671.76,1487],[671,1486.76],[670.5,1486],[672.5,1486],[673.26,1484.76],[674.76,1483.76],[674.76,1483.26],[675.76,1481.76],[676,1480.26],[676.76,1480.26],[677,1481]]],[[[669.76,1505.5],[669.5,1504],[670,1503],[670.76,1503.5],[670.76,1505],[670.26,1505.76],[669.76,1505.5]]],[[[680.26,1511.5],[679.76,1510.5],[681.26,1510.76],[682.26,1510.26],[682.76,1509.5],[684,1509.76],[684.5,1509],[684.76,1507],[686.26,1507.26],[686.5,1507.76],[688.5,1507.76],[689,1508.5],[688,1509.26],[688.5,1511.5],[689.26,1511.76],[689.26,1513],[688.5,1513],[688.26,1513.76],[687.5,1513.76],[688,1515],[688.5,1515.26],[688.5,1516.5],[687.26,1516.76],[686.26,1517.76],[686,1518.76],[684.5,1518.76],[683.5,1519.5],[682.76,1521.5],[682.76,1522.76],[682.26,1522.76],[682.26,1524.5],[682.5,1525.26],[682,1525.76],[679.5,1525.76],[677.26,1526.5],[676.5,1527.26],[675,1527],[673.76,1529.26],[673,1529],[671.26,1529],[670.5,1528.26],[671,1528],[670.5,1527.26],[670.5,1526],[671.76,1525.5],[672.76,1524.76],[672.76,1524.26],[673.76,1524.76],[675,1524.5],[675.5,1523.76],[675.5,1522.26],[676.26,1522.26],[677,1521.5],[677,1520.76],[678.26,1520.26],[679,1519.5],[679.76,1520.26],[680.76,1519],[680.5,1517.76],[680.5,1515.76],[681,1515.5],[681.26,1516.5],[682.26,1516.26],[682.76,1513.5],[681.76,1512],[680.26,1511.5]]],[[[711.5,1359.5],[711.76,1359],[713.5,1359],[714,1357.76],[714.76,1357.5],[715.5,1358.76],[715.5,1362],[715,1362.26],[712.76,1362.26],[711.26,1363],[711.26,1364.5],[710.26,1364.76],[709,1365.76],[708.76,1366.76],[707,1366.26],[707.5,1365.26],[707.5,1364],[709.26,1363.26],[709.76,1361.5],[709,1361.5],[708.76,1360.76],[709.26,1360.5],[709.26,1359.26],[710.5,1358.76],[711.5,1359.5]]],[[[705.26,1368.76],[704.76,1367.76],[706.5,1367],[706.5,1368.5],[705.26,1368.76]]],[[[721.26,1387.5],[719.5,1387.26],[718.76,1387.76],[716.5,1387.76],[717.5,1386.26],[719.26,1385.5],[719.5,1384.26],[721.26,1383.26],[722.76,1385.26],[723.76,1385.76],[723.76,1386.76],[723,1387],[722.5,1387.76],[721.26,1387.5]]],[[[703.26,1481.26],[702.26,1480.76],[702.26,1480],[704.26,1479.76],[705.26,1479.26],[707,1479.26],[707.5,1480.26],[708.76,1480],[710.5,1480],[712,1480.76],[710.5,1482.26],[709,1482.26],[708.26,1482.76],[708.26,1484],[708.76,1485.26],[707.76,1485.76],[706.5,1485.76],[705.5,1484.76],[704.5,1484.76],[703.76,1483.76],[702.26,1483.5],[702.26,1482.5],[703.5,1481.76],[703.26,1481.26]]],[[[714,1482],[714.26,1481],[715,1480.76],[715.5,1480],[717,1480],[720.26,1480.5],[720,1482.5],[719.26,1483.26],[719.26,1485.26],[719.5,1485.26],[719.5,1487],[718,1487.26],[717.76,1486],[718.26,1485.5],[718,1484.5],[716.26,1484.76],[716.26,1484],[715,1483.76],[715,1483.26],[714,1482.5],[714,1482]]],[[[710.5,1489.5],[710.5,1488.5],[711.76,1487],[714,1487],[715.26,1487.5],[716,1488.5],[714.26,1489.26],[714,1490.26],[713.26,1490.5],[712.76,1491.5],[711.26,1491.5],[709.76,1492.5],[708.76,1492.26],[708.5,1491],[709,1490],[710.5,1489.5]]],[[[686.26,1503],[686.76,1502],[687.76,1501.26],[687.76,1502.5],[688.26,1503],[688,1504.76],[686.26,1504],[686.26,1503]]],[[[806.5,1428.26],[805.5,1429.76],[804.76,1429.5],[805,1427.76],[806.76,1427.76],[806.5,1428.26]]],[[[799,1428.76],[799.5,1428],[801,1427.76],[802.76,1427.76],[803.26,1428.26],[803.26,1429.26],[802.76,1430.26],[802,1430.76],[801.76,1431.76],[800.76,1433],[799,1433],[798,1432.5],[798.5,1431.76],[798,1431],[797.76,1429.5],[798.5,1429.5],[799,1428.76]]],[[[791.76,1433.26],[792.26,1432.5],[794.5,1431.76],[794.76,1432.26],[795.76,1432.26],[796.26,1433],[796.26,1435],[796,1435],[795.5,1436.76],[794.76,1437.26],[795,1439.5],[796,1440.76],[794.76,1441],[793.26,1442],[793.26,1442.76],[794,1443.5],[793.26,1444],[793.26,1445.76],[792.76,1446.26],[791.26,1446.5],[791,1446],[789.76,1445.76],[789.76,1443.76],[791,1443],[790.26,1442.5],[790,1441.76],[790.5,1441.26],[790.5,1439.5],[789,1438.76],[788.26,1437.5],[788.5,1436.5],[789.5,1436.26],[789.76,1435.26],[790.76,1435.26],[791.5,1434.76],[791.76,1433.26]]],[[[936.26,1444.76],[936.5,1444.26],[937.5,1444.26],[937.76,1445],[939.26,1446],[939.5,1445.5],[943.26,1444.76],[943.5,1442.76],[944.5,1442.76],[946,1441.26],[948,1440.5],[948,1438.5],[949.26,1436.76],[949.26,1434.76],[948.26,1434.26],[948.5,1433],[949.5,1432],[949,1430.76],[948,1430.76],[947.26,1429.5],[945,1429.5],[944.26,1429],[944,1428],[943.5,1427.76],[942.76,1425.76],[943.5,1425.5],[943,1424.26],[943,1422.76],[942.26,1421.5],[942.5,1420.76],[943.76,1420.5],[943.76,1419],[943,1418],[943,1416.26],[943.76,1416],[945,1414.26],[946,1414],[948.5,1412.26],[948.76,1413.26],[950.5,1413.26],[951.5,1412.76],[953.5,1411],[953.76,1409.76],[954.76,1409.76],[955.5,1409.26],[956.5,1408],[957.5,1408.5],[960.76,1408.5],[961.26,1408.76],[961.26,1409.76],[963.5,1409.76],[964.5,1410.5],[965.76,1410.76],[966.26,1411.5],[967.5,1411.5],[967.5,1412],[969.26,1412],[970.26,1411.76],[970.5,1411.26],[971.5,1411.26],[971.5,1412.26],[971,1412.5],[971.5,1413.26],[973,1413.76],[973.5,1413.26],[974.5,1413.26],[974.76,1414],[976,1415],[976.26,1416.5],[975.26,1417.26],[975.26,1418.5],[976.76,1419.5],[976.26,1420.26],[976.5,1421.76],[977.76,1422],[979.5,1422.76],[979.76,1423.76],[979.5,1425.26],[979.5,1427],[979,1427.76],[979,1429],[977.76,1429.5],[977.5,1430],[976.26,1430.5],[975.5,1431.5],[974,1432.26],[973.26,1432.26],[972.5,1433],[970,1432.76],[969.76,1431.5],[970.26,1431.5],[971,1428.76],[971.76,1428.26],[971.5,1427.76],[971.5,1426],[972.5,1426],[972.76,1425],[971.5,1423.5],[970.26,1423.26],[969.5,1421.5],[967.26,1421.26],[966,1420.26],[964.76,1419.76],[962.5,1419.5],[961.76,1421],[959.5,1421],[958.5,1420.76],[958.5,1420],[957.26,1419.26],[956,1419.5],[955.5,1420.76],[955.5,1422.26],[955,1422.76],[955.26,1424],[956,1424.76],[955.76,1426.26],[956.5,1426.76],[958,1426.76],[958.76,1427.26],[958.5,1428.76],[959.76,1429.26],[960,1430.26],[961,1431],[960.76,1432.76],[959.5,1433],[960.76,1434.76],[960.76,1436.26],[962,1436.5],[964,1437.76],[964.26,1438.76],[963.5,1439.26],[963,1440.76],[962.5,1441],[962.26,1442],[960.76,1443],[960,1444.5],[960,1445.76],[959.5,1446.26],[958.5,1445.26],[954.5,1445.76],[954.26,1446.76],[953.26,1446.76],[952.26,1447.5],[952,1448.76],[950.5,1449.26],[949.5,1450],[949,1451.26],[947.5,1451.26],[946.76,1451.76],[946.76,1454],[946.5,1454.26],[944,1454.26],[943,1456.5],[942.26,1457],[939,1457],[938.5,1458.26],[937.5,1459],[935.5,1459],[935,1458.76],[934,1459.76],[933.26,1459.76],[933,1460.5],[932,1461],[932.26,1461.5],[932.26,1463.76],[931.76,1465.26],[931,1465.5],[930.5,1466.5],[929.5,1466.26],[929.5,1463.76],[927.76,1463.5],[927,1462.76],[927,1461.26],[928.26,1460],[928.26,1458.26],[930.5,1456.5],[930,1455.76],[930,1454.5],[929.26,1454.26],[928.76,1453],[929.76,1452.5],[931.5,1452.5],[932.26,1451.5],[932.26,1450.76],[931.5,1450],[932,1449.26],[933.5,1449],[934,1448.26],[935.26,1447.76],[935.26,1445.26],[936.26,1444.76]]],[[[795,1452],[794.5,1451.5],[795.76,1450.5],[796.76,1450.5],[797.26,1451.5],[797.26,1452.76],[796,1453.76],[795.26,1453.5],[795.5,1452.26],[795,1452]]],[[[937.76,1460],[938.26,1458.76],[940.26,1458.76],[940.26,1458.5],[942,1458.5],[940.5,1460],[937.76,1460]]],[[[943.26,1459],[942.76,1459.5],[942.5,1458.5],[943.26,1458.26],[943.26,1459]]],[[[936,1461],[935.5,1462],[934.5,1461.76],[934.5,1461.26],[936,1461]]],[[[932,1467.76],[931.26,1468],[931.26,1467.26],[932.76,1466.5],[932,1467.76]]],[[[981.76,637.5],[981.76,636.5],[982.5,636.5],[982.76,637.26],[981.76,637.5]]],[[[963,1172.26],[963.26,1171.76],[964.76,1171.76],[964.5,1173.5],[964,1174.26],[963.26,1173.76],[962.26,1173.76],[962.26,1173],[963,1172.26]]],[[[960.5,1426],[961.26,1424.76],[962,1424.5],[964.5,1424.26],[965,1425.26],[966.26,1425.26],[967,1425.76],[967,1428.5],[966.5,1429],[966.5,1430.5],[966,1431.76],[965.26,1432.76],[964.26,1432.76],[964,1431.76],[962.76,1431.76],[962.5,1431],[963,1430.76],[963.5,1428.5],[962,1428.5],[962,1427.26],[961,1427.26],[960.5,1426]]],[[[958,1447.26],[957,1447.76],[957.5,1446.5],[958.26,1446.76],[958,1447.26]]],[[[945.5,1456.26],[947,1455.76],[946.5,1457],[944.26,1457],[944.76,1456.26],[945.5,1456.26]]],[[[947.5,1461.5],[948,1462.26],[947,1462.5],[947.5,1461.5]]],[[[1011,624.76],[1011.76,624.26],[1012.26,625],[1011,624.76]]],[[[1032.5,606.76],[1032.5,607.26],[1031.5,607.26],[1031.5,606.26],[1033,606.26],[1032.5,606.76]]],[[[1029,612.26],[1029.76,612.5],[1029,613.26],[1028,613],[1028,612],[1029,612.26]]],[[[1028.76,615],[1029,614.26],[1030.26,613],[1031,613],[1031,613.76],[1032.76,614.5],[1033,615],[1034,615.26],[1034.76,616],[1034,616.26],[1030.76,616.26],[1030,616],[1028.76,615]]],[[[1018.26,1160],[1018.76,1159.76],[1019,1158.5],[1020,1158.26],[1020.26,1159.26],[1020.76,1159.5],[1021,1160.5],[1020.5,1164],[1019.26,1164.26],[1018.26,1165.26],[1017.26,1165.26],[1016.5,1164.5],[1018,1162],[1018,1160.26],[1018.26,1160]]],[[[1047.5,584.26],[1047.5,583.26],[1048,583],[1048.26,582],[1051,581.76],[1051.76,582.76],[1052.26,585.5],[1052.76,585.76],[1053.26,587],[1055,588.5],[1055.5,589.26],[1056,591],[1056,601],[1056.76,602.5],[1057.5,605.5],[1058.5,608.26],[1059.76,609.76],[1059.76,611.76],[1060,611.76],[1060.5,614.26],[1061.26,615.26],[1061.5,616.5],[1061.5,621.26],[1060.76,623],[1060.76,624.26],[1060.26,624],[1059.76,622.26],[1059.26,622],[1058.5,620.26],[1057.26,619.26],[1057.26,618.76],[1056.26,617.76],[1056,616.76],[1055,616],[1054.5,615],[1054.26,613.26],[1053.5,611.26],[1053.5,608.76],[1053.26,608.76],[1053.26,606.26],[1053.76,605.26],[1053.76,602],[1053.5,602],[1052.76,599.5],[1051,597.5],[1050.76,596.5],[1050,595.76],[1050,594.76],[1049.5,594.26],[1049,592],[1049,590.5],[1048.26,588.5],[1047.5,584.26]]],[[[1043,587.26],[1043.76,587],[1044.5,585.5],[1045,586.26],[1046,585.76],[1046.26,587.26],[1047.76,590.26],[1047.76,593],[1048,593],[1049,596.5],[1049.5,596.76],[1050,598.5],[1050.5,598.76],[1050.76,599.76],[1052,601.26],[1052.26,603.76],[1051.26,604.5],[1049.5,604.5],[1049,604],[1047,603],[1046.76,602],[1044.5,598.5],[1043.5,598],[1042.26,598],[1041.5,597.5],[1040.26,597.5],[1040.26,596.76],[1041.5,595.76],[1042.26,594],[1041.76,593],[1040.76,592.76],[1041,592],[1039.5,591],[1040.76,589.76],[1041.5,589.76],[1042,589],[1042.26,587.5],[1043,587.26]]],[[[1034.5,600],[1033.76,600],[1033.76,598.76],[1035,599.5],[1034.5,600]]],[[[1035,601],[1035,600.5],[1036,600.5],[1036.76,599.76],[1038.76,599],[1042.26,599],[1043.76,599.26],[1043.76,599.76],[1044.76,600.5],[1044.76,601.26],[1045.5,602.76],[1047.5,605],[1049,605.26],[1051.5,606.76],[1051.5,608.26],[1052,608.76],[1052,609.76],[1052.5,610.5],[1052.5,612],[1053,613],[1053,614.5],[1053.76,615.5],[1053.76,616.26],[1054.5,617],[1055,618.5],[1055.5,618.76],[1056,620.76],[1058.5,623],[1058.5,623.5],[1059.5,625.26],[1059.5,626.76],[1060.76,628],[1060.76,630],[1060.5,631],[1060,631.26],[1059.5,632.5],[1057.26,633.5],[1057,634.76],[1057,637],[1056.76,637],[1056.76,642],[1056.5,642.5],[1054.5,642.5],[1052.76,641.5],[1050.5,638.76],[1050.5,637.5],[1049.5,636.5],[1048,635.76],[1045.26,635.76],[1044.26,635.5],[1043.5,634.5],[1043.5,630.5],[1042.76,629],[1042,628.5],[1042,627.5],[1041.26,626.76],[1041,625.5],[1041,622.76],[1040.26,621.26],[1039.26,618],[1038.76,617.26],[1036.5,614.76],[1033.26,613],[1031.76,610.76],[1031.5,609],[1032,608.5],[1033,608.5],[1034,607.5],[1035.76,606.5],[1035.76,606],[1037,605.76],[1037.5,603.5],[1036.26,602.5],[1035.26,602.5],[1034.5,602],[1035,601]]],[[[1042,1162.5],[1043.76,1161.76],[1044.5,1160.76],[1045.26,1160.76],[1045.76,1161.5],[1045.76,1163],[1044.5,1164.26],[1044.76,1165.26],[1045.5,1165.26],[1045.5,1167],[1045,1167.5],[1044,1167.26],[1043.76,1168],[1044.26,1168.5],[1044.26,1169.76],[1043.5,1170.26],[1043,1171.76],[1040.76,1171.5],[1040.76,1170.5],[1042,1170.26],[1042.26,1169.5],[1042,1167],[1041.26,1166.5],[1042.5,1165.5],[1042.5,1163.26],[1042,1162.5]]],[[[1032.5,1165.76],[1034,1164.26],[1035,1164.26],[1035.26,1165.76],[1034.76,1166.26],[1034.76,1167.26],[1034.26,1168],[1034.26,1169],[1033.5,1169.26],[1033,1168.5],[1032.5,1165.76]]],[[[1039.26,1177],[1040.26,1177],[1041.5,1175.5],[1043,1175.5],[1043,1176],[1044.76,1176],[1046,1175.26],[1047,1175.26],[1045.76,1177.26],[1044,1178.26],[1043.26,1177.26],[1042.5,1177],[1042.5,1178],[1042,1178.76],[1041,1178.76],[1040.5,1179.26],[1039.26,1179.26],[1038.26,1178.5],[1036.76,1178.5],[1037,1177.26],[1038,1176.76],[1039.26,1177]]],[[[1048,1183.26],[1048,1182.5],[1049.76,1181.26],[1051.26,1181.26],[1051.76,1182.5],[1051,1182.76],[1050.76,1183.5],[1049.76,1183.5],[1049.26,1184],[1050.5,1184.5],[1050.5,1185.76],[1049.26,1186.26],[1049,1186.76],[1046,1186.76],[1045.76,1186.5],[1046.76,1185.26],[1047.5,1184.76],[1048.5,1184.76],[1048.76,1184.26],[1047.76,1184],[1048,1183.26]]],[[[1042.5,1187],[1043.5,1186],[1043.5,1185.5],[1045,1185.76],[1044.5,1187.26],[1043,1188.26],[1043,1189.76],[1041.26,1190.26],[1040.76,1189.76],[1040.76,1188],[1041,1187.5],[1042.5,1187]]],[[[1044.5,1194.26],[1045.5,1191.76],[1046.5,1191.76],[1046.5,1192.76],[1047.5,1194],[1047.26,1195],[1044.76,1197.26],[1044.76,1196.76],[1043.5,1196],[1043.5,1194.5],[1044.5,1194.26]]],[[[1063.26,575.5],[1063,576.5],[1062.5,576.5],[1062.76,575],[1063.26,575.5]]],[[[1063.5,578],[1063.76,577.26],[1064.26,578.26],[1063.26,578.76],[1063.5,578]]],[[[1058.26,579.5],[1057.5,580],[1057.26,579.26],[1058,578.76],[1058.26,579.5]]],[[[1063.26,580.76],[1063.76,579.26],[1064.5,579.5],[1065,580.76],[1064.76,582.26],[1064.76,584],[1064,585.76],[1063.76,587.26],[1063.76,590.5],[1064,590.5],[1064,592.5],[1063.76,593.26],[1061.5,594.5],[1061.5,595],[1060.5,595.76],[1060.26,597.26],[1059.76,598],[1059.76,600.26],[1060.5,601.26],[1060.5,603.76],[1059.5,605.26],[1059.26,606.76],[1058.76,606.5],[1058.26,605.26],[1058.26,604],[1057.76,602.76],[1057.76,599],[1057.5,599],[1057.5,597],[1057,596.5],[1057,594.26],[1057.5,593.26],[1057.5,587.26],[1057.76,587.26],[1058,585.26],[1058.5,584.5],[1058.76,583.26],[1058.76,580.5],[1059.76,580.26],[1061,581.26],[1062.5,581.26],[1063.26,580.76]]],[[[1055,581.76],[1056,582],[1056.76,581.26],[1057.76,581.5],[1057.76,582.76],[1057.26,583.5],[1057.26,584.76],[1056.26,586.26],[1056.26,587],[1055.5,587],[1055,585.76],[1053.76,584.5],[1053.26,583],[1053.76,583],[1054,581.5],[1055,581.76]]],[[[1061.5,596.5],[1062.76,594.76],[1063.5,594.76],[1063.26,595.5],[1063.26,600.26],[1063.5,601.76],[1064,603],[1064,604.76],[1064.5,605.5],[1064.5,606.76],[1065,608],[1065.76,609],[1066.26,610.26],[1066.26,614],[1065.76,615],[1065.76,618],[1065,619.5],[1065,620.5],[1066.26,622.26],[1066.76,624.26],[1066.76,625.76],[1067.5,627],[1067.76,628],[1067.76,630.76],[1068.26,631.76],[1068.26,634],[1068,634],[1067.76,636.26],[1067,637.5],[1067.26,640],[1066.76,640.76],[1066,641],[1063.5,643.26],[1063,644.76],[1063,647.26],[1063.26,648.5],[1061.5,650.5],[1060.76,650.5],[1060.26,651.76],[1059.76,652],[1059,651.26],[1059,650.26],[1058.5,650],[1058.26,649],[1058.26,645.26],[1058.5,645.26],[1058.5,642.26],[1058.76,642.26],[1058.76,639],[1058.5,638.26],[1059,637.76],[1059.26,636.26],[1059.26,634.5],[1061.76,632.5],[1061.76,631.76],[1062.5,630.5],[1062.5,627.5],[1061.76,626.5],[1062,624.76],[1063,623.26],[1063.26,622.26],[1063.26,616.5],[1062.76,616],[1062.26,614.26],[1061.5,613.76],[1061.26,612.26],[1060.76,611.26],[1060.76,609.5],[1060.26,608.76],[1060.26,606.5],[1061.5,604.26],[1061.5,601],[1061,600.26],[1061.5,600],[1061.5,596.5]]],[[[1063.26,1176.76],[1063.26,1176.5],[1065,1176.5],[1067.26,1175.5],[1067.5,1173.5],[1068.76,1173.5],[1069.5,1174],[1070.5,1173.26],[1070.5,1171.26],[1072.5,1170.5],[1072.76,1169.5],[1074.26,1168.76],[1074.5,1169.26],[1074.5,1172.26],[1075,1172.76],[1074.76,1173.76],[1074,1174.26],[1074,1175],[1072.76,1175.76],[1072,1176.76],[1070.76,1177.26],[1070.76,1179],[1069.5,1179.76],[1068,1179.76],[1066.76,1179.26],[1065.76,1180.5],[1064.76,1180.76],[1061,1180.76],[1061.5,1179.5],[1063,1178.5],[1063,1176.76],[1063.26,1176.76]]],[[[1053,1183.26],[1053.26,1184.26],[1051.76,1184],[1052,1183.26],[1053,1183.26]]],[[[1065,577.26],[1064.76,576.26],[1065.5,575.26],[1066.5,575],[1066.5,575.76],[1067.5,576.26],[1068,577],[1067.26,577],[1066.76,577.76],[1066,577.26],[1065.76,578.26],[1065,577.26]]],[[[1069,579.76],[1068.5,580],[1068,579],[1068.5,578.26],[1069.76,579.5],[1069,579.76]]],[[[1066.26,581.5],[1066.26,579.76],[1066.76,578.76],[1068.5,580.26],[1070.76,580],[1071.76,580.5],[1073.26,579.5],[1074.76,579.76],[1074.76,581.26],[1074.26,581.5],[1074.26,584.76],[1074,585.5],[1073,585.76],[1071,587],[1071,587.76],[1069.76,589.76],[1068.26,590],[1065.26,591.76],[1065,590.76],[1065,586.76],[1065.5,586],[1066.26,582.5],[1066.76,582.5],[1066.26,581.5]]],[[[1077.5,584],[1078.5,584],[1078.5,584.5],[1077.5,584]]],[[[1075,586],[1075.5,586],[1076.26,584.76],[1077.5,584.76],[1078.5,586.26],[1079.76,586.26],[1080,585.76],[1081,585.76],[1082.5,586.5],[1083.5,588.26],[1082.26,588.76],[1082.5,590.5],[1081.5,591.26],[1081.5,591.76],[1080.5,592.76],[1080.5,593.5],[1079,596],[1078.76,597.26],[1077.5,599.26],[1076.76,601.76],[1075.76,602.76],[1075.76,606.76],[1076.26,608],[1076.26,610.76],[1075,615],[1073.5,616.5],[1073.5,617.5],[1073,618],[1072.76,619.76],[1072.26,620],[1071.5,621.76],[1069.26,623.26],[1068.5,624.26],[1067.76,624],[1067.76,622.76],[1067,621.76],[1066.5,620.5],[1066.5,618.5],[1066.76,618.5],[1066.76,615.5],[1067.26,614.5],[1067.26,610],[1066.5,608.76],[1066.5,608],[1065.5,606.26],[1065.5,605],[1065,604.26],[1065,602.5],[1064.5,601.5],[1064.5,599.76],[1064.26,599.76],[1064.26,596],[1064.5,596],[1065,593.5],[1066.5,593],[1067.26,592.26],[1069.26,591],[1070,591],[1071.76,589.76],[1072,587.76],[1073,587],[1074.26,586.76],[1075,586]]],[[[1081.5,592.76],[1082.26,592.26],[1082.5,592.76],[1083,592],[1084,592.76],[1085.76,592.26],[1085.76,593.5],[1086.5,594],[1086.26,595.26],[1087,595.76],[1087,596.76],[1086.5,597.76],[1087.76,598.26],[1088.76,600],[1089.5,600.26],[1089.5,601.26],[1088.76,601.76],[1088.76,604.26],[1087.5,605.76],[1087.5,607.5],[1086,609.5],[1085.5,609.5],[1083.5,611.26],[1083.26,612.26],[1081.76,613],[1081.26,614.26],[1081.26,615.26],[1080.26,617.26],[1080.26,619.5],[1080,619.5],[1079.5,621.26],[1079,621.5],[1078.5,623.26],[1076.5,625.76],[1074.76,627.26],[1074.26,628.5],[1071.26,629.26],[1071.26,629.76],[1069.76,630.76],[1069.5,631.5],[1068.76,631.26],[1068.76,628.76],[1068.26,627.26],[1068.26,625.5],[1069.26,624],[1070.26,623.76],[1072.5,621.76],[1073.5,619.76],[1073.76,618],[1074.26,617.76],[1074.76,616.5],[1075.76,615.76],[1076.76,611.26],[1076.76,606.76],[1076.5,606.76],[1076.5,604],[1077,603.5],[1077.26,602],[1078.5,600],[1079.76,596],[1080.26,595.76],[1081.26,593.76],[1081.5,592.76]]],[[[1082.5,619.5],[1081.26,619.5],[1081.26,617.26],[1081.5,617.26],[1082,614.26],[1082.76,613.5],[1083.76,613.26],[1084.26,612],[1085,611.76],[1086.5,610.5],[1087.26,608.76],[1088.5,608],[1089.26,607],[1090,605],[1090.76,604],[1092.76,604.26],[1093,605.26],[1092.5,605.5],[1093,606.76],[1094.76,606.76],[1095,606.26],[1096,606.26],[1096.76,607.26],[1097.26,608.76],[1097.26,610.5],[1095.5,611.5],[1095.26,612.5],[1092.5,613],[1089.76,615.5],[1088.26,617.5],[1087.26,617.76],[1087,618.26],[1084.5,619.26],[1082.5,619.26],[1082.5,619.5]]],[[[1072,630.26],[1072.5,629.76],[1073.5,629.76],[1072.5,632.26],[1072,632.5],[1071.26,635.26],[1071.26,638],[1071,638],[1070.5,639.76],[1069.26,640.26],[1068,640],[1068,637.26],[1068.5,636.76],[1068.5,635.76],[1069.26,633.5],[1071,630.5],[1072,630.26]]],[[[1086.26,589.76],[1086,588.5],[1086.76,588],[1086.26,589.76]]],[[[1085.5,591.26],[1084.5,591.5],[1084.26,590.76],[1085,590.5],[1085.5,589.76],[1085.5,591.26]]],[[[1089.5,597.76],[1090,598.26],[1088.76,598.26],[1088.76,597.5],[1089.5,597.76]]],[[[1092,602.26],[1092.26,603.26],[1090.76,602.76],[1091.26,602],[1092,602.26]]],[[[1090.26,1155.5],[1090.26,1154.26],[1091.5,1153.76],[1093.5,1153.76],[1093.5,1154.5],[1091.26,1156],[1090,1156],[1090.26,1155.5]]],[[[1085.76,1158.26],[1087.76,1156.5],[1089.5,1156.5],[1090.26,1157.76],[1090.26,1159.26],[1089.5,1159.5],[1089,1160.26],[1089,1161.5],[1090,1162],[1090,1163],[1089.26,1164],[1087.5,1164],[1087,1166.76],[1086.26,1167],[1086,1168],[1084.76,1168.5],[1083.5,1168.5],[1083.26,1167.26],[1085.76,1165.76],[1085.76,1164.26],[1086.76,1163.26],[1086.76,1162.5],[1084.5,1162.76],[1084.26,1161.76],[1085.76,1161.26],[1086,1160.76],[1085.26,1160.26],[1085.26,1159],[1085.76,1158.26]]],[[[1085,1180.5],[1085.76,1179.76],[1087,1179.76],[1087.26,1182.26],[1085.5,1183.26],[1084.5,1183.26],[1084.5,1182.76],[1085.76,1181.76],[1085,1180.5]]],[[[1093.5,600.76],[1094.5,600.5],[1093.76,601.26],[1093.5,600.76]]],[[[1094.5,605.76],[1094,605.76],[1094,603.76],[1095.26,604],[1095.26,604.76],[1094.5,605.76]]],[[[1098.76,615.26],[1098.5,615.76],[1097.26,614.5],[1098.76,614.5],[1098.76,615.26]]],[[[1097.26,620.5],[1097.76,620],[1098.26,620.76],[1097.26,620.5]]],[[[1109.26,643.76],[1109,643.5],[1109,641.76],[1109.76,642.5],[1109.76,643.5],[1109.26,643.76]]],[[[1117.5,653],[1116.76,653],[1117,651.76],[1117.76,652],[1117.5,653]]],[[[1123,1460.76],[1122,1460.76],[1122.5,1460],[1124.76,1460],[1125.26,1461],[1126.26,1461],[1127.76,1460.26],[1130.76,1459.76],[1131.76,1459],[1132.5,1459],[1134.26,1457.76],[1133.26,1459.26],[1132.26,1459.5],[1131.5,1460.26],[1130.5,1460.26],[1129.5,1460.76],[1128.26,1460.76],[1127,1461.5],[1125.76,1461.5],[1125,1462],[1124,1460.5],[1123,1460.76]]],[[[1147,639.76],[1147.26,638.76],[1148.26,639],[1148,639.76],[1147,639.76]]],[[[1158.26,1079.76],[1156.5,1079],[1155.76,1078],[1156.26,1078],[1158.26,1079.26],[1159,1079.26],[1161.26,1080.76],[1162.26,1080.76],[1163.76,1081.76],[1164.5,1081.76],[1165.26,1082.5],[1166.76,1083],[1169.5,1085.5],[1170.26,1086.76],[1170.76,1086.76],[1171.5,1087.76],[1172,1087.76],[1173,1089],[1174.26,1089.26],[1175.26,1090],[1178,1090],[1178.76,1090.5],[1179.76,1090.5],[1180.76,1091.26],[1180.76,1091.76],[1182.76,1093.5],[1184,1093.76],[1186.76,1096],[1188.26,1096.26],[1189.26,1098.26],[1191,1098.5],[1191,1099],[1192,1099.76],[1193,1099.76],[1193.76,1100.5],[1197.26,1101],[1197.76,1101.5],[1199,1101.5],[1201,1103],[1203.5,1103.26],[1204.26,1103.76],[1206.26,1104],[1206.26,1104.5],[1208,1104.5],[1208.5,1104.76],[1209.26,1106],[1209.76,1106],[1210.26,1107.26],[1211,1107.5],[1212.26,1108.76],[1213.26,1108.76],[1213.5,1109.5],[1214.26,1109.76],[1214.76,1110.5],[1216,1110.76],[1216.5,1111.5],[1217.76,1111.76],[1218.5,1112.26],[1219.76,1112.26],[1219.76,1112.76],[1221.26,1113],[1222,1114],[1223.26,1114.26],[1224.5,1115],[1226.26,1115],[1226.76,1114.26],[1227,1113],[1227.76,1111],[1229.26,1109.5],[1229.5,1108.5],[1230.76,1106.76],[1230.76,1105.26],[1231.26,1104.76],[1231.76,1105.76],[1231.76,1107.26],[1230.5,1108.76],[1230.5,1109.76],[1229.5,1111.26],[1229.26,1112.26],[1229.5,1115.26],[1230,1116],[1229.76,1117.5],[1229.76,1119.26],[1229.5,1119.26],[1229.5,1122],[1230,1122.5],[1230.26,1124],[1230.26,1126],[1230.5,1126],[1230.5,1130],[1230.76,1130],[1230.76,1134.5],[1231,1134.5],[1231,1136.76],[1230.76,1137.26],[1230.26,1136.5],[1230.26,1134],[1230,1134],[1230,1131.76],[1228.76,1129.26],[1228.76,1127.76],[1227.76,1126],[1227.76,1125.26],[1226.76,1124.26],[1226.76,1122.26],[1226.5,1122.26],[1226,1118.76],[1225.26,1117.76],[1224.26,1117.5],[1223.5,1116.5],[1222.5,1115.76],[1221.76,1115.76],[1220,1114.26],[1219,1114],[1218.26,1113],[1217,1113],[1216.26,1112.5],[1215.26,1112.5],[1214,1111.76],[1213.26,1111.76],[1211.76,1109.76],[1209.5,1108.76],[1207.26,1106.76],[1207.26,1106.26],[1204.76,1104.76],[1203.5,1104.5],[1201.76,1104.5],[1201.76,1104.26],[1199.5,1104.26],[1198.5,1103.76],[1197.5,1102.76],[1196,1102.76],[1194.5,1101.5],[1192.76,1101.26],[1192,1100.76],[1191,1100.76],[1190,1100],[1189,1098.76],[1187.76,1098.26],[1186.76,1097],[1185.5,1096.76],[1184.76,1095.76],[1184,1095.76],[1183.26,1095],[1181.76,1094.26],[1179.76,1092.26],[1178.5,1092],[1177.5,1091.26],[1173.76,1090.76],[1173.5,1090.26],[1172.26,1090],[1170.5,1088.76],[1170.5,1088.26],[1167.5,1085.5],[1165.76,1083.5],[1163,1082],[1161.26,1081.5],[1158.76,1080.5],[1158.26,1079.76]]],[[[1170.76,1377],[1171.26,1376],[1174.26,1375.5],[1174.26,1376.5],[1173.5,1377.76],[1174.5,1377.76],[1175.26,1378.26],[1175.26,1379],[1174.26,1379.76],[1174.26,1381.5],[1173.76,1380.76],[1172,1380.76],[1171.5,1380.5],[1171.5,1379.26],[1170,1378.76],[1170,1377.5],[1170.76,1377]]],[[[1123,1536],[1123,1534.26],[1122,1533.5],[1122,1530.26],[1120.76,1530],[1120,1529.26],[1120,1527.5],[1120.26,1526],[1119.5,1525],[1118,1524.76],[1117.76,1524.26],[1117.76,1522],[1116.76,1521],[1118,1520],[1119.76,1519.76],[1121,1518.26],[1121,1516.26],[1121.26,1515.5],[1120.26,1515],[1120.5,1513.5],[1123.26,1513.5],[1123.5,1512.76],[1124.76,1511.5],[1124.76,1509.26],[1125.26,1508.26],[1127.26,1508.26],[1128.26,1507.76],[1129.26,1506.5],[1130.76,1506],[1132,1504.76],[1133.5,1504.26],[1135.5,1504.26],[1136.26,1503.76],[1143.76,1503.76],[1144.76,1503],[1147.76,1503],[1149.26,1502.26],[1151.5,1502.26],[1153.26,1501.26],[1156,1498],[1157,1497.5],[1158.5,1497.26],[1158.76,1496.76],[1160,1496.76],[1160.76,1495.76],[1161.76,1495],[1162.5,1495],[1163,1494.26],[1166.26,1494.26],[1166.5,1493.76],[1168,1493.76],[1169,1493.26],[1170.5,1493.26],[1171,1492.5],[1172.5,1492],[1175,1489.76],[1176.26,1488],[1177,1488],[1178.26,1489],[1180.5,1489],[1180.5,1488.76],[1182.5,1488.5],[1182.76,1486.26],[1183.5,1484.76],[1183.5,1482.76],[1183.26,1482.76],[1183.5,1480.26],[1184.5,1478.76],[1184.76,1477.76],[1185.76,1477.76],[1186.26,1479],[1187,1480],[1187.26,1481.5],[1187.26,1483.26],[1187.5,1483.26],[1189.26,1485.26],[1190.26,1485.5],[1190.76,1486.26],[1192.26,1486.76],[1193.76,1486.5],[1196.76,1486.5],[1198.26,1485.5],[1199.26,1485.26],[1199.5,1484.76],[1200.76,1484.26],[1201,1481.5],[1202.76,1482.26],[1205,1482.26],[1205.5,1481.5],[1208.5,1481.26],[1209.26,1482],[1210.26,1483.76],[1212,1483.76],[1212,1484],[1216.76,1484],[1216.76,1484.26],[1218.5,1484.26],[1218.5,1484.5],[1221.26,1485],[1222.26,1483.76],[1224,1482.76],[1224,1481.76],[1223.5,1481],[1223.26,1478.26],[1222.5,1477.26],[1222,1475.76],[1222.76,1475.26],[1223,1474.5],[1222.76,1473.5],[1221.76,1472.76],[1221.5,1471.76],[1222.5,1471],[1223,1469.5],[1223.26,1467.26],[1223.76,1466.26],[1225,1466.26],[1225.26,1465.26],[1226.26,1465],[1227,1463.26],[1228,1462.5],[1229,1462.26],[1229.5,1461],[1230,1461.26],[1231.76,1461.26],[1231.76,1461],[1234.26,1461],[1234.5,1460.5],[1236.5,1461],[1237,1462.5],[1238,1463],[1238.76,1464.5],[1238.76,1466.26],[1238,1467.76],[1237,1468.26],[1237,1470.5],[1237.76,1471],[1237.76,1472.76],[1237.26,1473.5],[1237.26,1474.76],[1238.26,1476.5],[1239.26,1477.26],[1240.26,1477.5],[1240.5,1478],[1242.26,1479.26],[1243,1481],[1243.26,1483.5],[1244,1484.26],[1243.26,1482.26],[1243,1479.76],[1242.5,1479.5],[1241.26,1477.76],[1239.26,1476.76],[1239,1476],[1238,1475.26],[1238,1473],[1238.5,1472.5],[1238.5,1470.26],[1237.76,1469.76],[1237.76,1469],[1238.5,1468.76],[1239.5,1467],[1239.5,1463.76],[1239,1462.5],[1237.76,1461.76],[1237.76,1460.5],[1238.76,1460],[1240,1458.5],[1241.26,1457.76],[1242.5,1457.76],[1243.5,1458.26],[1246,1458.26],[1247.5,1457],[1247.76,1456.5],[1248,1454],[1249.26,1452.26],[1250,1452.26],[1251,1451],[1251,1449.76],[1252.26,1448.5],[1253.76,1448],[1254.5,1447.26],[1258.5,1448],[1260,1447.26],[1262.5,1447.76],[1265.26,1449],[1267.26,1449],[1268.5,1448.5],[1269.76,1447.26],[1271.76,1447.5],[1271.76,1448],[1273.5,1448],[1275,1448.26],[1275,1447.5],[1275.76,1446.26],[1276,1443.5],[1275.5,1443.26],[1275.26,1442.26],[1274,1441],[1274.5,1437.76],[1275.76,1437.5],[1275.76,1437],[1277.76,1437],[1277.76,1437.5],[1278.76,1437.5],[1279.26,1438.26],[1281,1437.5],[1287.76,1437.5],[1287.76,1437],[1289.26,1437],[1289.26,1437.5],[1291.5,1437.5],[1292.5,1438],[1294,1438],[1294.5,1437.5],[1294.5,1436.26],[1295,1435.26],[1296,1435],[1298,1435],[1299.76,1434],[1300.5,1434],[1301.26,1433.26],[1301,1431.76],[1297.5,1431],[1297.26,1430.26],[1296.26,1430],[1295.76,1429.26],[1294.5,1429.26],[1294.26,1428.5],[1290,1428.5],[1289.5,1428],[1288,1428],[1286.26,1426.76],[1284,1426.26],[1282.26,1426.26],[1281.5,1425.76],[1280.5,1425.76],[1279.26,1425],[1279.26,1423.76],[1278.5,1422.5],[1278.5,1421.5],[1276.76,1418.76],[1276,1418.5],[1276,1417.26],[1274.76,1416],[1275.26,1415],[1275.5,1412.5],[1274.5,1412],[1275,1411],[1275.76,1410.76],[1276,1409.5],[1275,1408.5],[1272.76,1408.5],[1271.5,1408],[1270.5,1407],[1272,1407.5],[1272.5,1406.76],[1273.26,1406.76],[1273.5,1406],[1274.76,1406.26],[1274.76,1404.26],[1276.76,1404],[1277,1403.26],[1278.26,1402.26],[1279.26,1402.5],[1280,1401],[1280.76,1400.5],[1282.76,1400.5],[1283.5,1401.26],[1285.26,1401],[1285.76,1401.26],[1288.26,1401.5],[1288,1402.5],[1287.26,1403.26],[1287.5,1404],[1289.26,1403.5],[1291.26,1403.5],[1292.5,1403.26],[1293.26,1402.5],[1294.76,1402.5],[1293.76,1401],[1293.5,1399.5],[1293.76,1397.5],[1294.5,1396.76],[1297.26,1396.76],[1298,1395.76],[1299,1396],[1299.26,1397.5],[1300.26,1397.5],[1300.5,1398.26],[1301.26,1398.26],[1302.26,1399],[1305,1399.26],[1305.5,1400.5],[1306,1399.5],[1307.5,1399.5],[1308.26,1399],[1308.5,1398.26],[1312.26,1398.26],[1312.26,1398.5],[1315.76,1398.5],[1315.76,1398.76],[1318.5,1398.76],[1320,1397.26],[1320.76,1397.76],[1321.76,1397.76],[1322.76,1397],[1323,1395.76],[1323.76,1395.76],[1324.5,1396.76],[1326.26,1396.5],[1328.26,1397.76],[1328.26,1398.76],[1327,1399.5],[1327.26,1400.5],[1328.76,1400.5],[1328.76,1399.5],[1330.76,1398.76],[1331.26,1399.5],[1333,1400],[1333.26,1399.5],[1334.5,1399.76],[1338,1399.76],[1338.26,1399.26],[1340.26,1399],[1341,1399.76],[1341,1400.5],[1342.5,1401.76],[1343.76,1401.26],[1344.76,1401.26],[1345.26,1402],[1346,1401.5],[1349.5,1401.5],[1349.76,1400.26],[1351.76,1400.26],[1350.5,1399.5],[1350.5,1398.26],[1351.5,1397],[1352.76,1397],[1353.5,1396.26],[1354.26,1396.76],[1355,1395.76],[1356.26,1395],[1356.26,1394.5],[1358.5,1394.76],[1358,1393.76],[1358.5,1393.5],[1358,1392.76],[1358,1391.76],[1359.26,1391.26],[1360.5,1391.26],[1361.5,1390.76],[1361.5,1390],[1362.5,1389.26],[1364.26,1389],[1365.26,1387.5],[1367.26,1387.5],[1367.5,1388],[1369,1386.5],[1369.26,1385.5],[1370,1385.26],[1370.5,1385.76],[1371.26,1385.5],[1373.26,1385.5],[1374.5,1384.76],[1374.5,1383.5],[1375.76,1383.5],[1376.26,1383],[1378.26,1383],[1380.26,1382.26],[1381,1381.26],[1381.76,1381.26],[1382,1382],[1381.5,1382.26],[1381.26,1384],[1381.76,1385],[1382.76,1385.76],[1384,1385.76],[1384,1385.26],[1385,1385.5],[1385.5,1386.5],[1385.5,1388.26],[1387.26,1388.76],[1387.26,1389.5],[1388.26,1390],[1388.26,1391.26],[1387.5,1391.76],[1387,1393.26],[1385,1395],[1384.5,1396.26],[1383.5,1396.5],[1384,1397],[1384.26,1398.76],[1385.26,1399.26],[1385.26,1401],[1383.76,1402.76],[1383.5,1403.5],[1383.76,1405],[1383,1405.76],[1382.26,1405.76],[1381.5,1406.5],[1380.5,1406.5],[1380,1407.76],[1379.5,1408],[1377.76,1408],[1375.26,1408.76],[1374.5,1409.76],[1374,1411],[1373.26,1411.26],[1373.26,1412.76],[1373.76,1412.76],[1374.76,1414],[1376.26,1414.5],[1376.26,1416.5],[1376,1416.5],[1376,1418.76],[1377,1419.76],[1378.5,1420.26],[1381,1420.26],[1382.5,1422.76],[1384.26,1422.76],[1384.76,1421.26],[1387,1420],[1388.26,1420],[1389.5,1420.5],[1391.76,1420.5],[1392.76,1420.26],[1393.5,1420.76],[1395.26,1420.76],[1395.26,1421],[1397.26,1421],[1397.26,1421.26],[1404.5,1421.26],[1406,1421],[1406.5,1420.5],[1407.76,1420.26],[1409.76,1420.26],[1409.76,1420.5],[1411.76,1420.5],[1413,1421.26],[1414.76,1421.76],[1416.76,1421.76],[1417.76,1421.5],[1418.26,1422],[1422.5,1423.26],[1422.76,1423.76],[1424,1423.76],[1425,1424.26],[1426.5,1424.26],[1428,1421.76],[1429.26,1421.26],[1429.5,1420.5],[1430.5,1419.76],[1430.5,1419.26],[1432.5,1418],[1433.26,1416.5],[1434.5,1416],[1435.5,1415.26],[1436.76,1413.26],[1437.76,1413],[1438,1412],[1439.26,1411],[1439.26,1410.5],[1440.26,1409.76],[1440.76,1406.76],[1443,1404.76],[1442.76,1403.76],[1445.5,1403.76],[1444.76,1404.76],[1443.5,1405.5],[1443.5,1406.5],[1442.26,1406.76],[1441.76,1407.5],[1441.26,1410.26],[1439.76,1411.5],[1439.5,1412.76],[1437.26,1414.76],[1436.5,1416.5],[1437.26,1417],[1438.5,1417.26],[1439.76,1418.26],[1440.76,1418.26],[1441,1418.76],[1443,1419.5],[1443.76,1420.5],[1445.5,1421],[1447,1420.76],[1448.5,1422.5],[1449.26,1422.76],[1455.26,1422.76],[1456.26,1423],[1458.26,1425.26],[1459,1425.5],[1460.5,1425.26],[1462,1423.5],[1462.5,1423.5],[1463,1422.5],[1465,1422.26],[1466.26,1421.5],[1468,1421.5],[1469.26,1421.76],[1469.76,1422.26],[1469.76,1423.76],[1468.76,1424.5],[1467.5,1424.5],[1466.76,1425.5],[1466.76,1426.76],[1467.5,1427.5],[1467.76,1429],[1467,1429.76],[1467,1430.76],[1467.5,1432],[1469,1433],[1471.26,1432.76],[1472,1431.76],[1473.5,1431.76],[1473.26,1432.5],[1473.76,1432.76],[1473.5,1435],[1473,1435.5],[1472.5,1437],[1471.26,1437],[1469.76,1438],[1469.76,1439],[1468.76,1439.76],[1468.76,1440.5],[1468,1441.26],[1468.26,1442],[1467.5,1444],[1466.5,1443.5],[1465.5,1443.5],[1465.5,1444.5],[1465,1443.76],[1463.5,1443.76],[1462.5,1444.26],[1462.5,1444.76],[1461.5,1445],[1461,1444.5],[1460,1444.76],[1459,1446],[1457.5,1445.76],[1457.26,1446.26],[1455.5,1445.76],[1455,1444.76],[1454,1445],[1453.5,1446.5],[1452.26,1447.76],[1453.26,1449],[1454.76,1449],[1455.5,1449.5],[1455.26,1450.26],[1454.26,1450.5],[1454,1451.26],[1452.5,1452.76],[1452.5,1454.5],[1451.76,1456],[1451.76,1457.76],[1451.26,1459],[1450.26,1459],[1449.26,1457.5],[1446.76,1457.5],[1446,1458.26],[1446.5,1460],[1445.76,1461.26],[1444.26,1461.5],[1444,1462.5],[1442.76,1463.76],[1442,1463.76],[1441.5,1464.5],[1440,1464.5],[1438.26,1465.76],[1438.76,1466.5],[1438.76,1467.5],[1440.26,1468.76],[1440,1469.76],[1439.5,1470],[1439.5,1471.26],[1439,1471.76],[1438,1471.76],[1437.26,1472.26],[1437.5,1472.76],[1437.26,1475],[1437.76,1475.26],[1437.76,1476.26],[1438.76,1477],[1439.76,1477],[1440,1475.76],[1441.26,1473.76],[1441.26,1474.76],[1441.76,1475.26],[1441.5,1477],[1443.26,1477],[1443.76,1477.76],[1443.76,1480.5],[1443.26,1481.5],[1442.5,1481.76],[1441.26,1483],[1441.5,1484],[1442.26,1484.5],[1442.5,1485.5],[1444.76,1485.26],[1445.26,1486.26],[1446.5,1486.5],[1449,1486.5],[1450,1487.76],[1449.76,1488.76],[1449.76,1490.76],[1449,1491.5],[1449,1493.26],[1447,1493.5],[1446.76,1495],[1446,1495.76],[1446.26,1497.5],[1445.26,1497.76],[1444.5,1498.76],[1445,1500.26],[1445.76,1500.26],[1446.26,1501],[1446.76,1500.26],[1448,1499.5],[1448,1498.26],[1448.5,1498],[1449,1498.76],[1450,1498.76],[1451,1497.76],[1451.5,1496.26],[1452,1496.26],[1452.26,1498],[1452.76,1497.76],[1453.5,1498.26],[1454,1499.76],[1455.26,1500],[1457.76,1500],[1458,1500.76],[1459.26,1500.76],[1459.26,1501.76],[1458.76,1503],[1457.76,1504.26],[1456.76,1504.5],[1454.76,1504.5],[1453.5,1504.76],[1453.26,1505.5],[1452.26,1506.26],[1452.26,1506.76],[1450.76,1507],[1449.26,1508.5],[1448,1509],[1446.5,1509],[1445,1510.26],[1445.26,1510.76],[1446.76,1510.5],[1447.26,1510],[1448.76,1509.76],[1450.5,1508.76],[1452,1508.76],[1452.5,1508.26],[1454.5,1508.26],[1455.26,1507.26],[1456,1507.26],[1456.5,1508],[1457.26,1508],[1458.26,1507.26],[1459,1507.26],[1459.76,1506.5],[1461.76,1507.76],[1462.5,1508.76],[1462.76,1509.76],[1463.76,1509.76],[1464,1511.26],[1464.76,1511.76],[1465.26,1513.5],[1465.26,1517.76],[1465,1519],[1465.76,1519.26],[1465.76,1520.5],[1466.76,1521.76],[1466.76,1523],[1467.5,1524.26],[1468.76,1525.26],[1469.76,1525.5],[1470,1526],[1471,1526.26],[1471.26,1526.76],[1472.76,1526.76],[1472.76,1528],[1474,1528.76],[1475.26,1529],[1475.5,1531],[1474.76,1531.26],[1475,1532.76],[1474.5,1533.26],[1474.26,1534.76],[1473.26,1536],[1123,1536]]],[[[1210,605],[1210.5,604],[1210.5,603],[1211.5,602.5],[1212.5,602.5],[1212.26,603.5],[1211.26,604.76],[1210.5,605],[1210.26,606.26],[1209.26,605.5],[1210,605]]],[[[1216,1355],[1216.76,1354.76],[1217.5,1353.76],[1218.26,1353.76],[1218.5,1353],[1219,1354],[1219.76,1354.26],[1220,1356.26],[1218.76,1357.5],[1218.26,1358.76],[1217.5,1358.5],[1217.5,1357.5],[1217,1356.5],[1215.26,1356.26],[1216,1355]]],[[[1199.26,1359],[1200.26,1358.76],[1200.76,1358],[1202.26,1357.5],[1202.26,1359.76],[1202,1361],[1200.5,1361.76],[1200.26,1362.5],[1200.5,1364.5],[1198.76,1365],[1199,1367.26],[1197.76,1369.76],[1196.76,1370.5],[1195.26,1370.26],[1195.5,1368.26],[1196,1368],[1196,1366.5],[1195.5,1365.5],[1194.76,1365],[1197.26,1362.76],[1198,1362.26],[1198,1359.76],[1198.5,1359],[1199.26,1359]]],[[[1250.76,1061.76],[1250.76,1061.26],[1253.26,1057.26],[1254,1055],[1254.76,1054],[1254.76,1050.5],[1255.5,1048.26],[1256.5,1047.5],[1257.26,1045.76],[1257.26,1043.76],[1257,1043.76],[1257,1041.5],[1257.5,1041.26],[1258.5,1038.76],[1259.26,1038.76],[1259.26,1041.5],[1258.76,1042.5],[1258.76,1045.5],[1258.5,1046.5],[1257.76,1047.26],[1257,1049.5],[1256.5,1049.5],[1256,1050.5],[1256,1052.5],[1255.76,1052.5],[1255.76,1055.26],[1255.5,1055.26],[1255,1058.26],[1254.26,1058.76],[1253.5,1060.26],[1252.26,1061.26],[1252,1062.5],[1251.5,1063],[1251.5,1066.76],[1251.26,1067.5],[1249.76,1069.26],[1248.26,1070],[1246.76,1070.26],[1244.76,1071.76],[1244.76,1072.26],[1242.76,1075],[1241.76,1078.26],[1241,1079],[1240.5,1080.5],[1239.76,1081],[1239.5,1082],[1238.76,1082.5],[1237.76,1084.26],[1237.26,1084.26],[1235.26,1086.76],[1234.5,1086.76],[1234.76,1085.5],[1236,1084.26],[1236,1083.76],[1237.5,1082],[1237.76,1080.76],[1238.76,1079.26],[1238.76,1078.26],[1240,1076.26],[1240,1074.5],[1239.26,1073.76],[1237.76,1073.5],[1237.26,1073],[1235.76,1073],[1234.26,1072],[1234,1071],[1233,1070.26],[1231.76,1069.76],[1230.76,1069.76],[1230.26,1069],[1232.5,1069],[1233.5,1069.76],[1234.26,1069.76],[1235.26,1070.5],[1235.26,1071],[1237.76,1072],[1240.26,1072],[1240.76,1072.5],[1242,1072.5],[1242.76,1072],[1243.26,1071],[1244.26,1070],[1245.26,1069.76],[1245.5,1069.26],[1247.26,1068.76],[1248,1067.26],[1248.26,1066],[1249.5,1065],[1250,1064],[1250,1063],[1250.76,1061.76]]],[[[1243.76,1395.26],[1243.76,1394.5],[1244.76,1393],[1246,1392.5],[1247,1392.5],[1247.5,1393],[1249,1393.26],[1249.26,1394],[1250.5,1394.5],[1252,1394],[1252.76,1394.76],[1254,1394.76],[1254.5,1397.76],[1255,1397.76],[1255,1398.76],[1257,1398.5],[1257.26,1399.26],[1259.26,1399.26],[1260.26,1399],[1261.5,1401.26],[1263,1401.26],[1263,1401.76],[1265,1401.5],[1265.76,1402.5],[1267,1402.5],[1268,1403],[1268.26,1403.76],[1267.26,1404.5],[1267,1405.5],[1266.5,1405.76],[1266.76,1404.26],[1267.26,1403.26],[1265.76,1403],[1264,1402.26],[1262.26,1402.26],[1260.76,1401.26],[1260.5,1400.26],[1259.5,1399.76],[1256.76,1399.76],[1256.5,1399],[1254.5,1399.26],[1253.76,1398],[1253.5,1395.5],[1252.5,1395],[1251.26,1395.26],[1249.26,1395],[1249,1394],[1247.5,1393.26],[1245.26,1393.26],[1244,1394.5],[1243.76,1395.26]]],[[[1273,999.76],[1273.76,996.76],[1273.76,995.26],[1274.76,993],[1275.26,990.5],[1275.76,990],[1275.76,989],[1276.5,987.5],[1276.5,983],[1276.26,981.76],[1275.26,981.5],[1276,981],[1276.26,979.5],[1277.5,981.26],[1277.5,983.5],[1278.5,984],[1278.5,986],[1277.76,986.76],[1277.5,988.76],[1277,989.26],[1276.5,990.76],[1276.5,995.5],[1276,995.76],[1275.76,996.76],[1274.76,997.76],[1274.26,999],[1274.26,1000],[1273.76,1000.26],[1273.76,1002.76],[1273.5,1002.76],[1273.5,1005.26],[1273.26,1005.26],[1273,1007.26],[1272.5,1007.5],[1271.5,1010],[1271,1010.26],[1270.5,1011.76],[1270,1012],[1270,1014.5],[1268.76,1016],[1268.5,1017.26],[1267,1018.5],[1266.5,1019.26],[1266.5,1021.5],[1267.26,1023.5],[1267.76,1023.76],[1268.26,1025],[1269,1025.5],[1269.76,1027],[1270,1029.76],[1270.5,1030.76],[1270.5,1032.5],[1271,1033.76],[1271,1046],[1271.26,1046],[1271.26,1049],[1271.5,1049],[1271.5,1051.76],[1271,1051.76],[1271,1049.5],[1270.5,1048.5],[1270.26,1047],[1270.26,1044.26],[1269.76,1043],[1269.76,1041.26],[1269.5,1041.26],[1269.5,1037.76],[1269.26,1037.76],[1269.26,1034.26],[1268.5,1032.26],[1268.5,1031],[1268,1029.76],[1268,1027],[1266.76,1025.76],[1266.5,1024.76],[1264.26,1022.26],[1264.26,1020.5],[1264.5,1020.5],[1265,1018],[1265.76,1017],[1266,1015.76],[1268.26,1012.5],[1268.26,1011.5],[1269,1010.5],[1269.5,1009],[1270.5,1008.5],[1270.76,1007.5],[1271.26,1007.26],[1271.26,1006.26],[1271.76,1005.5],[1271.76,1004],[1272.26,1003],[1272.26,1001.76],[1272.76,1001],[1273,999.76]]],[[[1296.5,553.76],[1296.76,553],[1297.5,552.76],[1298.26,554.26],[1298.26,556.76],[1296.26,555.26],[1296.5,553.76]]],[[[1336.26,1184.76],[1337.26,1185.26],[1336.26,1185.76],[1336.26,1184.76]]],[[[1346.76,1179.26],[1347.26,1179],[1347.76,1177.5],[1348.5,1178],[1348.5,1179.76],[1347.5,1180.5],[1346.76,1180],[1346.76,1179.26]]],[[[1349.26,1180.5],[1350.26,1180.5],[1350,1181],[1349.26,1180.5]]],[[[1350,1183],[1349.26,1183],[1349.5,1182],[1350.26,1181.76],[1350,1183]]],[[[1390.76,367.76],[1390,367.5],[1389.76,366.76],[1388.5,366.76],[1388,365.5],[1386.26,364.76],[1386.26,363.5],[1387.5,362.5],[1387.5,361.5],[1386.76,361.26],[1387.5,360.26],[1388.76,359.5],[1389,357.76],[1389.5,357.5],[1389.76,356.26],[1388.26,356],[1388,355.26],[1389.26,354.5],[1391,354],[1391.76,353],[1392,351.76],[1393.26,351.76],[1393.5,350.26],[1394.5,350.26],[1394.76,349.76],[1396,349.5],[1396.26,348.76],[1397,348.5],[1396.76,348],[1396.76,345.26],[1396.5,345],[1398.76,344.76],[1398.26,343.26],[1399.5,342.76],[1399.5,342.26],[1400.5,341.5],[1401.26,340.26],[1402.76,340],[1402.76,339.5],[1404.26,339.26],[1404.5,338.76],[1406,338.26],[1406,337.5],[1406.76,337],[1407,335.26],[1406.5,334],[1407.26,333.76],[1407.5,333],[1409,332.26],[1409,331],[1411.26,329.76],[1412.5,329.5],[1412.5,329],[1413.76,327],[1413.26,325.5],[1413.26,324.5],[1415.76,323.76],[1416.26,323],[1420.26,322.5],[1421,321.5],[1422.5,321.5],[1422.26,320],[1421.76,319.26],[1423,319.76],[1424,319.5],[1423.26,318.5],[1425.26,318.26],[1425.5,317.76],[1426.5,317.5],[1426.76,318],[1428,318.26],[1428.26,317.5],[1430,316.5],[1430,315.5],[1430.76,315.5],[1431.26,316.76],[1432,316.76],[1432.26,318.26],[1433,319.26],[1433.76,319.26],[1434.26,320.26],[1436.26,319.5],[1437,318.76],[1438,319],[1438.5,318],[1439,318.76],[1440,318.76],[1440,317.76],[1441,318.26],[1444,318.26],[1445,317.5],[1446,317.5],[1447.26,318],[1447.76,319],[1448.5,319],[1448.26,320.76],[1449.5,321.5],[1449.5,322.26],[1450.76,322.5],[1451.26,321.76],[1451.5,320.5],[1453.5,320.26],[1453.76,318.76],[1455,318.5],[1456.5,318.76],[1457.5,317.26],[1458.76,317],[1459.5,316.5],[1460.5,316.5],[1460.76,317.26],[1462,317.26],[1462.5,316.76],[1462.5,315.76],[1461.76,315],[1460.5,315],[1461.76,314],[1462,313.26],[1460.76,313.26],[1458.76,312],[1457.5,312],[1458,311.26],[1459.26,311],[1462.26,310],[1463,309.26],[1463.26,308],[1464,307.26],[1464.26,306],[1465,306.26],[1466,308],[1468.5,308.26],[1469.26,307.5],[1469.26,306],[1470,305],[1471.26,305.26],[1473,305.26],[1473.26,305.76],[1474.26,305.76],[1474,304.26],[1475,303.5],[1475.5,302.5],[1477,302],[1477,300.76],[1476.26,299.5],[1476.76,299.26],[1476.76,298.26],[1478.5,298.26],[1478.76,297.26],[1478.26,296.5],[1479.26,296.5],[1479.76,297],[1480.76,297],[1482,296.5],[1482.5,295.5],[1484,295.5],[1484.26,296],[1485.5,295.5],[1485.5,294.76],[1486.26,293.76],[1488.76,294],[1489.5,293],[1489.76,292],[1492.26,291.5],[1493,293],[1494,292.76],[1494.5,292],[1495.26,291.76],[1495.26,289.76],[1494.76,289],[1499.26,287.5],[1499.76,288.26],[1502,288.26],[1502.5,288],[1501.76,287],[1500.26,287],[1499,286.5],[1496.26,286.5],[1496.26,285.76],[1495.5,285.5],[1496,284.76],[1495,283.76],[1493.26,283.76],[1493,283.26],[1491,283.26],[1491.26,282.76],[1490.5,281.76],[1491,280],[1492.5,280],[1493.5,279.5],[1493,277.76],[1494.5,277.5],[1495.76,275.76],[1496.5,275.5],[1496.5,274.5],[1498.26,273.5],[1498,271.76],[1499.26,271.5],[1499.76,271],[1501,271],[1501,271.5],[1502.5,271.76],[1503,271.26],[1505.5,271.26],[1505.76,271.76],[1507.26,272],[1507.5,271.26],[1509.76,271.26],[1510.5,271.5],[1511,270.76],[1512,270.5],[1512.5,271],[1513.76,271],[1514,271.5],[1516,271.5],[1516.5,271],[1517,271.76],[1518.26,271.76],[1518.26,272.26],[1519.26,272.26],[1519.5,273],[1521.76,274.26],[1522,273.76],[1523.5,274],[1526,275],[1526.76,276],[1526.76,278.26],[1528.5,278.26],[1528.76,279.26],[1530,278.26],[1532.5,278.76],[1532,279.76],[1532.26,281.26],[1532.26,283],[1532.5,284],[1534,284.26],[1533.26,285.76],[1535,286.26],[1535.76,287.26],[1537.76,287.26],[1537.76,289],[1537.26,289.5],[1537.76,290.26],[1537.26,290.5],[1537.5,291.5],[1537.5,293.26],[1538,293.76],[1537.76,294.76],[1537,295.26],[1535.76,295.5],[1534.76,296.5],[1532.76,297.26],[1532.5,297.76],[1534,297.5],[1535.26,296.5],[1536,296.76],[1539,296.76],[1539.5,296.26],[1540.5,296.26],[1541,296.76],[1542,296.76],[1542.76,297.5],[1542.76,298.76],[1544,299.5],[1543.5,301],[1543,301.26],[1543.26,302.26],[1544.26,303.76],[1545,304.26],[1544.76,306.5],[1543.26,306.5],[1543.26,308.26],[1543.76,308.76],[1543.5,310.26],[1543.5,312],[1543,312.26],[1542.5,313.5],[1541.76,314],[1542.5,314.5],[1541.76,315.26],[1541.76,317.5],[1542,318],[1543,318.26],[1544.26,318],[1544,317],[1545.5,317.26],[1546.26,316.5],[1547.5,319],[1546.26,320],[1545.5,321.76],[1545.5,323.76],[1545,324.5],[1545.26,326.5],[1546,327],[1545.76,328.76],[1544.26,329.5],[1544.5,330],[1544.26,332.26],[1542.76,332],[1542.5,331.26],[1541.76,332.5],[1540.76,333],[1540.26,334.5],[1539.76,334.76],[1539.26,336.26],[1541,336.76],[1541.5,338],[1540.5,338.26],[1540,339],[1539,339.5],[1537,339.5],[1536,340],[1536,341],[1535,341.76],[1534.5,343.76],[1532.5,343.76],[1532.26,344.26],[1531,344.76],[1530.76,346],[1530,346.5],[1528.5,345.76],[1527.5,344.76],[1526.76,344.76],[1527,346.76],[1526.5,347.5],[1527.26,347.5],[1527.5,348.5],[1527,348.76],[1529,348.76],[1530,348.5],[1531,349.26],[1531.76,351.26],[1532.5,351.5],[1532.5,352.26],[1531,352.76],[1531,354.76],[1530.5,355.26],[1530.5,356.5],[1530,357],[1529,357],[1528.5,357.5],[1527.5,357.26],[1526.76,358.76],[1525.76,359],[1525.76,360],[1525,361.5],[1525,363.5],[1524.26,364],[1524.26,365.26],[1523.76,365.5],[1521.5,365.76],[1520.5,366.76],[1520.5,368.26],[1520,369.26],[1518.26,369.5],[1518.76,370.5],[1518.5,371.76],[1516,371.26],[1515.76,370],[1516,367.76],[1515.26,367.5],[1515.26,366.76],[1513.26,366.76],[1513.26,367],[1511.5,367],[1511.26,366],[1510.26,366],[1510,364.76],[1509.26,364.5],[1509,362.76],[1507.26,362.76],[1507.5,361],[1508.5,360.26],[1508.5,359.5],[1507.26,359.5],[1506.76,359],[1504.5,359.26],[1504.26,358],[1501.76,356.76],[1501,358],[1499.26,358],[1498,357.5],[1497.5,359],[1496.26,359.26],[1495.76,359.76],[1495.76,361.5],[1494.5,362.5],[1491.26,362.5],[1490.76,363.5],[1489.76,364.26],[1489,363.5],[1487.5,363.5],[1487,362.5],[1484.76,362.5],[1483.76,360.76],[1482,359.5],[1482,359],[1481,358.26],[1481,359],[1482.26,360],[1482.5,361.26],[1483,362],[1483,363.5],[1483.76,364.26],[1483.76,365.76],[1482.76,366.5],[1485,368],[1485.5,368.76],[1485.5,370],[1486,370.5],[1486.5,372.26],[1487.26,372.5],[1487.5,373.26],[1486,373.26],[1486,374.26],[1487.76,375.26],[1487.76,375.76],[1490,376.76],[1490.5,377.5],[1490.26,378.26],[1490.5,379.26],[1491.5,380.5],[1491.5,381.5],[1492.5,381.76],[1491.76,383],[1491.76,384.5],[1491,385.26],[1490.76,386.26],[1491.76,386.26],[1493.26,387.76],[1493.26,388.76],[1494.26,389.5],[1494.26,391.76],[1494.5,392.26],[1495.76,392.5],[1496,393],[1496,396.26],[1495.76,396.26],[1495.76,398],[1495,399.26],[1495,400.26],[1493.76,401.26],[1493.76,403],[1495,403.76],[1494.76,404.76],[1494,404.76],[1495.26,407.26],[1495.26,408.76],[1494.5,410],[1494.5,410.76],[1493.76,412.26],[1492,412.5],[1491.26,413.26],[1490.26,413],[1490,411.76],[1490,410],[1490.26,410],[1490.26,407.26],[1490.5,406.5],[1490,406.26],[1489.5,405],[1488.76,404],[1487.5,404.5],[1486,404.76],[1485.76,403.76],[1486,402.5],[1485.5,402],[1485.26,398.76],[1486.5,398.26],[1486.5,396.5],[1486,395.76],[1485.76,394],[1484.76,393.5],[1484.5,391.76],[1482.26,391.76],[1481.76,391.26],[1480.76,391.26],[1480.26,388.76],[1477.5,388],[1477.5,386.76],[1478,386.5],[1477.76,385.5],[1476.5,385.26],[1476.26,384.5],[1475.5,384.26],[1475.26,382.26],[1474.26,382.5],[1471.76,382.5],[1471.26,382],[1469.5,381.76],[1469.26,380.76],[1469.76,380.5],[1470.26,379],[1469,378.76],[1469,376.76],[1469.26,376.76],[1469.26,374.26],[1468,373.76],[1468,372.76],[1468.5,372],[1470.26,371.26],[1470,369.76],[1470,368],[1469.76,367.76],[1469,368.76],[1468,369],[1465.76,369],[1465,369.76],[1464.76,370.76],[1463.26,371.5],[1460.5,371.5],[1459.5,372.76],[1459.26,374],[1460,374.5],[1459.5,375.76],[1459.5,376.76],[1458.5,377.26],[1458,376.26],[1457,375.76],[1456,375.76],[1454.76,377.76],[1454.76,378.5],[1454,379.5],[1454,381],[1452.5,382.26],[1452.5,382.76],[1454.26,383.5],[1454.26,384.5],[1453.76,385.5],[1452.76,386.26],[1451.26,386.76],[1451,387.26],[1449,388.5],[1448.26,389.76],[1447.5,390],[1447.5,391],[1446.76,391.5],[1446.76,392.26],[1445.26,393.26],[1445.26,395],[1445,395.26],[1443,395.26],[1443,396.5],[1442.5,397],[1442.5,398.76],[1444,400],[1444.5,401],[1445.76,401],[1445.76,402.26],[1444.76,402.26],[1444,402.76],[1443.5,404.76],[1443,405.26],[1442.76,406.76],[1442.26,407.26],[1440.5,406.76],[1440.26,405.76],[1439.76,405.5],[1439.5,404],[1440.26,403.5],[1440,403],[1438.76,402.5],[1438.76,401.5],[1438,400.76],[1437.76,399.26],[1436.76,399.26],[1436,400.26],[1435,400.26],[1433.76,399.5],[1433,397.5],[1432.5,397.26],[1432.5,395.76],[1431.5,395.76],[1430.26,396.76],[1429.26,397],[1427,397],[1427,398],[1425.26,400.76],[1425.5,402.76],[1425,403.5],[1425.76,403.5],[1426,404.26],[1425.26,404.76],[1425,405.5],[1425,408],[1423.76,408.5],[1423.26,409.26],[1423.5,410.26],[1422.26,411],[1421.76,413.76],[1420.76,413.5],[1419.26,414.76],[1419.26,415.26],[1420.5,416.26],[1420,417],[1420,418],[1421.5,419],[1421.5,420],[1422.5,421.5],[1421.5,423.26],[1420.5,423.5],[1419.76,424.5],[1419.76,426],[1419,427],[1417.26,427.26],[1417.26,428.5],[1416.5,429],[1417.76,429.76],[1417.5,430.5],[1416,430.5],[1414.76,431.26],[1415,432.26],[1414.76,434],[1412.5,433.76],[1411.76,434.26],[1410.5,434.26],[1410,433.26],[1410.26,432.26],[1410.26,429.76],[1408.76,427.5],[1408,427.26],[1408,426.5],[1406.5,425.76],[1406.26,423.76],[1404.5,423.5],[1403.76,420.5],[1404,419],[1405,417.76],[1405,414],[1404.5,412.5],[1406.5,412.26],[1407,411.5],[1407,410.26],[1405.26,408.76],[1404.76,407.5],[1405.26,405],[1404.5,403.5],[1404.76,402.26],[1406.76,402.26],[1407.76,400.5],[1409.26,399.76],[1409.26,399],[1408,399.26],[1405.76,399.26],[1404.5,399],[1404.26,398.26],[1403,397.5],[1401.26,397.26],[1400.26,396],[1400.26,395],[1400.76,394.26],[1400.5,393],[1400.5,390.26],[1401.26,389.26],[1401.26,388.26],[1400.76,388],[1400.5,386.76],[1400,386.76],[1399,385.26],[1399,383.26],[1399.5,383],[1400,381.26],[1399.26,380.26],[1399,379.26],[1398.26,378],[1397,377.76],[1396.26,376.76],[1394.5,376.5],[1393.5,375.26],[1392.5,375.26],[1392.26,374],[1391.5,374],[1390.76,373],[1390.76,370.76],[1393,370.76],[1392.5,370],[1392.76,369.26],[1392.5,368.26],[1390.76,367.76]]],[[[1421,1133.76],[1420.76,1133],[1420,1133],[1420.76,1132],[1421.76,1132],[1422.26,1132.76],[1421,1133.76]]],[[[1401.5,1136.26],[1401.76,1135.5],[1401.26,1135.26],[1401.26,1134],[1402.26,1133.76],[1402.5,1134.76],[1403.5,1134.76],[1404,1135.26],[1404,1136.26],[1403.26,1136.26],[1403,1137],[1403.26,1138.26],[1402,1139],[1399.5,1139],[1399.5,1138.5],[1401.5,1137],[1401.5,1136.26]]],[[[1404.5,1136.5],[1404.5,1135.26],[1405.76,1135],[1405.76,1135.76],[1404.5,1136.5]]],[[[1396.76,1137.5],[1395.76,1137.5],[1396.5,1136.5],[1397.26,1136.5],[1396.76,1137.5]]],[[[1392,1139.26],[1392.76,1138],[1395,1138.26],[1395.26,1139],[1393.76,1139.76],[1392,1140],[1392,1139.26]]],[[[1418.26,1155.5],[1419,1155.26],[1418.5,1156],[1418.26,1155.5]]],[[[1420.76,1159.76],[1420.76,1158.5],[1421.5,1158],[1421.5,1159.26],[1420.76,1159.76]]],[[[1427,1164.76],[1425.26,1164.5],[1425.5,1163.5],[1426.76,1163.5],[1427.76,1163],[1427,1164.76]]],[[[1428,1164.76],[1428.5,1165.26],[1427.5,1165.26],[1428,1164.76]]],[[[1456.5,312.5],[1455,312.5],[1454.5,311.76],[1456.5,311.5],[1456.5,312.5]]],[[[1453.5,318.26],[1451.26,318.5],[1451.26,318],[1452.5,317.5],[1453.76,317.76],[1453.5,318.26]]],[[[1438,406.26],[1437.76,404.5],[1438.5,405],[1439,406.76],[1438,406.76],[1438,406.26]]],[[[1453.5,417.26],[1454.26,416.26],[1455.5,416.5],[1455.5,419.26],[1454.76,420.5],[1454,420.26],[1454,419.5],[1452.76,419],[1452.76,418],[1453.5,417.26]]],[[[1435.5,425],[1436.5,425.26],[1436.76,425.76],[1438,426.5],[1438.76,428],[1438.76,428.76],[1439.76,429.5],[1440.76,429.5],[1441.5,430],[1441.5,432.76],[1441,432.76],[1441.26,435],[1440.76,435.76],[1440.76,438],[1442,439],[1442,439.76],[1440.5,440.5],[1440,441.26],[1439.76,443.5],[1438,444.5],[1436.76,443.76],[1436.76,442.5],[1438,441.26],[1438,440.5],[1436.26,439.76],[1436.5,437.5],[1435,437],[1434.76,436.5],[1432.26,436.5],[1432.26,435.5],[1431.26,435],[1430.26,435],[1430.26,431.76],[1432.26,430.26],[1432.5,429.26],[1431.26,428.76],[1433.26,426.26],[1433.26,424.5],[1433.5,424.76],[1435.5,425]]],[[[1454.5,1154.76],[1454.76,1154.5],[1454.5,1153],[1455.76,1152.76],[1455.76,1154.5],[1454.76,1155.26],[1454.5,1154.76]]],[[[1454.26,1388],[1454.5,1387],[1456.26,1385.76],[1456.26,1384.76],[1456.76,1384.5],[1457.26,1383.26],[1459.5,1381.5],[1459.76,1381],[1459.76,1379.26],[1461,1378],[1461,1377.5],[1462.76,1376.26],[1463,1375.26],[1463.76,1374.76],[1463.76,1374],[1465,1373.5],[1465,1374.26],[1464.26,1375.26],[1464.5,1378],[1464,1379],[1463.26,1379.26],[1463,1380],[1462.26,1380.5],[1461.26,1382.5],[1460.26,1383.76],[1459.5,1384.26],[1459.5,1385.5],[1457.26,1386.5],[1457,1387.26],[1456.26,1387.76],[1456,1389],[1455.5,1389.76],[1455.5,1391.26],[1455,1392],[1454,1392.26],[1453.76,1392.76],[1453.76,1394.5],[1455.26,1394.76],[1456.26,1395.26],[1460.76,1395.26],[1460.5,1395.76],[1457,1395.76],[1457,1396],[1455,1396.26],[1453.5,1395.26],[1452,1395],[1451.5,1396.5],[1450.76,1397],[1449.76,1398.5],[1449.26,1398.5],[1448.5,1399.5],[1448.5,1401.5],[1448,1400],[1445.76,1400],[1446,1399.5],[1447,1399.26],[1448,1398.5],[1448.5,1397.26],[1449.76,1396.26],[1450.26,1395.26],[1450.5,1393.5],[1451,1393.26],[1451.26,1392.26],[1452.5,1391.26],[1452.76,1389.76],[1454.26,1388]]],[[[1467.26,306],[1466.5,306.26],[1466.26,305.76],[1467.26,306]]],[[[1457.76,399],[1458.76,398],[1458.76,397.26],[1460,397],[1462.26,397.26],[1463.76,399],[1465,398.76],[1465.76,398.26],[1467.5,398.5],[1467.26,400],[1468,400.26],[1468.5,401.26],[1467.76,402.26],[1468.26,403],[1469,403.26],[1469.5,405.5],[1470.5,405.5],[1471.5,404.26],[1472.26,404.5],[1472,405.26],[1472,407.5],[1471,408.5],[1471.26,409.26],[1471.26,411],[1470.5,412],[1468.76,412.26],[1468.76,414],[1468,414.26],[1468,415.26],[1467.5,416.26],[1466.76,416.26],[1465.26,417],[1464.26,417],[1463,417.5],[1460,420],[1460,420.5],[1457.5,421.5],[1457.26,419.76],[1458.5,418.5],[1458.5,416.26],[1459.5,415.76],[1459.5,414.5],[1460,413.26],[1460.76,412.76],[1461.26,411.26],[1461.76,411],[1461.26,410],[1459.76,409.76],[1458.5,408.5],[1458.5,407.26],[1459.76,406.26],[1458.5,404.5],[1458.26,402.5],[1456,402.5],[1456,401.5],[1457.26,401],[1457.76,400],[1457.76,399]]],[[[1465,444.5],[1465.5,444.76],[1468,444.76],[1468.26,444],[1469.26,444],[1469.26,445],[1470,445.5],[1471,446.76],[1472,447.26],[1471.76,449],[1472.76,449.5],[1472.5,450.76],[1471.76,451.5],[1471.5,452.5],[1470.76,453],[1470.76,454],[1470.26,454.76],[1470.26,456.76],[1469.5,458.76],[1469,459],[1468,460.5],[1466.5,461],[1465.5,461],[1465.5,459.26],[1464.76,458],[1464,458],[1463.76,457.26],[1465.76,456],[1466.26,455],[1466.26,452.76],[1466.76,452.76],[1467.5,451.5],[1467.76,449.5],[1466.26,448.5],[1465.5,449.5],[1464,449.5],[1463.26,449],[1463.26,447.76],[1464.5,444.5],[1465,444.5]]],[[[1463.26,451.76],[1464,450.76],[1464.76,451.26],[1464.26,454],[1463.5,454],[1463.5,452.5],[1462.76,452],[1463.26,451.76]]],[[[1470,1140],[1470.5,1139.5],[1472.5,1139.5],[1472,1140.26],[1470,1140.26],[1470,1140]]],[[[1483.76,408.26],[1483.76,407],[1484.76,407],[1485.5,407.5],[1485.76,408.26],[1487.76,408],[1488.5,408.76],[1488.5,412.76],[1488.26,413.26],[1487.26,413.26],[1485.76,412.5],[1486,411.5],[1486,409.76],[1484.76,409.76],[1483.5,409],[1483.76,408.26]]],[[[1502,432.76],[1502.76,434],[1502.5,437],[1501.5,437.76],[1500.5,437.76],[1500,439.26],[1498.26,440.76],[1498.26,441.26],[1497.26,442.26],[1497.26,443.76],[1496.76,444.5],[1495.26,444.26],[1494.5,443.5],[1494.5,442.5],[1495,441.5],[1496.26,440.26],[1496.26,438],[1497,437.26],[1497.26,435.26],[1497.76,434.76],[1498,432.5],[1499.26,430.76],[1499.26,429.5],[1498.76,429.5],[1498.5,428.26],[1497.5,427.5],[1497.5,426.76],[1498.26,425.76],[1498,423.26],[1499,422.26],[1499.26,420.76],[1497.5,420],[1497,418.5],[1497.26,417.5],[1498,417.26],[1499.76,416],[1500.76,416],[1501,414.76],[1501.5,414.76],[1501.5,413.26],[1502.26,413.26],[1503.26,414],[1504.5,413.26],[1504.76,414],[1506,414],[1506,417.26],[1505.76,417.76],[1507.76,418.26],[1507.5,420.26],[1506.26,421.26],[1505.76,422.26],[1505.76,426.5],[1505,426.76],[1505,427.76],[1504.26,428.5],[1503.76,430.26],[1502.5,431],[1502,432.76]]],[[[1491.26,441.5],[1491.26,439.5],[1492.26,439],[1492.76,439.76],[1492.76,441.26],[1492,441.76],[1491.26,441.5]]],[[[1498,476.76],[1499.26,474.5],[1500,474.5],[1500.76,475.5],[1500.76,476.76],[1500,477.76],[1498.26,479],[1497.76,479.76],[1496.26,479.26],[1496,478.5],[1497,478.26],[1498,477.5],[1498,476.76]]],[[[1487,1130],[1487.76,1130.26],[1487.5,1130.76],[1487,1130]]],[[[1481.5,1132.26],[1480.5,1133],[1480.5,1132],[1481.5,1131.76],[1481.5,1132.26]]],[[[1499.76,1442],[1499.76,1441.5],[1500.76,1442],[1503.26,1442],[1503.5,1441.76],[1503.5,1440],[1504.5,1439.5],[1505,1440.5],[1506.26,1439.26],[1506.26,1437.76],[1507,1437],[1507,1434],[1507.5,1433.5],[1506.26,1432.5],[1506.26,1430.26],[1507.76,1429.5],[1508,1427.26],[1508.76,1426],[1507.76,1425.5],[1507.26,1424.76],[1505,1423.26],[1505,1422.26],[1506,1422.26],[1507.26,1420.76],[1507.5,1419],[1508,1418.5],[1509.26,1418.5],[1509.5,1417.5],[1510.26,1416.5],[1509.26,1416.5],[1508.76,1416],[1509,1415],[1509.5,1415],[1511.26,1413.5],[1511.26,1410],[1510.76,1409.5],[1510,1407.26],[1511.26,1405.26],[1510.76,1404],[1510.76,1402.5],[1512.26,1401],[1512.5,1399.5],[1513.5,1399.26],[1512.5,1397.26],[1512.26,1395.26],[1513.76,1395],[1514.5,1394.26],[1514.5,1393.26],[1515,1392.76],[1516.5,1392.26],[1517,1392.76],[1516.5,1395.5],[1515.5,1396.5],[1515.76,1398],[1517.26,1399.26],[1516.5,1400.26],[1516,1401.76],[1516,1403.5],[1516.26,1404.5],[1518.26,1405],[1518.5,1405.76],[1519.76,1406.5],[1520.26,1407.76],[1522.26,1407.76],[1522.26,1408.5],[1523.76,1408.76],[1523.76,1406.76],[1522.76,1404.76],[1523.76,1404.5],[1525,1404.76],[1527.76,1404.26],[1528,1405.5],[1530,1405.76],[1530.5,1404],[1531.76,1403.5],[1534.26,1403.26],[1535.26,1402.26],[1535.5,1401],[1535.5,1398.76],[1536.5,1398.5],[1537,1399.26],[1538.76,1399.26],[1540,1398.76],[1540.76,1397.26],[1540.76,1396],[1541.5,1395.76],[1541.26,1394.26],[1542,1394.5],[1544.76,1394.26],[1544.26,1396],[1544.26,1397.26],[1543,1398.5],[1542.5,1399.76],[1542.5,1401],[1543.26,1401.76],[1543,1402.5],[1542,1402.5],[1540,1403.26],[1539.76,1403.76],[1538,1404.5],[1538.26,1405.76],[1537.5,1406.5],[1535.76,1406.5],[1535.26,1406.26],[1534.5,1408.5],[1533,1410],[1532.76,1411],[1531.26,1412.76],[1531.76,1413.76],[1530.26,1415.26],[1528.26,1416.76],[1527.26,1417],[1527,1418.26],[1528.5,1418.76],[1528.76,1420],[1530,1420],[1530.5,1421.76],[1530.5,1422.76],[1529.5,1423.26],[1529.5,1424.5],[1529,1425],[1527,1425.26],[1527.76,1425.5],[1527,1426.5],[1527.5,1427.26],[1526,1428],[1525.76,1429.5],[1525,1429.5],[1524.26,1430.26],[1524.76,1431],[1525.26,1433],[1525.26,1435],[1522.26,1435],[1522,1435.5],[1522.76,1436.5],[1521.76,1437],[1523,1437.76],[1523,1438.76],[1523.76,1439.26],[1523.76,1440.5],[1523,1441],[1522.76,1443],[1524,1441.5],[1525.26,1440.76],[1529.26,1440.76],[1530.26,1440.5],[1531.26,1439.5],[1533.26,1439.26],[1533.26,1440.76],[1532.76,1441],[1532.76,1442],[1534.5,1441.76],[1534.76,1442.76],[1536.5,1442],[1536.5,1441.26],[1537.5,1440.5],[1539.26,1441],[1541,1440.76],[1542,1440],[1542.76,1440],[1543.26,1439.26],[1544.26,1439],[1545.26,1437.76],[1545.26,1437],[1546,1436.76],[1546.26,1437.26],[1547.76,1437.26],[1548,1437.76],[1548,1440],[1547.26,1441.5],[1546.26,1442.5],[1546.5,1445.26],[1545.5,1446.5],[1543.5,1447],[1543,1448],[1540.76,1448.26],[1539,1449.26],[1539,1450.5],[1539.5,1451.5],[1537.76,1451.5],[1536.5,1451],[1535.26,1452.76],[1534,1453],[1533.5,1453.76],[1532,1454.26],[1531.76,1455.5],[1530.5,1456.5],[1530.5,1458.76],[1529.76,1459.5],[1529.76,1460.76],[1527.76,1461.26],[1527.26,1461.76],[1526,1461.5],[1524.26,1462],[1523.26,1462.76],[1523,1463.76],[1521.5,1464.26],[1520.5,1465],[1519.76,1466.26],[1518.76,1466.76],[1516.5,1466.76],[1516,1465.76],[1515,1465.5],[1513,1463.76],[1512.76,1462.76],[1512,1462.26],[1508.76,1461.5],[1508,1460.5],[1505.5,1459],[1503.76,1459.26],[1503.5,1460],[1502.76,1460.26],[1502.76,1459.5],[1502,1459],[1501.76,1458.26],[1501,1458.26],[1500.5,1457],[1497.5,1457],[1496.5,1456.5],[1494.76,1456.5],[1494.76,1453.76],[1494,1453.5],[1494,1452.5],[1492.5,1452],[1490.76,1451.76],[1491,1450.26],[1492.26,1448.76],[1491,1446.76],[1491.26,1444.76],[1494.76,1444.76],[1496.26,1444.26],[1496.26,1443.76],[1497.26,1443],[1498.76,1443],[1499.76,1442]]],[[[1511,251.26],[1513.26,249.76],[1513.26,250.5],[1514.26,250.76],[1515.5,251.76],[1518.26,251.76],[1519.5,252.76],[1519.76,253.5],[1520.5,253.5],[1520.5,254.26],[1521.5,254.76],[1522,255.76],[1520.76,255.76],[1520.5,256.26],[1518.26,256.26],[1517.26,257.5],[1515.5,257.5],[1515.5,257.76],[1513,258.26],[1512,256.5],[1510.5,256],[1507.76,257.26],[1504.26,257.26],[1503.76,257],[1504.5,256],[1505,256],[1506.5,254],[1508.76,254],[1510.26,253],[1511,251.26]]],[[[1503,374.76],[1504,374.5],[1504,373.5],[1504.76,373.76],[1505.5,373],[1506.26,374],[1507,374],[1507.5,374.76],[1509,375],[1509.76,376.5],[1509.5,377.5],[1509.76,378.76],[1509.76,382.5],[1510,384],[1509.5,384.5],[1509.76,386],[1509,386.76],[1509,387.5],[1507.76,388.26],[1506.5,388.26],[1506.26,386.5],[1506.76,386.26],[1506.26,385.26],[1505,385.26],[1504,384.5],[1504,383.5],[1504.5,383.26],[1504.5,382.26],[1502.76,381.5],[1501.5,381.5],[1500.76,381],[1500.76,380.26],[1499.76,380.26],[1499,379],[1498.5,379],[1498,378],[1499.26,377.76],[1499.26,376.76],[1500.26,376.76],[1501.5,376.26],[1501,375],[1503,374.76]]],[[[1511,387],[1510.5,387.5],[1510.26,386.5],[1510.76,386.26],[1511,387]]],[[[1508.26,390.76],[1508.76,390.26],[1508.76,389],[1510,389],[1511,390.76],[1511,392.5],[1510.5,393.5],[1509.5,393],[1509.5,391.5],[1508,391.5],[1508.26,390.76]]],[[[1505.76,439],[1507.26,438.5],[1507.5,437.76],[1508.26,437.26],[1508,438],[1508.26,440],[1507.5,440.76],[1505.76,441],[1505.26,442],[1504.26,441.5],[1504.76,439.76],[1505.76,439]]],[[[1501.5,475],[1501,474.76],[1502,473],[1503,473.5],[1502.26,475.26],[1501.5,475]]],[[[1510.76,1319.76],[1510.76,1319.26],[1512.26,1319.5],[1514,1318.26],[1514,1316.5],[1513.76,1315.5],[1516,1314],[1516.26,1314.5],[1518,1314.5],[1519.26,1314],[1519.26,1313],[1521.26,1310.26],[1521.76,1310.26],[1522.76,1309.26],[1524.5,1309.26],[1525.5,1308.76],[1525.5,1307.5],[1524.26,1307],[1524.26,1306.26],[1523.26,1306.26],[1523.26,1305.76],[1524.76,1305],[1526,1305],[1526.5,1304.5],[1526.5,1303],[1528.26,1303],[1529.76,1302],[1531,1302],[1531.76,1303.76],[1532.76,1303.76],[1533.26,1303],[1534.76,1302.76],[1535,1303.76],[1535.5,1304],[1535.5,1306],[1535,1306.5],[1535.26,1308.5],[1536,1308.76],[1536,1309.76],[1537,1310],[1537,1311],[1537.5,1311.26],[1539.26,1311.26],[1540.5,1311],[1540.5,1313.26],[1541,1314.5],[1542.26,1315.26],[1542.26,1317.26],[1542,1317.26],[1542.5,1319],[1543.26,1319.76],[1545,1319.76],[1545.76,1320.5],[1546.76,1320.26],[1547,1322],[1551.26,1322],[1551.26,1322.76],[1550.5,1323.26],[1551,1324.76],[1550.5,1325.26],[1551,1326.26],[1552.5,1327],[1551.76,1329.26],[1550.26,1329.26],[1549.5,1330],[1548.26,1330.5],[1546.76,1330.76],[1546.76,1332.26],[1546,1333],[1546,1337.5],[1545.76,1338.26],[1544.26,1338.76],[1544,1339.76],[1543,1340.5],[1543,1341.26],[1541.76,1342],[1541,1342],[1542,1343.26],[1542.76,1343.26],[1543,1344.26],[1544.5,1344.26],[1544.5,1345.5],[1544,1346.5],[1544.26,1348],[1544,1349.76],[1544.76,1350.26],[1544.76,1351],[1544,1351.76],[1542.76,1352.26],[1542.5,1353.26],[1541.5,1354],[1540.76,1354],[1540.5,1355],[1541,1355],[1541,1356.26],[1540,1357.26],[1539.5,1357.26],[1539,1358.26],[1539.76,1358.26],[1539.26,1359.26],[1540.5,1359.5],[1540.5,1362],[1540.26,1362],[1540.26,1363.76],[1540.5,1364.5],[1540.26,1365.76],[1539.5,1366.76],[1538.5,1367.5],[1537,1368],[1536.26,1369.26],[1536.5,1370],[1534,1370.5],[1534,1372.26],[1533.26,1373.76],[1532.5,1373.5],[1530.76,1373.5],[1530.76,1371.5],[1530,1370.76],[1529.76,1369.5],[1529,1369],[1529,1368],[1529.76,1367],[1529.76,1365.26],[1529.26,1365.26],[1529.76,1364],[1529.76,1363],[1529,1362.26],[1529,1360],[1528.26,1359.76],[1528.26,1358.5],[1526,1357],[1527,1355.5],[1527.76,1355.26],[1527.76,1354],[1527,1353.76],[1525.26,1352.5],[1525,1351.26],[1523.26,1350.76],[1523.26,1349.76],[1521.5,1349.5],[1520.76,1349],[1518.76,1349],[1518.76,1348.26],[1517.5,1347.76],[1517.26,1346.76],[1515.76,1346.76],[1514.76,1345.5],[1512.76,1345.26],[1513,1344.26],[1513.76,1343.26],[1516.26,1341.5],[1516.26,1339.26],[1515.5,1338.5],[1516.26,1338],[1515.5,1337.26],[1515.5,1336],[1516,1335],[1516.76,1334.5],[1516.76,1332.5],[1517.26,1331.5],[1518.26,1331.26],[1519,1330],[1519,1328.76],[1520.26,1328.26],[1520.26,1327.26],[1519,1327.76],[1516.76,1327.76],[1516.5,1327.26],[1514.5,1327.26],[1514,1326.26],[1512.76,1326],[1512.5,1326.5],[1510.5,1326.5],[1510,1325.26],[1509.26,1325.26],[1509,1324.26],[1507.26,1324],[1506.76,1323],[1507.5,1322],[1509.5,1321],[1509.5,1319.76],[1510.76,1319.76]]],[[[1504.5,1325.76],[1505.26,1325],[1505.26,1324],[1506.26,1324.5],[1508,1324.5],[1508,1325],[1506.76,1326],[1506.5,1327],[1505.76,1326.76],[1505.26,1326],[1504.5,1325.76]]],[[[1506.26,1327.5],[1505.5,1327.76],[1504.5,1327.5],[1504.5,1327],[1505.5,1327],[1506.26,1327.5]]],[[[1520.76,373.26],[1519.5,372.76],[1519.26,372],[1520,371.5],[1521.26,372],[1521.76,373.5],[1520.76,373.26]]],[[[1519,1400.76],[1518.26,1400.76],[1518.26,1399],[1519.76,1399],[1520.26,1399.76],[1519.5,1399.76],[1519,1400.76]]],[[[1535,360.76],[1535.26,361.5],[1533.5,361.26],[1533.76,359.76],[1534.5,360],[1535,360.76]]],[[[1531.76,361],[1532.5,361.76],[1531.26,361.76],[1531.76,361]]],[[[1530.26,371.5],[1530.5,370.5],[1531.26,369.26],[1532.26,370.5],[1534.5,370.76],[1535.26,371.76],[1534.76,372],[1534.26,373.26],[1533.5,373.76],[1533,375],[1532,375],[1530.5,377.26],[1529.5,378],[1528.76,377.5],[1528.76,376.5],[1529.26,375.5],[1530.5,374],[1530.5,371.76],[1530.26,371.5]]],[[[1535.26,1374.76],[1535.5,1373],[1536.5,1373],[1536.5,1373.76],[1538,1375],[1538,1375.76],[1537.26,1376.26],[1537.26,1377.76],[1536.5,1378.26],[1535.76,1376.76],[1535,1376.26],[1534.76,1375.26],[1535.26,1374.76]]],[[[1537,1424.26],[1534.76,1424],[1534.5,1423],[1535.26,1422.76],[1536.76,1421.5],[1537.76,1421],[1537.26,1418.76],[1538.26,1417.76],[1540.26,1417.76],[1540.26,1418],[1542.5,1418.26],[1543.26,1417],[1544.26,1416.76],[1544.26,1416.26],[1545.76,1414.5],[1546.76,1415],[1548.26,1415],[1548.5,1413.76],[1549.76,1412.76],[1550.76,1410.76],[1551.76,1410.26],[1552.5,1410.76],[1552.5,1412],[1551.76,1412.76],[1552,1414.5],[1553.26,1416],[1553.26,1417],[1551,1418.5],[1550.5,1419.26],[1550.5,1420.5],[1551.76,1421],[1551.76,1422.5],[1553.5,1422.26],[1553.76,1422.76],[1553.76,1425.26],[1553.26,1425.5],[1553.5,1426.5],[1552.5,1427.26],[1550,1427.26],[1549,1428.26],[1548.26,1428.26],[1547.5,1429.5],[1545.26,1429.5],[1544.5,1430],[1542.26,1430],[1541.5,1430.26],[1540.26,1431.76],[1539.76,1431.76],[1539.76,1432.76],[1539,1433.26],[1537.5,1433],[1537,1432.5],[1535.26,1432.5],[1534.76,1433],[1533.5,1433],[1532.26,1432.5],[1532.76,1431.76],[1534.5,1430.5],[1534.76,1429.5],[1535.5,1428.5],[1537.76,1429],[1538.76,1428.26],[1538.76,1427.26],[1538.26,1426.5],[1539.76,1424.76],[1538,1425],[1537,1424.26]]],[[[1539.5,349.76],[1539.76,349],[1540.76,347.76],[1541.26,347.76],[1541.76,348.76],[1541.5,349.76],[1539.5,349.76]]],[[[1557.26,1205.26],[1558,1205.5],[1559.26,1203.76],[1562,1203.76],[1562.76,1203.26],[1563.5,1201.5],[1564.5,1200.76],[1564.5,1197.5],[1564.26,1197.5],[1564.5,1195.5],[1566,1194.76],[1566.26,1193.5],[1567.76,1193.5],[1568.76,1192.5],[1567.26,1190.26],[1569.76,1190],[1570,1188.5],[1571,1188.5],[1571.26,1187.5],[1572.76,1188.5],[1575,1188.76],[1575.76,1187.76],[1577,1187.5],[1577.26,1186.5],[1578,1186.5],[1578.5,1185.5],[1579,1186.26],[1579.5,1186],[1580.76,1187],[1581,1185.5],[1581.76,1186],[1583.5,1186],[1583.76,1185.5],[1583,1185],[1583,1183],[1583.76,1182.5],[1586.76,1182.5],[1587.26,1181],[1588.5,1180.76],[1588.76,1180],[1588.5,1177.76],[1589.76,1178],[1590,1177],[1593,1177],[1593.5,1176.5],[1593.26,1174.5],[1592.26,1173.5],[1593.26,1173.5],[1593.26,1172.26],[1594.5,1172.76],[1595.5,1172.76],[1595.5,1171.76],[1593.76,1171.5],[1593.76,1170.5],[1594.26,1169.76],[1593.5,1169.26],[1593.76,1168.76],[1594.76,1168.5],[1594.76,1167.76],[1595.76,1167],[1596,1165.76],[1595,1165.5],[1594.76,1164.76],[1596.26,1164.5],[1597,1162.76],[1598.26,1162.76],[1599.5,1161.5],[1600.76,1162.26],[1601.76,1163.5],[1601.76,1161.76],[1602.26,1161.5],[1602.5,1160.5],[1605,1160.5],[1605.76,1160.26],[1606,1159.5],[1606.76,1159.5],[1607.26,1158.5],[1608,1158],[1609,1158.26],[1609.76,1159],[1612.26,1159],[1612.26,1159.26],[1614,1159.26],[1615.5,1157.76],[1618,1157.76],[1618.26,1158.26],[1619.26,1158.5],[1619.5,1159],[1620.76,1159.5],[1621.5,1158.5],[1622,1159.26],[1622.76,1158.76],[1623.26,1157.76],[1624.76,1158],[1624.76,1158.76],[1625.76,1160],[1627.26,1161],[1628.76,1161],[1628.76,1162.26],[1629.26,1163.26],[1630.76,1163.26],[1632.5,1164],[1632.76,1164.5],[1634,1165],[1634,1165.76],[1632.76,1167.26],[1635.5,1167],[1636.76,1168.76],[1636.76,1170],[1637.76,1170.5],[1638.5,1169.76],[1639.76,1167.5],[1640.76,1167.5],[1641.26,1166.76],[1642.26,1167.26],[1643,1166.5],[1644.26,1166.5],[1645,1165],[1646,1164.76],[1646.5,1164],[1647.26,1164.26],[1647.5,1163.76],[1650.5,1163.76],[1650.5,1165.5],[1651.26,1166.26],[1652.5,1166.26],[1652.76,1167.26],[1654.26,1167.5],[1653.76,1168.76],[1655.76,1168.76],[1655.76,1169],[1658.76,1169],[1659,1168.76],[1659.5,1170.26],[1660.5,1170.76],[1659.5,1171],[1659,1171.76],[1658,1172],[1658,1173.26],[1660,1173.26],[1661.26,1173.76],[1661.5,1175.26],[1664.26,1177],[1664.26,1177.76],[1663.26,1177.76],[1663.26,1179.76],[1664.26,1181.5],[1663,1181.5],[1662,1183],[1662.76,1183.5],[1663,1184.5],[1662.76,1185.76],[1663.76,1186.5],[1664.5,1186.5],[1665.26,1187.26],[1664.5,1188.26],[1666.5,1188.76],[1667,1189.5],[1668.5,1189.76],[1668.76,1190.26],[1668.76,1192.76],[1668.5,1194.26],[1667.5,1194],[1667.26,1195.5],[1666.26,1195.76],[1664.76,1194.76],[1664.26,1194],[1664.26,1195],[1664.76,1195.76],[1664.76,1200],[1665.26,1199.76],[1665.26,1198.76],[1665.76,1197.5],[1666.76,1197.5],[1667.76,1198.26],[1667.76,1199],[1668.5,1200],[1669.5,1200],[1669.76,1201.5],[1670.5,1201.5],[1670.76,1203.26],[1670,1204.26],[1669.76,1205.5],[1670.26,1206],[1670,1207.76],[1669.5,1208.26],[1669.5,1209.5],[1669,1210.5],[1670.5,1210.26],[1670.5,1212],[1670,1212],[1669.26,1213.26],[1669.26,1214.5],[1670,1215],[1670,1216],[1670.5,1216.26],[1670.5,1217.76],[1669.26,1219],[1668,1218.76],[1668,1219.26],[1667,1219.76],[1666.26,1220.76],[1666.26,1222.26],[1667.5,1223],[1668.26,1224],[1667.76,1224],[1667.26,1225.76],[1667.26,1227.26],[1667.76,1227.76],[1667.5,1229.26],[1668.26,1229],[1668.26,1230],[1667.76,1230.26],[1667,1232.5],[1665.5,1233.76],[1663.26,1234.26],[1664.76,1236.26],[1666.76,1236],[1667,1237.26],[1668,1239],[1669,1239.5],[1668.26,1240],[1668.5,1240.76],[1668.26,1242.26],[1667.5,1242.5],[1667.26,1244.5],[1668.5,1244.76],[1669.26,1245.26],[1669.5,1246.76],[1668.5,1246.76],[1667.5,1246.26],[1664.5,1246.26],[1664.26,1247.5],[1666.26,1248],[1667,1249.76],[1668,1250.26],[1667.76,1251.26],[1668,1252.5],[1667.26,1252.5],[1666.5,1254.26],[1665.76,1254.76],[1665.5,1256],[1664,1256.26],[1664.26,1258.5],[1665,1259.26],[1663.26,1259],[1662.5,1258.5],[1660.26,1258.76],[1660,1259.5],[1659.26,1259.5],[1660.26,1260.5],[1661.76,1260.5],[1661.76,1261.5],[1662.5,1262],[1662.5,1262.76],[1664,1263.5],[1664.5,1262.76],[1665,1263],[1665.76,1262.5],[1666.26,1263.5],[1666.26,1264.5],[1666.76,1264.5],[1667.5,1265.5],[1668.5,1265.5],[1668.5,1267.26],[1670,1269],[1670.76,1269.26],[1671,1270.76],[1670.26,1271.76],[1671.76,1272.26],[1671.26,1273.76],[1669.76,1274.26],[1670,1276.5],[1668.5,1276.76],[1668.26,1278.5],[1669.26,1278.76],[1671,1278.76],[1673,1278],[1674.5,1276.5],[1675.5,1277.26],[1676.26,1277.26],[1676.5,1278.26],[1676,1278.5],[1676,1279.5],[1676.76,1279.76],[1676.76,1281.26],[1677.76,1281.26],[1677.76,1282.26],[1678.76,1283.26],[1680.26,1283.26],[1681,1284.26],[1680.26,1284.76],[1679.26,1284.76],[1679.26,1285.76],[1678.76,1286],[1678.76,1287.76],[1678,1288.5],[1678,1291],[1678.5,1291],[1679.76,1292.5],[1679.76,1293.76],[1680.5,1294.26],[1680.5,1296],[1679.5,1297.5],[1679.26,1299.5],[1678.76,1300.26],[1677,1300.76],[1678,1302.5],[1679,1302.5],[1679,1302],[1680.5,1302.26],[1682.26,1302.26],[1683,1303],[1683.26,1304],[1684.5,1303.26],[1684.5,1305],[1685.5,1304.76],[1686.5,1305.26],[1686.5,1306],[1688.76,1305.76],[1688.76,1309.76],[1688,1309.76],[1688,1310.76],[1689,1311.76],[1689.26,1312.76],[1688.5,1313.76],[1687,1314.76],[1687,1315.5],[1687.76,1316],[1687.76,1317.76],[1688.26,1318.5],[1687,1319.26],[1687,1321.26],[1685.26,1322.26],[1685.26,1322.76],[1686.26,1323.26],[1688,1323.26],[1688,1324.5],[1687.5,1326.26],[1687,1326.26],[1686,1327.76],[1686,1330],[1686.76,1331],[1686.76,1331.76],[1687.5,1332.26],[1687.76,1333.5],[1686,1334.76],[1686,1335.5],[1685.26,1335.76],[1685,1336.5],[1683,1336.26],[1682.76,1336.76],[1681.76,1336.76],[1681.26,1337.5],[1680,1338.26],[1679,1340.5],[1678,1340.5],[1677.76,1341.5],[1677,1341.76],[1677.76,1342.5],[1678.76,1342.5],[1679.5,1343.76],[1680.76,1344.5],[1680.5,1345],[1680.76,1346.26],[1682.76,1346],[1682.76,1348],[1682.5,1349],[1683.26,1349.76],[1682.76,1350],[1683.26,1351.26],[1683.26,1353],[1683.76,1353.76],[1683.5,1354.76],[1681.26,1355.76],[1681.26,1356.5],[1680.5,1357.5],[1679.5,1358.26],[1679.5,1358.76],[1681,1358.76],[1680.76,1359.26],[1680.76,1362.5],[1682,1363.26],[1682,1364.5],[1679.76,1366.5],[1679.76,1367.5],[1679,1368.26],[1678.76,1369.5],[1680.5,1370.26],[1679.5,1372.5],[1679.5,1375.26],[1680,1375.76],[1680,1377],[1678.5,1376.76],[1678.26,1376.26],[1676,1377.5],[1675.5,1378.5],[1675.5,1379.5],[1674.26,1380.76],[1674.26,1382],[1672.5,1384],[1671,1384.26],[1671,1385.26],[1670.5,1385.5],[1670.5,1386.76],[1669.76,1386.76],[1669.26,1387.76],[1668.76,1387.5],[1668.5,1386.26],[1667.5,1385.76],[1667.5,1385],[1665,1384.5],[1663.5,1382.76],[1664.76,1381.76],[1664.76,1380.26],[1663.76,1380],[1659.26,1380],[1658.76,1379.26],[1657.26,1380],[1657.26,1380.76],[1656.5,1381.5],[1655,1381.5],[1654,1379.76],[1653.26,1379],[1652.5,1379],[1651.76,1378],[1648.76,1378.5],[1648.5,1377.26],[1647.26,1377.26],[1646,1376.5],[1645,1376.5],[1644.26,1377.76],[1642,1377.76],[1641.26,1378.26],[1639.5,1377],[1639.5,1376.5],[1638.26,1375.5],[1638,1374.76],[1637.26,1374.26],[1637.26,1373.5],[1636.5,1373.26],[1636,1372.26],[1636,1370.76],[1636.5,1369.76],[1635.5,1369],[1633.26,1369],[1633.26,1368.5],[1632,1368.26],[1631.26,1367],[1629.76,1366.5],[1628.26,1366.5],[1628.26,1368.5],[1627.26,1368.26],[1626.76,1367.5],[1625.26,1367.5],[1624.26,1366.76],[1624.26,1365.76],[1623,1364.26],[1622.76,1362.26],[1623.76,1361.26],[1623.5,1359.76],[1623,1358.76],[1620.76,1359],[1621.26,1357.76],[1619.26,1356],[1619.26,1357.5],[1618,1358.76],[1617,1358.5],[1617,1357.5],[1616.26,1358.26],[1616.26,1357.26],[1614.76,1356.5],[1614.76,1356],[1613.76,1355],[1613.76,1352.76],[1613.26,1352.76],[1613,1351.5],[1613.76,1351.26],[1613.76,1349],[1614,1347.5],[1614.5,1347],[1614.76,1345.5],[1614.26,1345],[1613.26,1345],[1613.5,1344.26],[1612.5,1343.5],[1612.5,1342.26],[1611.76,1342],[1611.5,1341.26],[1612.26,1341],[1612.26,1340.26],[1614,1340.26],[1614.26,1338.5],[1613.5,1337.76],[1614.26,1337.5],[1614.26,1336.26],[1615,1335.26],[1617,1334.5],[1617.76,1333.76],[1618,1332],[1617.26,1332.5],[1616,1332.76],[1614.76,1332],[1612.76,1332],[1611.26,1332.26],[1610.5,1331],[1609.26,1330],[1609.26,1329.26],[1608.5,1329.26],[1608.26,1328.5],[1606.76,1328.76],[1606.5,1328],[1605,1327.5],[1604,1326.26],[1604.5,1324.76],[1603.5,1324.76],[1603.26,1323.5],[1602.26,1323.5],[1602.26,1322.5],[1601.5,1321.5],[1600.5,1320.76],[1602.5,1319.26],[1601.5,1317.5],[1602.5,1317.26],[1602.5,1314],[1603.26,1313.76],[1604.5,1312.76],[1605,1311.76],[1607,1311.76],[1607.5,1311.5],[1607.76,1310.26],[1608.26,1309.5],[1610.5,1309.5],[1611.26,1308.76],[1609.5,1308.76],[1608.26,1308],[1607,1308],[1607,1307.5],[1605.76,1307],[1606.26,1305.26],[1605.5,1305.76],[1604.76,1305],[1604.5,1303.26],[1604,1303],[1603.76,1301.76],[1602.5,1301.76],[1601.76,1300.76],[1599.76,1300.5],[1599.5,1299.26],[1598.5,1299.26],[1598.5,1298.5],[1597.76,1298],[1597.76,1296.26],[1598.26,1296.26],[1598.26,1294],[1599,1292.76],[1598.5,1292.5],[1598.5,1289.76],[1598,1289],[1596.76,1288.26],[1595.76,1291.26],[1594.5,1291.26],[1594.5,1293.26],[1594,1293.5],[1594,1294.76],[1593.5,1295],[1592.5,1297],[1590.5,1295.5],[1590.5,1291.26],[1591.26,1291.26],[1591.76,1290.5],[1591,1288],[1589.76,1286.76],[1589.76,1284],[1589.26,1282.26],[1588.76,1282],[1589,1280.5],[1588,1281.26],[1586.76,1281.26],[1586.5,1280.5],[1585.5,1279.76],[1585.26,1278.76],[1583.76,1278.76],[1583.5,1276.26],[1584.5,1275.5],[1584.5,1275],[1583.5,1274.76],[1584.26,1273.5],[1585,1273.26],[1585,1272.26],[1586,1271.5],[1585.5,1270.5],[1584.5,1270],[1582.26,1270],[1582,1269.26],[1580.5,1268.76],[1581,1267.5],[1579.26,1267.76],[1579.26,1267.26],[1577.76,1264.76],[1576.76,1264.76],[1576.5,1263.76],[1577.26,1263.5],[1577.26,1262.5],[1578.26,1262.5],[1579.5,1261.76],[1580.5,1260.26],[1582,1259.5],[1581.76,1259],[1581.76,1251.5],[1579.76,1251.5],[1578.76,1250.5],[1576.76,1250],[1576.76,1248.5],[1575.5,1248],[1575.26,1247.5],[1574.26,1247.76],[1572.26,1247.76],[1571.76,1248],[1571.5,1246.76],[1570.26,1245.76],[1570.26,1244.5],[1570.76,1243.76],[1572,1243.26],[1573,1242.5],[1573,1242],[1575.5,1240.5],[1575.76,1239],[1576.76,1238.26],[1574.5,1239],[1573.26,1240.5],[1571.26,1240.76],[1570.5,1240.26],[1570.5,1239.26],[1570,1239],[1570.5,1238],[1570.26,1237],[1567.5,1237],[1565.76,1237.26],[1565,1235.76],[1565,1235],[1566.76,1234],[1567,1232.5],[1565.5,1232.26],[1565.76,1230.76],[1564.5,1230.5],[1564.26,1230],[1562.26,1230],[1562,1229.76],[1559.76,1230],[1559.26,1229.5],[1557.5,1229.5],[1557.76,1229],[1557.26,1228.26],[1556.26,1227.76],[1554.5,1227.5],[1554,1226.76],[1554,1225],[1555,1224.5],[1555,1223.76],[1556,1223.76],[1557,1222],[1558,1222],[1557.5,1221],[1558.26,1220.5],[1558,1219.76],[1558.26,1218.76],[1559,1218.26],[1558.76,1217],[1556.76,1217.26],[1556.5,1216],[1556,1215.5],[1556,1213.5],[1557.5,1212.5],[1557.5,1211.26],[1558,1211],[1558,1210],[1557,1210],[1556.5,1209.5],[1554.76,1209.26],[1555,1208.5],[1555.76,1208.26],[1555.76,1207.26],[1556.5,1207],[1556.76,1206.26],[1556,1206],[1556,1205.26],[1557.26,1205.26]]],[[[1558.5,1288.5],[1559.5,1288.5],[1560.76,1289.26],[1563.5,1289],[1564,1288.5],[1567,1288.76],[1567,1292.5],[1567.76,1293.26],[1567.76,1294.76],[1566.76,1295.26],[1566.76,1297.76],[1566.5,1298.26],[1565.26,1298.76],[1565.26,1299.76],[1564.76,1300],[1564.76,1301.5],[1566,1301.5],[1566,1302.26],[1566.76,1303],[1566.76,1304],[1566.26,1304.26],[1566.76,1305],[1566.5,1307.76],[1567,1308.26],[1566.26,1310.5],[1565.76,1310.76],[1565.76,1311.76],[1564.76,1312.26],[1564.5,1313.26],[1563.26,1314.26],[1562.5,1313.26],[1561,1313.26],[1560.76,1312.5],[1561.26,1312],[1561.26,1310.76],[1559.76,1309.76],[1559.76,1309],[1560.5,1308],[1560.5,1307],[1559.5,1306.5],[1557.26,1306.76],[1557.26,1306.26],[1555.5,1305.5],[1555.26,1304.76],[1556.5,1303.76],[1556.5,1302.5],[1555.5,1301.76],[1555.26,1301],[1554.5,1301],[1554.5,1300.26],[1552.26,1300],[1552,1296.76],[1553.26,1296],[1555.26,1296.26],[1556,1295.76],[1556,1294.26],[1556.5,1294],[1556.76,1292.76],[1558.26,1293],[1558.26,1291.5],[1557.76,1290.76],[1558,1289.26],[1558.5,1288.5]]],[[[1541.26,1313],[1541.26,1312.26],[1542,1311],[1543.26,1311.5],[1543.5,1313.76],[1542.5,1314.5],[1542.26,1313.76],[1541.26,1313.5],[1541.26,1313]]],[[[1557.76,1318],[1557.5,1317.26],[1558.26,1316.26],[1559,1316.26],[1560,1315.5],[1559.5,1316.76],[1559.5,1317.76],[1559,1318.26],[1557.76,1318]]],[[[1555.26,1324.76],[1556.26,1324],[1559.5,1324],[1559.5,1324.76],[1558.26,1325.26],[1557.76,1326.5],[1557,1326.5],[1556.26,1327.5],[1555.26,1328.26],[1553.5,1328.5],[1553.5,1326],[1555,1325.26],[1555.26,1324.76]]],[[[1545.76,1401.5],[1544.76,1401.76],[1544.26,1401],[1544.5,1399.5],[1546.26,1400.5],[1545.76,1401.5]]],[[[1554.26,1412],[1555,1411.26],[1557.5,1410.26],[1558,1412.76],[1557.5,1413.26],[1556,1413.5],[1555,1414.26],[1554,1414],[1554.26,1412]]],[[[1555.26,1415.76],[1554.26,1416],[1555,1414.76],[1555.76,1414.76],[1555.26,1415.76]]],[[[1567.5,340.5],[1568,339.76],[1568,338],[1568.76,338],[1568.76,340.26],[1569,340.26],[1569,342.5],[1568.76,342.76],[1567.26,342.5],[1567.26,340.5],[1567.5,340.5]]],[[[1598,403],[1598.5,403.26],[1600.5,401.5],[1600,400.5],[1600,399.5],[1600.5,398.76],[1603.26,397.76],[1605.76,397.5],[1606.5,397],[1607,396],[1607.76,396],[1609.5,394.76],[1609,393.76],[1610.26,391.76],[1611.26,391.76],[1611.76,392.5],[1614.76,392.5],[1616,392],[1617.5,390.26],[1618.26,389.76],[1620.26,390],[1621.26,389.26],[1621.26,388.26],[1621.76,387.5],[1624.26,387.26],[1625.5,386.26],[1626.5,385],[1627.76,385],[1627.76,386.5],[1627.26,387],[1627.76,389.26],[1628.26,389.5],[1628.26,391],[1628.76,392.26],[1629.76,392.76],[1629.5,393.5],[1628.26,394],[1628.26,395],[1627.26,396.76],[1627.5,398.5],[1626.5,399],[1625.5,399],[1624.76,399.5],[1623.76,399.5],[1623.5,400.26],[1622.76,400.76],[1621.5,402.76],[1621.5,404],[1622,404.76],[1620.5,404.76],[1619.76,405.5],[1619.26,407],[1619.26,408.5],[1621,410.76],[1622.26,410.26],[1621.76,408.76],[1622.26,408.26],[1624,408.26],[1624.5,409.26],[1624.5,410.5],[1625,411],[1626,411],[1626,412.5],[1625.5,413.5],[1624.76,413.76],[1624.26,414.5],[1623,415.26],[1622.26,416.76],[1622,418.76],[1621.26,420.26],[1619.76,420.26],[1619.5,421.26],[1618.26,421.76],[1616.5,421.76],[1616,422],[1614.5,424.76],[1610.76,425],[1609.76,426.26],[1610.5,427.5],[1612.76,428],[1613,428.5],[1614,428.76],[1613.5,429.5],[1613.5,430.5],[1614.5,431.26],[1614.5,432],[1613.26,432.5],[1612.5,433.76],[1612.5,434.76],[1611.76,436],[1611.76,437],[1610.76,437.76],[1608.5,437.76],[1607.76,438.26],[1606.26,438.5],[1606,438],[1605,437.76],[1601.5,437.76],[1601,438],[1600.76,439],[1600,439.5],[1598.5,439.26],[1598.5,440],[1599.76,441.26],[1599,442.26],[1598.26,442],[1597,442.26],[1593.5,442.26],[1593.5,442.5],[1591.26,442.76],[1590.5,443.76],[1589,443.76],[1589,442],[1587.76,441.76],[1586.76,440.76],[1586.26,439.5],[1585.5,439.5],[1584.5,440.26],[1583,442.5],[1581.76,442.5],[1580.26,441.5],[1580.26,440],[1579,438.26],[1580.5,437.26],[1581.5,437.26],[1581.76,436.5],[1581,436.26],[1581,435.5],[1582.5,435.26],[1582.76,434.76],[1583.76,434.5],[1584,434],[1587,432.5],[1587,430.26],[1588.26,430],[1588.76,430.5],[1591.76,430],[1591.26,428.26],[1590,428],[1590,427.5],[1588.76,426.76],[1587,426.76],[1587,426],[1588.5,424.5],[1588.26,421.76],[1589,420],[1589,418.5],[1588.5,417.5],[1589.26,416.76],[1592,416.76],[1592.5,416.26],[1594.76,415.76],[1595.26,414.76],[1595.26,410.76],[1595.5,410.26],[1596.26,410.5],[1597.26,409.76],[1597.5,408],[1596.76,407.5],[1596.26,405.5],[1595.5,405],[1595.5,404.26],[1597,402.76],[1598,403]]],[[[1565.5,440.5],[1566.26,440.26],[1568.26,438.76],[1568.26,439.5],[1569,440.26],[1570,440.26],[1570.26,441],[1572,441],[1571.76,442.26],[1570.5,443.5],[1568.26,444],[1567.5,445],[1566.76,445],[1565.5,444.26],[1562.5,444.5],[1562,444],[1561.5,442.5],[1564,442],[1565,440.5],[1565.5,440.5]]],[[[1575.26,442.5],[1574.26,442.5],[1573.76,442],[1574.26,440.76],[1575,440.76],[1575.76,441.76],[1575.76,442.76],[1575.26,442.5]]],[[[1565.26,1237],[1565,1237.5],[1564,1237.5],[1563.5,1236.76],[1564.76,1236.5],[1565.26,1237]]],[[[1567.5,1246],[1566.26,1244.26],[1567.5,1244],[1569.26,1244],[1569.5,1244.26],[1568.26,1246.5],[1567.5,1246]]],[[[1569.76,1288.26],[1570.5,1288.26],[1570.76,1287.5],[1572.5,1287],[1573.76,1287],[1574,1288],[1573.26,1288],[1572.76,1289],[1570.5,1290.5],[1569.76,1289.5],[1568.26,1289.76],[1568.76,1288.26],[1569.76,1288.26]]],[[[1569.26,1294.26],[1568.26,1294.26],[1568.26,1293.26],[1569.5,1293],[1569.26,1294.26]]],[[[1592.76,1299.76],[1591,1299],[1591.26,1297.5],[1592.5,1298],[1592.76,1299.76]]],[[[1567,1301.26],[1567.5,1302],[1566.76,1302],[1567,1301.26]]],[[[1561.5,1323.76],[1560.5,1324],[1560.5,1323],[1562,1322.5],[1561.5,1323.76]]],[[[1590.76,1378.26],[1590.76,1377.5],[1592.26,1376.26],[1593,1376.26],[1593.5,1378.26],[1595.76,1379.5],[1597.26,1379.5],[1598.5,1380.5],[1599.76,1380.5],[1600.26,1380],[1601.26,1380],[1601.76,1381.26],[1601.76,1382.26],[1603.5,1382.26],[1604,1382.76],[1604,1384.26],[1603.26,1385.5],[1603.76,1385.76],[1603.76,1387],[1601.5,1388],[1600.26,1388.26],[1600.26,1389.76],[1599.76,1389.76],[1599,1390.76],[1599,1392.26],[1598.26,1393.26],[1596.76,1392.76],[1596.76,1390.26],[1595.26,1388.76],[1594,1388],[1594.26,1386.26],[1595,1385.76],[1594.5,1384.5],[1593.26,1382.26],[1592,1382.26],[1591,1381.26],[1591,1380.76],[1589.5,1380.76],[1589.26,1378.76],[1590.76,1378.26]]],[[[1600.76,443.76],[1600.76,443],[1601.76,441.5],[1603,442.26],[1603.26,443.26],[1603,444.5],[1601.5,444.5],[1600.76,443.76]]],[[[1606.5,504.5],[1606.76,504.26],[1606.76,502],[1608,502.5],[1608,505],[1606.5,504.5]]],[[[1604.26,510.26],[1604.26,509],[1604.76,508],[1606.26,508],[1606.76,508.76],[1606.76,511.5],[1606.26,512],[1604.76,512.26],[1604.76,511],[1604.26,510.26]]],[[[1609.5,511.76],[1610.5,510.5],[1611.5,509.76],[1612.76,509.76],[1612.5,511.76],[1611,512.76],[1610.26,512.76],[1610.26,514],[1609.5,514.26],[1609.26,513],[1609.76,512.76],[1609.5,511.76]]],[[[1616,1147.26],[1615.76,1146.76],[1615.76,1144.76],[1617.76,1145],[1617.26,1146.5],[1616,1147.26]]],[[[1610,1150.26],[1611,1148.76],[1611.76,1148.5],[1613.5,1148.76],[1614,1149.5],[1613.76,1150],[1612.26,1150.76],[1610.76,1150.76],[1610,1150.26]]],[[[1611.5,1415.26],[1612.26,1415.26],[1612.76,1414],[1614,1414.76],[1614.76,1416],[1616.5,1417],[1616.5,1417.76],[1615.76,1418.26],[1615.76,1419.5],[1616.26,1419.76],[1619.5,1419.76],[1620,1420.5],[1620,1421.76],[1622.26,1422.76],[1623.26,1422.76],[1624,1423.26],[1623.5,1424.76],[1623,1425],[1623.26,1425.76],[1624.76,1426.26],[1624.26,1427.26],[1622,1427],[1621.5,1427.5],[1619,1427.76],[1617.26,1426.76],[1614.76,1426.76],[1614.26,1427.26],[1613,1427.26],[1612.5,1426.76],[1611.5,1426.76],[1611.5,1426.26],[1612.5,1425.5],[1613,1424.26],[1612.5,1423],[1611,1423],[1610,1423.5],[1608.76,1423.5],[1608.26,1422.26],[1607,1422.26],[1606,1421.76],[1606.5,1421],[1607.76,1420.76],[1607,1419.76],[1607.5,1419],[1608.76,1419],[1609,1417.76],[1608.26,1417.26],[1605.5,1417],[1604.5,1416.26],[1604.5,1415.26],[1605,1415],[1607.26,1415],[1608.5,1414],[1610.26,1414.26],[1611,1415.26],[1611.5,1415.26]]],[[[1622,429.5],[1621.76,427.76],[1622.5,427.5],[1622.5,426.76],[1624.26,427.26],[1624.26,428.76],[1623.76,430],[1624.26,430.26],[1624.26,431.76],[1623.5,431.76],[1623.5,432.76],[1623,433.76],[1621.76,433.76],[1621.5,434.26],[1620,434.26],[1620,433.26],[1622,431.76],[1621.26,430.76],[1622,429.5]]],[[[1626.76,1132.5],[1625.76,1133],[1625.26,1132.5],[1624.26,1132.5],[1624.76,1132],[1625.76,1132],[1626.76,1132.5]]],[[[1629.76,1143.5],[1629.76,1142.76],[1630.5,1142.76],[1630.76,1142],[1631.5,1142],[1631.76,1141.26],[1632.5,1141.26],[1633.5,1142.5],[1634.26,1142.5],[1635,1141.76],[1636.76,1141.76],[1637.76,1142.5],[1637.76,1143.26],[1638.5,1144],[1642.5,1144],[1643,1143],[1644.26,1143],[1645,1144],[1645.26,1145],[1646.76,1145.26],[1648.26,1146.26],[1648.26,1147.5],[1647.26,1148],[1647.5,1149.26],[1648,1149.76],[1648,1151.26],[1650,1151.26],[1650,1152],[1650.76,1153],[1651.76,1153.26],[1652.76,1154.76],[1651.5,1155.5],[1650.26,1155.5],[1649.76,1156],[1648.5,1156.26],[1645.5,1156.26],[1645,1156],[1644.5,1154.76],[1643.5,1154.26],[1643.5,1153.26],[1642.26,1153.5],[1641.76,1154.26],[1640.5,1154.26],[1640,1153.5],[1639.5,1154.26],[1638.5,1153.76],[1636.5,1153.76],[1636,1154.26],[1633.76,1154.26],[1633.26,1154.5],[1632.76,1153.5],[1634,1153.26],[1634.5,1152.76],[1634.5,1151.5],[1633.5,1151.5],[1633,1151],[1631,1151.26],[1630.5,1152.26],[1629.26,1152],[1628.76,1151.26],[1627.76,1151],[1626.76,1151.76],[1624.5,1151.76],[1624.5,1150.26],[1623.26,1150.76],[1622.5,1150.5],[1622.5,1148.5],[1622,1148.26],[1620,1148.26],[1618.76,1147.26],[1618.76,1146.76],[1620.5,1146.26],[1621.26,1144.76],[1623.5,1144.5],[1623.76,1143.76],[1626.5,1143.76],[1626.5,1144],[1629.76,1143.5]]],[[[1639,1142.26],[1638.76,1143],[1638,1142.76],[1638.26,1141.76],[1639,1141.5],[1639,1142.26]]],[[[1618.5,1148.5],[1618,1149],[1617,1149],[1616.76,1148.26],[1617.26,1147.5],[1618.26,1147.76],[1618.5,1148.5]]],[[[1618.76,1148.5],[1619.76,1148.5],[1620,1149],[1619,1149.26],[1618.76,1148.5]]],[[[1631.76,1153],[1632.76,1153.26],[1631.76,1153.5],[1631.76,1153]]],[[[1654,1156.26],[1653.76,1156.76],[1652.26,1156.26],[1652.5,1155.5],[1653.76,1155.26],[1654,1156.26]]],[[[1656,1158],[1655.76,1158],[1657,1156.26],[1658,1156],[1658.76,1156.76],[1658.5,1157.5],[1659.26,1158.26],[1657.5,1158.5],[1657,1158],[1656,1158]]],[[[1690.5,551],[1690,551.76],[1689.76,553.26],[1689,553.76],[1687.76,553.5],[1688.5,552.5],[1688.5,551],[1689.5,550.26],[1690.76,550.26],[1690.5,551]]],[[[1682,1123.76],[1681.5,1123.26],[1681.76,1122.26],[1683.5,1122],[1683.5,1123],[1684,1123.5],[1683.26,1123.76],[1683,1125],[1682,1123.76]]],[[[1684.26,1125.26],[1683.26,1125.5],[1683.5,1124.26],[1684,1124.26],[1684.26,1125.26]]],[[[1663.26,1152.76],[1663.76,1152.5],[1664,1153.5],[1663,1153.5],[1663.26,1152.76]]],[[[1691,1154],[1690.76,1155],[1689.5,1155.26],[1689,1155.76],[1688,1155.5],[1688,1154],[1688.5,1152.5],[1687.76,1152.5],[1687.5,1150.76],[1686.5,1150.26],[1687,1149.5],[1687,1148],[1688.26,1147.5],[1689.26,1146.76],[1689.26,1145.5],[1690,1144.76],[1690,1140.5],[1691.26,1140.26],[1691.76,1139],[1692.5,1138.76],[1693,1137.76],[1689.76,1136.5],[1690.5,1135.26],[1692,1134.26],[1692,1132.5],[1691,1132],[1691,1131.26],[1692,1130.76],[1693,1130.76],[1694.5,1129],[1695,1129.5],[1696.5,1129.5],[1697.76,1130],[1698.5,1129],[1700.26,1129.5],[1701,1130.76],[1702.26,1130.5],[1702.5,1129.26],[1703.5,1129.5],[1703.26,1130],[1703.26,1132.76],[1704.26,1133.26],[1704.5,1135],[1703,1136],[1703,1137.26],[1702.5,1137.26],[1702.5,1138.5],[1701.26,1139],[1701,1140.5],[1698.76,1140.5],[1698.26,1142.5],[1696.76,1143.26],[1695.76,1143.26],[1695,1142.5],[1695.26,1143.5],[1695.26,1145.26],[1695.76,1146.5],[1694.5,1147],[1694.26,1148.76],[1693.5,1149.5],[1693.5,1150.5],[1694.26,1151],[1693.76,1152.5],[1692.26,1152.26],[1692,1153],[1691,1154]]],[[[1687,1283.5],[1687.5,1282.76],[1688.26,1282.76],[1688.26,1281.5],[1689.5,1281.26],[1690,1281.76],[1689.76,1282.5],[1690,1283.76],[1689,1284.26],[1689,1285.26],[1689.76,1286],[1689.76,1286.76],[1691,1287],[1690.5,1288.5],[1689,1289],[1689,1290],[1688.5,1290.26],[1688.26,1291.26],[1687.26,1291],[1687.26,1288],[1687.76,1287.76],[1687.26,1285.5],[1686.5,1285],[1686.5,1283.76],[1687,1283.5]]],[[[1686.5,1294.5],[1686,1294.26],[1686,1293.26],[1687.5,1292.76],[1688.26,1295],[1687.5,1295.5],[1686.76,1296.76],[1686.26,1296.76],[1686.5,1294.5]]],[[[1680.26,1437.26],[1680.5,1436.76],[1681.76,1437.26],[1682.5,1436.5],[1684,1436.5],[1685.5,1437],[1685.5,1438.26],[1684,1439],[1684.76,1439.5],[1684.76,1441.76],[1686.26,1442],[1688,1441],[1690,1440.5],[1691,1439.76],[1691.5,1438.5],[1694,1438.76],[1694.76,1438],[1694.76,1437.26],[1697.76,1436.26],[1698.5,1435.26],[1698.26,1434.26],[1696.76,1434.26],[1696.76,1433.26],[1697.26,1433],[1697,1432.26],[1697,1430.5],[1696.26,1429],[1696,1427.26],[1697,1426.5],[1698.5,1426],[1698.26,1423.76],[1699,1423],[1699,1421.76],[1700.5,1421],[1700.5,1419.26],[1701.5,1419.26],[1701.5,1418.26],[1700.76,1418],[1701,1417.26],[1702,1417.26],[1704.26,1418.5],[1704.76,1420.26],[1705.5,1421],[1706.5,1422.76],[1706.5,1423.76],[1706,1424],[1706,1425],[1706.5,1425],[1706.5,1426.5],[1707,1426.76],[1706.76,1428],[1706.26,1428],[1705.5,1429.26],[1705.76,1431.76],[1708.26,1433.26],[1709.26,1433.26],[1709.26,1434.5],[1708.76,1434.76],[1709.26,1435.76],[1709.5,1437.5],[1709,1437.76],[1709,1438.76],[1708.5,1439.5],[1707,1439.26],[1706.5,1439.76],[1706.5,1441.26],[1705.5,1442],[1704.26,1442],[1702.76,1443],[1702.76,1443.5],[1701.76,1444],[1702.26,1445],[1702.76,1444.26],[1704.26,1444],[1704.5,1445.26],[1704,1445.26],[1702.76,1446.76],[1701,1446.76],[1700.26,1447.26],[1700,1448.76],[1700.76,1449],[1701.26,1449.76],[1701.26,1451.26],[1700,1452],[1698.76,1452],[1698,1452.5],[1698.26,1453.5],[1697.5,1453.76],[1697,1454.5],[1695.5,1454.76],[1695,1454.26],[1692.76,1454.5],[1692.5,1455.5],[1692.5,1457.26],[1691.26,1457.76],[1689.76,1458],[1688.26,1459.76],[1687.26,1459.5],[1685.26,1457.26],[1684.5,1456.76],[1682,1456.76],[1681,1456.5],[1680.76,1456],[1681.5,1455.5],[1682,1454.5],[1681.5,1453.26],[1680.5,1453.26],[1680.76,1451.76],[1679.5,1451.76],[1677.76,1450.76],[1676.76,1450.76],[1675.76,1451.26],[1674.5,1451],[1675,1450],[1675,1448],[1673.76,1447],[1672.76,1446.76],[1671.5,1446],[1671.76,1445],[1672.5,1444.5],[1676,1444.5],[1675,1443.26],[1675,1441],[1675.26,1440.76],[1678,1440.76],[1678.26,1440.26],[1679.5,1439.76],[1679,1437.76],[1680.26,1437.26]]],[[[1692,543],[1693,540.76],[1693.5,541],[1693.5,542.76],[1693.76,544],[1692.5,544.26],[1692,543]]],[[[1697.5,1118],[1696.5,1118.26],[1696.26,1116.5],[1696.76,1116.5],[1697.5,1118]]],[[[1700,1123.76],[1700.5,1124.5],[1699.5,1124.76],[1699.5,1123.26],[1700,1123.76]]],[[[1702.26,1127.5],[1702.5,1128],[1700.76,1127.76],[1700.76,1127],[1701.76,1126.26],[1702.26,1127.5]]],[[[1694.5,1127.26],[1694.76,1128.26],[1693.76,1128],[1694.5,1127.26]]],[[[1700.76,1128.5],[1701.26,1129.26],[1700.26,1129.26],[1700,1128],[1700.76,1128.5]]],[[[1702.5,1147.76],[1701.5,1148.26],[1701.5,1147.26],[1702,1146.26],[1702.5,1146.76],[1702.5,1147.76]]],[[[1700.76,1151.26],[1702.5,1149.76],[1702.5,1152.5],[1702,1152.76],[1702,1153.76],[1701.5,1154.26],[1702.26,1154.76],[1702.26,1155.5],[1701.26,1155.5],[1700.5,1156.26],[1700,1157.76],[1699.26,1157.76],[1698.76,1158.76],[1697.76,1158.76],[1697.5,1159.5],[1695.76,1159.5],[1695.26,1159],[1695.26,1158],[1696,1157.5],[1696,1156.5],[1696.76,1156.76],[1697.76,1156.26],[1698,1154.5],[1697.5,1154.5],[1697.26,1153.5],[1698,1153.26],[1698,1151],[1699.76,1151],[1700.26,1151.76],[1700.76,1151.26]]],[[[1734.5,1260],[1734.76,1258.76],[1735.26,1258],[1737,1258.76],[1737.26,1259.5],[1738.26,1259],[1738.26,1259.76],[1739.76,1261.26],[1740.26,1262.76],[1741,1263],[1741.26,1264.26],[1742,1264.26],[1741,1266],[1740.26,1266],[1739.5,1265.26],[1738.76,1265.76],[1737.26,1265.5],[1736.5,1263.76],[1735.76,1263.5],[1734.5,1263.76],[1732.76,1263.26],[1732.76,1262.5],[1734.5,1260]]],[[[1692.76,1278.5],[1693,1277.5],[1694.26,1276.5],[1695.26,1276.76],[1695.5,1278.26],[1694.76,1278.76],[1694.26,1280.5],[1692.76,1281.26],[1691.76,1281.26],[1691.76,1280.26],[1692.76,1279.26],[1692.76,1278.5]]],[[[1701.26,1413.76],[1702.5,1412],[1703.26,1412],[1704,1413.5],[1705,1414.76],[1704.76,1415.76],[1704,1415.76],[1703.26,1414.76],[1701.5,1414.5],[1701.26,1413.76]]],[[[1755.76,532.76],[1755.5,531],[1756.26,530],[1758,530.26],[1758.26,530.76],[1759.76,531.26],[1761,531.26],[1760.26,532.26],[1758,532],[1757.26,533.26],[1756.26,533.26],[1755.76,532.76]]],[[[1763.76,1188.5],[1764.26,1189],[1765.5,1189.26],[1768.5,1188.5],[1768.76,1189.5],[1770,1189.76],[1769.5,1190.76],[1769.5,1192],[1768.76,1191.76],[1767,1192],[1766.76,1193],[1765.76,1192.26],[1766,1190.76],[1764.26,1190.76],[1763.26,1190.26],[1763.26,1189.76],[1761,1189.76],[1761,1188.76],[1763,1188.76],[1763.76,1188.5]]],[[[1767.76,1194.5],[1767.26,1194.5],[1767.26,1193.26],[1767.76,1192.5],[1768.5,1192.76],[1767.76,1194.5]]],[[[1764.26,1204],[1764.76,1203.26],[1764.5,1202],[1765.26,1202.26],[1765.26,1204.26],[1764.26,1204]]],[[[1766.76,1206.5],[1767,1206.26],[1767,1204],[1769.26,1205.26],[1769.26,1205.76],[1770.26,1206],[1771,1205.26],[1771,1206],[1771.76,1206.26],[1772.26,1205.76],[1773.5,1206.26],[1773.5,1208],[1773.26,1208.26],[1774.26,1209],[1776.76,1208.76],[1777.76,1207.76],[1779.76,1208],[1779.76,1209],[1780.76,1209.26],[1780.76,1210.76],[1782,1211],[1781.76,1212],[1782.5,1212.5],[1782.26,1213.26],[1783.76,1214.76],[1783.5,1216.5],[1782.76,1216.76],[1781.76,1216.5],[1781.26,1215.76],[1779.76,1215.26],[1777.5,1215],[1777,1216],[1776.5,1215.76],[1775.5,1214.26],[1773.76,1214.5],[1773.5,1215],[1771.5,1215],[1771.26,1214],[1771.76,1214],[1771,1213],[1771,1212.26],[1770.26,1211.5],[1770.5,1210.26],[1769,1210.26],[1767.76,1209.26],[1766,1209.26],[1765.5,1207.26],[1766.26,1207.26],[1766.76,1206.5]]],[[[1791.26,511.5],[1792.76,510.76],[1792.76,510],[1793.5,509.76],[1794.5,510.76],[1794.5,514],[1793.5,515.26],[1792.26,515.5],[1792,516],[1791,516.26],[1790.5,517.26],[1789.5,517.26],[1789.5,516.76],[1788.5,516.76],[1789,517.76],[1789,518.76],[1788,519.76],[1786.76,520.26],[1785.5,520.26],[1784.26,519.26],[1782.26,520.26],[1781,520.26],[1781,519],[1783.26,515.5],[1785.26,515.26],[1785.76,514.5],[1785.76,513.5],[1786.26,512.5],[1787,512],[1789,512],[1789,511.76],[1791.26,511.5]]],[[[1786.5,552.76],[1787.26,552.26],[1789.76,552],[1790.26,551.26],[1791.76,551],[1792.76,551.76],[1793,554.5],[1792,555.76],[1790.26,555.76],[1789.76,555.26],[1788.76,555.5],[1788.26,556.26],[1789,558],[1788,558.76],[1786.26,559],[1785.26,559.76],[1783.26,559.76],[1783,560.26],[1781.76,560.26],[1782,558.5],[1784,557.26],[1784.5,556.26],[1783.76,556.26],[1783.76,555],[1784.26,555],[1785.26,553.5],[1786,553.5],[1786.5,552.76]]],[[[1780,560.76],[1779.26,560.26],[1778,560.26],[1778.76,558.76],[1780,559.5],[1780,560.76]]],[[[1775.26,1204.76],[1774,1204.76],[1775.76,1204],[1775.26,1204.76]]],[[[1776,1205.76],[1776.5,1206.5],[1775.76,1206.26],[1776,1205.76]]],[[[1785.26,1217.26],[1785,1217],[1785.5,1215.5],[1786.76,1215.5],[1787.76,1216.76],[1788.26,1218.26],[1787,1218.26],[1786.5,1217.5],[1785.26,1217.26]]],[[[1830.76,615.76],[1831.26,614],[1832,613.5],[1833.26,613.76],[1833.26,615.26],[1832.5,616.26],[1831,616.26],[1830.76,615.76]]],[[[1824,618.26],[1825.26,618.5],[1825.76,617.76],[1826,616.5],[1827,616.5],[1828,617.76],[1830.26,617.5],[1830.5,618.5],[1828.76,619.5],[1827.5,619.5],[1826.26,620.5],[1826.26,621.26],[1825.26,622.5],[1823.5,622.5],[1823.26,621],[1822.26,620.76],[1823.26,618.26],[1824,618.26]]],[[[1839.26,623],[1840,622.76],[1841,621.76],[1841.26,623.76],[1840.26,624.5],[1839.26,624.5],[1838.76,624],[1839.26,623]]],[[[1835.26,627.26],[1836.26,627.26],[1836.76,625.76],[1837.5,625.26],[1837.76,626],[1839.26,626],[1839,627.26],[1837.76,628.5],[1837.76,630.76],[1837.26,631.5],[1835.26,633],[1835,634.26],[1833.76,635],[1832.5,635],[1832.26,636.5],[1831.76,637],[1831.5,638.26],[1830.5,639],[1830.26,640],[1829,640.5],[1828,640.5],[1827,638.76],[1826.26,639],[1823.26,638.5],[1822.26,637.76],[1822.26,636.76],[1823.26,635.76],[1824.26,635.76],[1825.5,635.26],[1826,634.26],[1826.26,632.76],[1827.5,630.76],[1828,629],[1829.5,628],[1831.76,628.26],[1832.26,627.5],[1832.76,627.76],[1834.5,627.76],[1835.26,627.26]]],[[[1824.5,1241.5],[1824.5,1241],[1823.5,1240.76],[1823.5,1240],[1824.5,1239.26],[1825.26,1239.5],[1825.26,1241.26],[1824.5,1242.26],[1824.5,1241.5]]],[[[1887.26,493.26],[1888.5,492],[1888.5,491],[1889,491.5],[1889,494.26],[1888.5,494.26],[1888.76,496.5],[1886.76,496.26],[1886.76,495.26],[1887.26,493.26]]],[[[1892.26,493.5],[1891.76,494],[1890.76,494],[1891,493],[1892,492.5],[1892.26,493.5]]],[[[1893.5,513],[1892,512.76],[1893,511.26],[1893.76,511.5],[1893.5,513]]],[[[1870.5,515.26],[1872.76,515.5],[1873,514.76],[1874.5,514.26],[1875,516],[1876.26,516],[1877,516.5],[1877,517.26],[1875.5,518.76],[1874.26,521],[1873.26,521],[1873.26,520.5],[1872,519.76],[1871,519.76],[1871,521],[1870.26,522],[1869,521.5],[1866.5,521.5],[1865.5,520.5],[1865.5,519.5],[1866.76,519.26],[1867.76,518],[1868,517],[1869,515.26],[1870.5,515.26]]],[[[1883.76,517.76],[1884,517.26],[1883.26,517],[1883.5,516],[1884.76,516.26],[1884.76,517.76],[1884.26,518.26],[1884,520],[1883.26,520.5],[1882.26,520.26],[1882.76,518.5],[1883.76,517.76]]],[[[1881,517],[1881,517.5],[1878.76,517.76],[1879,516.5],[1880.76,516.5],[1881,517]]],[[[1879.76,520.26],[1878.5,520],[1878.76,518.76],[1879.76,518.76],[1879.76,520.26]]],[[[1864.76,528],[1863.76,528.26],[1864,527],[1864.76,526.76],[1864.76,528]]],[[[1866.5,536.26],[1867.5,535.76],[1867.26,536.5],[1866.5,536.26]]],[[[1860.26,538.26],[1860,537.76],[1860.5,537],[1861.76,536.26],[1862.5,536.76],[1862.5,537.76],[1861.76,538.26],[1860.26,538.26]]],[[[1864,538.76],[1864.76,538.5],[1865,539],[1865.76,538.5],[1867.26,538.5],[1867.5,539.26],[1865.26,539.76],[1863.76,540.76],[1863.26,541.5],[1862.5,541],[1862.5,539.76],[1864,538.76]]],[[[1855,539.76],[1855.76,539.26],[1856.26,540],[1857,540],[1857.76,540.76],[1857.26,541.76],[1856,541.5],[1856,540.76],[1855,540.5],[1854.76,541.26],[1854,541.26],[1854.26,540],[1855,539.76]]],[[[1891.5,542.76],[1891,542.5],[1890.76,541.5],[1891.26,541],[1892.5,541],[1893.26,541.76],[1893.26,542.5],[1892.5,543],[1891.5,542.76]]],[[[1893.26,552.26],[1892.76,553],[1892.26,552],[1893,551.76],[1893.26,552.26]]],[[[1882,1228.76],[1881.76,1228.5],[1883.5,1228.5],[1883.26,1229],[1882,1228.76]]],[[[1870,1236.5],[1868.76,1236.5],[1869.26,1233.76],[1872.5,1234.26],[1872.76,1235.5],[1872.26,1236.26],[1870.5,1236],[1870,1236.5]]],[[[1885.5,1259.76],[1885.76,1259],[1887.26,1258],[1888.76,1258.5],[1888.76,1259.5],[1890,1259],[1889.26,1261.26],[1888.5,1261.5],[1887,1261.26],[1885.26,1261.5],[1885.26,1259.76],[1885.5,1259.76]]],[[[1902.5,458],[1903.5,458],[1903.76,459.26],[1903,460],[1902,460.26],[1901.76,461],[1900.5,462],[1900.5,462.5],[1898.5,464.76],[1896.26,464.76],[1896.26,463.76],[1897,462.76],[1898.5,462.26],[1898.76,461.5],[1898.76,459.76],[1899.76,459],[1902,459.26],[1902.5,458]]],[[[1902.26,494],[1902.26,492.26],[1903.26,492.26],[1904.26,493.26],[1904.5,495],[1903.5,495.5],[1904.26,496],[1904.26,497],[1903,498],[1901.76,498.26],[1901.26,497.76],[1900,497.76],[1899.26,497],[1898.26,497],[1897.26,498],[1894,498],[1893,497.76],[1893,497],[1895.26,496.26],[1896.26,494.76],[1897,494.76],[1899.26,492.76],[1899.5,492],[1900.26,493],[1900.76,493],[1901.5,494.26],[1902.26,494]]],[[[1904.5,501.26],[1903.76,501.26],[1903.76,500.26],[1905,499.5],[1905.26,501.26],[1904.5,501.26]]],[[[1906,510.5],[1905,510.76],[1905,509.5],[1906.26,509],[1906,510.5]]],[[[1902.26,511.5],[1902.5,511],[1903.5,511],[1904.26,511.5],[1903.76,512.26],[1902.5,512.26],[1901.76,513],[1901.76,514],[1901.26,514.5],[1899.76,514.5],[1899.76,513.5],[1900.5,512.76],[1901.26,512.76],[1902.26,511.5]]],[[[1895,512],[1895.5,511.26],[1897,511.26],[1896.76,512.76],[1895.26,512.76],[1895,512]]],[[[1904.5,542],[1905.26,541.5],[1906.5,540],[1906.26,542.5],[1905.26,543.26],[1904.26,543],[1904.5,542]]],[[[1901.5,543.26],[1901.5,544],[1900.5,544],[1900.76,543],[1901.5,543.26]]],[[[1895.5,545.76],[1894.5,545.76],[1894.5,544.76],[1896.76,543.76],[1898.76,543.76],[1898.76,545],[1896,545.26],[1895.5,545.76]]],[[[1893.76,552],[1893.76,551.26],[1894.5,550],[1895.76,550],[1896.5,550.5],[1896.5,551.5],[1895.5,552.26],[1893.76,552]]],[[[1903.26,551.76],[1904.26,551.76],[1905,551],[1905.76,551],[1906.5,550.26],[1907.26,551.5],[1907.26,552.5],[1906.5,553],[1905,553],[1903,552.26],[1903.26,551.76]]],[[[1902.5,555.5],[1902.26,556.5],[1901,556.5],[1901.26,555.5],[1902.5,555.5]]],[[[1899.76,1252.5],[1898.5,1252.76],[1899.5,1251],[1900.26,1251.26],[1900.26,1252.26],[1899.76,1252.5]]],[[[1898.5,1254.26],[1899.5,1253.76],[1899.5,1253],[1901.76,1253],[1902.5,1253.5],[1902.26,1254.5],[1900.26,1254.76],[1899.5,1255.76],[1899,1255],[1898.26,1255],[1898.5,1254.26]]],[[[1923.5,504.76],[1922.5,505],[1922,504.26],[1923,503.5],[1924,503.76],[1924,504.76],[1923.5,504.76]]],[[[1924.5,506],[1924.5,505.26],[1925.26,504.5],[1926.5,504.26],[1927,505.5],[1926,506.26],[1924.76,506.5],[1924.5,506]]],[[[1918.5,506.5],[1919.5,505.5],[1922,505.5],[1922.76,506.5],[1922.26,507],[1920.76,506.76],[1920.26,507.26],[1918.26,507.26],[1918.5,506.5]]],[[[1909.26,507.26],[1909.76,506.5],[1910.5,506.76],[1910.5,508],[1909.76,509.26],[1908.76,509],[1908.5,508.5],[1908.76,507.26],[1909.26,507.26]]],[[[1921.76,521.76],[1921,521.26],[1921.26,520.26],[1921.76,520],[1926,520],[1927.5,520.76],[1926.5,522.5],[1924.76,523],[1924.26,522.26],[1922.5,522.26],[1921.76,521.76]]],[[[1906.5,522],[1907,521.76],[1908.5,522],[1909,521],[1911.5,521.5],[1910.76,522.5],[1909.76,522.76],[1909.5,523.26],[1908.26,523.76],[1907.26,523.76],[1906.5,522]]],[[[1910.76,525],[1910.76,524.5],[1911.76,524],[1912.26,523.26],[1913,523.26],[1913,524.5],[1912.26,525],[1910.76,525]]],[[[1918.26,526.26],[1917.76,525.5],[1917.76,524.5],[1919.26,524],[1920.26,525.5],[1921.76,525.5],[1922,527.5],[1921,529],[1921.26,530],[1922.76,530],[1923,529.26],[1923.76,528.76],[1924.5,529],[1924.5,530.76],[1924.26,532.26],[1925,532.76],[1925.26,532.26],[1926.26,532],[1926.5,530.26],[1927.26,530.26],[1927.76,529.5],[1927.76,528.26],[1926.76,527.26],[1926.26,527.26],[1926.26,526.26],[1926.76,525.76],[1928.26,525.5],[1929,526.26],[1929.26,528.5],[1930.26,529.26],[1930,530.5],[1929.26,531],[1929,531.76],[1929.26,532.76],[1929.26,534.5],[1928.26,535.5],[1926.26,535.5],[1924.76,537],[1922.76,537],[1922,535.76],[1922,534.5],[1921,533.5],[1920,533.5],[1919.26,534.26],[1918,534.5],[1917.5,534],[1917.5,530.5],[1916.5,529.26],[1916.5,528.26],[1918.26,527.5],[1918.26,526.26]]],[[[1913.26,535.5],[1912.5,535.5],[1912.5,534.76],[1913.76,534.5],[1914.26,533.76],[1914.76,534],[1914.76,535],[1914,535.76],[1913.26,535.5]]],[[[1917,535.26],[1916.76,535.76],[1915.76,535.76],[1916,534.76],[1916.76,534.5],[1917,535.26]]],[[[1907.26,541],[1908,541.5],[1907,542],[1907.26,541]]],[[[1910.5,551.76],[1912.5,551.5],[1913.5,549.76],[1914.5,550],[1915,551.26],[1916,551],[1917.26,551.26],[1917.26,553.76],[1917.76,554.26],[1920,554.26],[1920,555.26],[1919.26,555.76],[1917.5,555.5],[1917,556],[1915.26,556.26],[1914.26,555.26],[1914,554.26],[1913.26,553.76],[1912.76,552.76],[1911.76,553.26],[1909.76,553.26],[1909.76,552.26],[1910.5,551.76]]],[[[1909,550.5],[1908,550.76],[1908.26,550],[1909,550.5]]],[[[1913.26,560],[1914.26,560],[1915,559],[1916,559],[1916.26,560.26],[1915.76,561],[1914.26,561],[1914,561.5],[1912.76,561],[1913.26,560]]],[[[1920.76,565.5],[1919.5,565.5],[1919.26,564.5],[1921,564.26],[1920.76,565.5]]],[[[1922.5,566.76],[1922.5,566.26],[1923.5,565.5],[1923.76,567],[1922.5,567.26],[1922.5,566.76]]],[[[1925.5,568.5],[1925.5,566.76],[1927.5,566.76],[1929,567.26],[1929.5,566.5],[1930.26,566.5],[1930,568.5],[1929.26,569],[1929.26,570],[1929.76,570.5],[1929.76,571.76],[1928.26,572.26],[1927.76,571.5],[1927.76,570],[1926.76,569],[1925.76,569],[1925.5,568.5]]],[[[1922.26,571.5],[1922,570.26],[1922.5,569.5],[1923.26,570.26],[1923.26,571.26],[1922.26,571.5]]],[[[1923,1197.26],[1923.76,1197],[1923.5,1197.76],[1923,1197.26]]],[[[1920.76,1197.76],[1921.76,1197.5],[1922.26,1198.26],[1920.5,1198.26],[1920.76,1197.76]]],[[[1917,1218.76],[1916.5,1218.5],[1916.5,1217],[1918,1216.76],[1917.76,1218],[1917,1218.76]]],[[[1914.5,1219],[1915.26,1218.26],[1915.26,1217.5],[1916,1217.26],[1916,1218.76],[1916.5,1219.26],[1916.5,1220.76],[1915.26,1220.76],[1915,1222],[1914.26,1223.5],[1914,1225.76],[1913.5,1225.76],[1913.26,1224.76],[1912.5,1225],[1912.76,1223.76],[1912.26,1223.5],[1912.5,1221.76],[1913,1221.5],[1913.26,1219.76],[1914.26,1219.5],[1914.5,1219]]],[[[1925.76,1225.5],[1925.76,1224.76],[1927.26,1224],[1927.5,1223.5],[1929,1222.5],[1929,1222],[1930.76,1223.26],[1930.76,1225],[1930,1225.76],[1927.76,1225.76],[1927.76,1225.5],[1925.76,1225.5]]],[[[1939.26,1255.76],[1940,1255.76],[1940.26,1254],[1939.76,1253.76],[1939.5,1252],[1941.26,1251.76],[1941.5,1251.26],[1942.5,1251.26],[1943,1250.5],[1944.76,1250.26],[1945,1249.76],[1944,1250],[1942,1250],[1940,1248.76],[1938,1249.26],[1937.76,1248.76],[1935.76,1248.76],[1935.26,1247.26],[1934.26,1246.5],[1934.26,1246],[1932.76,1245.76],[1932.76,1247.5],[1932.26,1248],[1930.26,1247.76],[1930,1247.26],[1928.76,1247.26],[1928.26,1247.76],[1926.76,1248],[1926,1248.76],[1924.26,1248.26],[1924.26,1247],[1924.76,1246.76],[1924.5,1245.26],[1926.26,1244.76],[1926.5,1243.76],[1927.5,1242.76],[1928.26,1240.5],[1929,1240.5],[1929.5,1239.26],[1932,1239.26],[1932.76,1238.26],[1931.76,1238],[1929,1238],[1927.76,1236.76],[1927.76,1236],[1929,1235.26],[1929,1234.26],[1929.76,1233.5],[1931,1233.5],[1931.76,1232.76],[1931.76,1231.5],[1932.76,1230.76],[1933.26,1231.5],[1934.26,1231.5],[1934.26,1230.26],[1935.26,1230],[1935.26,1228.76],[1934.5,1228],[1933.5,1227.76],[1933,1227],[1932,1226.5],[1932.5,1225.5],[1932.5,1222.76],[1932.76,1222.26],[1934.26,1221.76],[1936,1221.5],[1937,1220.76],[1937.5,1219.5],[1938.76,1220.5],[1939.76,1218.76],[1941,1218.26],[1942,1216.76],[1941,1215.5],[1942.5,1214.76],[1942.26,1213.5],[1943.26,1210.5],[1944.5,1210],[1944.76,1210.76],[1946.26,1211],[1948.26,1211],[1949,1210],[1950.76,1209.76],[1951,1211.5],[1953.26,1211.26],[1953.76,1210],[1954.76,1209.5],[1956,1209.5],[1956.76,1209],[1957,1208],[1958,1208],[1958.26,1208.5],[1959,1207.5],[1960.26,1207],[1962,1207],[1962.5,1206.5],[1962.5,1207.76],[1964,1207.76],[1964.76,1208.26],[1965.76,1208.26],[1966,1207.5],[1968,1207.76],[1968.26,1208.5],[1969.26,1208.5],[1969.26,1209.26],[1970,1210.26],[1971.26,1210.26],[1972.76,1209.26],[1973.76,1209.5],[1973.76,1210.76],[1974.5,1211.5],[1975.76,1211.76],[1975.76,1212.76],[1975.26,1212.76],[1974.5,1214.5],[1975.76,1214.76],[1975.76,1216],[1976.5,1216],[1977,1216.76],[1978,1216.76],[1978,1217.5],[1978.76,1218],[1979.5,1220],[1980.26,1220.76],[1983.5,1220.76],[1984.26,1221],[1984.76,1221.76],[1986,1221.5],[1986,1222.26],[1986.76,1222.76],[1986.76,1223.76],[1985.76,1224],[1984.76,1225.26],[1984.5,1226.76],[1983.76,1227],[1984.26,1228.5],[1982.5,1229.76],[1982.5,1230.5],[1984.5,1232],[1984.76,1231.5],[1985.76,1231.5],[1985.76,1232],[1987.26,1231.5],[1987.76,1233],[1988.76,1234.5],[1990,1234.76],[1989.26,1236],[1988.26,1236.76],[1988.26,1237.5],[1987.5,1238],[1987.76,1238.5],[1989.5,1239.76],[1989.5,1241.5],[1988.76,1242.26],[1988.26,1242],[1986.5,1242.26],[1986.26,1242.76],[1985,1243.26],[1985.5,1244.26],[1986.26,1244.26],[1986.26,1245.5],[1985,1246.26],[1985,1247.26],[1984.26,1247.76],[1984.5,1249.26],[1983.26,1249.76],[1983.26,1250.5],[1982.5,1251],[1982.5,1252],[1982,1252.76],[1981,1252.5],[1981,1254.5],[1981.26,1255],[1982.26,1255],[1982.26,1255.76],[1983.26,1256.26],[1983.26,1257],[1984,1257.76],[1985,1257.76],[1985.26,1259],[1986,1259],[1986.76,1260.26],[1986.76,1262.26],[1987.26,1262.76],[1987.26,1264.26],[1988.5,1265.76],[1990.76,1267],[1991,1268],[1989.76,1268.5],[1990,1269.26],[1988.5,1271.5],[1987.26,1271.76],[1987.26,1273.5],[1987.5,1274.76],[1988.26,1274.76],[1988,1276.26],[1989,1276.76],[1991.76,1277.26],[1992,1276.76],[1993,1276.76],[1993.26,1277.26],[1994.5,1277],[1994.5,1278.26],[1995.26,1278.5],[1995,1279.26],[1996.76,1279],[1997.76,1278.5],[1998.5,1279.5],[1997.76,1280.5],[1997.26,1280.5],[1996.5,1281.5],[1996.26,1283.26],[1996.76,1283.5],[1996.5,1284.5],[1996.5,1287],[1995.76,1287.76],[1994.5,1288],[1994.5,1289.5],[1993.76,1289.76],[1993.5,1290.76],[1992,1290.76],[1992.26,1292],[1992.76,1292.5],[1992.26,1293.26],[1991.26,1293.5],[1990.76,1294.26],[1988.76,1294.5],[1988,1295.76],[1988,1297],[1987.26,1297.5],[1984.26,1297.5],[1983.76,1298.26],[1983.76,1301.26],[1984.5,1301.5],[1984,1302.26],[1983.26,1302.26],[1983.26,1305],[1983.5,1306.26],[1983,1307],[1981.26,1308.5],[1981,1310],[1980,1310.76],[1978.26,1310.76],[1977.5,1311.76],[1977.5,1314.26],[1976.76,1315.5],[1976.76,1317.26],[1977.76,1318],[1977.5,1318.76],[1977.5,1320.76],[1976.26,1321],[1976,1321.76],[1974.5,1321.5],[1974.26,1322],[1973,1322.26],[1972.26,1323],[1971,1323],[1970,1323.76],[1966.5,1324],[1966,1326.26],[1964.26,1325.5],[1964.26,1326.26],[1963.26,1326.26],[1962.76,1326.76],[1962.76,1328.5],[1961.76,1329],[1960.5,1329],[1958.76,1331.76],[1958.26,1332],[1956.26,1331.76],[1955.76,1332.5],[1954.5,1332.5],[1954,1332],[1955.5,1330.76],[1956.26,1329.5],[1956.26,1328.5],[1956.76,1328.26],[1957.5,1326.5],[1958.5,1326],[1958.5,1322.76],[1957.26,1324.26],[1956.26,1324.5],[1955.5,1325.76],[1955.5,1326.5],[1954.5,1327],[1952,1327],[1951.76,1328],[1949.76,1328],[1948.5,1327.76],[1948.26,1329.26],[1947.26,1329.76],[1947.26,1331],[1946,1331.5],[1944.26,1331.5],[1944.26,1331.76],[1941,1331.76],[1940.26,1332.76],[1938.26,1332.76],[1938.26,1331.5],[1939,1330.76],[1938.26,1330.26],[1935.76,1330.5],[1935,1329.5],[1933.5,1329.26],[1933,1328.5],[1931.76,1328.5],[1931.76,1327],[1930.76,1326.26],[1930.76,1325.76],[1929.5,1325.76],[1929,1326.26],[1927.76,1326.5],[1927.26,1325.76],[1925.26,1325.5],[1925.26,1324.26],[1924.76,1324],[1924.76,1323],[1925.26,1322.76],[1925.26,1321.76],[1924.76,1322],[1923,1322],[1923,1321.76],[1920.26,1320.76],[1920,1320.26],[1918.26,1319.5],[1918.26,1318.76],[1920.76,1317.26],[1921,1316.26],[1920.26,1316],[1920.26,1313.76],[1921.26,1313.5],[1921.5,1312.5],[1922.26,1313],[1923.26,1313],[1924.76,1311.5],[1924.26,1311.26],[1924.26,1309.76],[1925.26,1308.76],[1925.26,1306.5],[1927.26,1306.76],[1927.5,1305.5],[1928,1306],[1929.26,1305.76],[1931.26,1305],[1931.5,1303.76],[1934.26,1303.76],[1934.26,1302.76],[1934.76,1302.26],[1935.76,1302.26],[1936,1301],[1934.5,1300.26],[1934,1298.5],[1933,1298],[1933,1295.76],[1933.76,1294.76],[1934.76,1294.76],[1936,1295.26],[1936.76,1296],[1937.76,1296.26],[1939.5,1296.26],[1940.26,1295.5],[1942,1295.76],[1943,1294.5],[1943.76,1294.5],[1944.76,1293.76],[1945,1292.5],[1945.76,1291.5],[1947,1291.5],[1948.26,1292.26],[1950.5,1292.5],[1952,1291.76],[1952,1290],[1952.26,1289.76],[1954,1289.76],[1954.5,1288.5],[1955.5,1288.5],[1956.5,1289],[1957,1287.5],[1958,1287.26],[1959,1286],[1959.76,1286],[1960.5,1284.5],[1963.26,1285.26],[1964,1283],[1965,1282.26],[1964.5,1282],[1963.5,1283],[1960.5,1283],[1959.5,1284],[1955.5,1284],[1954.26,1282.76],[1953,1282.26],[1953,1281.26],[1952.5,1280.26],[1949.5,1280.26],[1947.76,1277.5],[1947.76,1275],[1947,1274],[1945.5,1273.5],[1945.76,1272.26],[1944.76,1272],[1944.26,1271.26],[1944,1270],[1944.76,1269.76],[1945.76,1270.76],[1947,1270.76],[1947.5,1270.26],[1947.5,1268.5],[1946.76,1268],[1943.76,1267.5],[1943.5,1266.26],[1942.5,1265.5],[1942.5,1265],[1941.5,1264.5],[1941,1265.26],[1939.76,1265.5],[1939,1264.76],[1938.26,1265.26],[1938.26,1264],[1938.76,1263.76],[1938.26,1262.5],[1937,1262.26],[1936.26,1261],[1936.5,1259.26],[1938,1258.26],[1938,1257],[1939.26,1257.5],[1940,1257.26],[1940,1256.5],[1939.26,1255.76]]],[[[1927.76,1250.76],[1927.76,1249.5],[1928.76,1250],[1928.5,1251.5],[1927.76,1250.76]]],[[[1923.5,1252.5],[1924,1252.26],[1924,1251],[1924.5,1250.5],[1926.26,1250.5],[1927,1251.26],[1927.26,1252.76],[1926.76,1253.5],[1926,1253.5],[1924.26,1255.5],[1923,1255.5],[1922.5,1256.26],[1921.5,1256.26],[1922.5,1254],[1923,1254],[1923.5,1252.5]]],[[[1920.26,1256.76],[1921,1257],[1920,1257.5],[1920.26,1256.76]]],[[[1913.76,1322],[1913.76,1320.76],[1914.76,1320],[1914.76,1319.5],[1916.5,1320],[1916.5,1321.26],[1915.5,1322.5],[1913.76,1322.76],[1913.76,1322]]],[[[1913,1321],[1913,1321.76],[1912.26,1322],[1912.26,1321.26],[1913,1321]]],[[[1942.76,484.26],[1944.26,482.5],[1945.76,483],[1945.5,484.76],[1944.26,484.76],[1943.76,485.76],[1943,486],[1942,487],[1941.26,487],[1941.76,485.76],[1942.5,485.26],[1942.76,484.26]]],[[[1940.5,490.76],[1939.5,491.26],[1939.76,490.26],[1940.76,489.5],[1941,490.26],[1940.5,490.76]]],[[[1935,502.76],[1935.26,503.76],[1934.26,503.76],[1934.26,503],[1935,502.76]]],[[[1929.5,505.26],[1929.26,504.76],[1930.26,503],[1932,503.26],[1932.26,503.76],[1933.26,503.5],[1933.5,504.5],[1931.5,504.76],[1930.5,505.5],[1929.5,505.26]]],[[[1938.5,505],[1939.26,504.76],[1940,503.76],[1940.76,503.5],[1941.26,504.76],[1943,503.76],[1943,504.76],[1943.5,505.26],[1945.5,505.26],[1947,504.26],[1948.26,504],[1949,505.76],[1952.26,506.26],[1953,505.76],[1954.76,505.76],[1955.5,506.76],[1956.5,507.26],[1958,507.26],[1958.26,508],[1958.26,511],[1958.5,511.26],[1961,510.26],[1961.26,512.26],[1962.5,512.26],[1963.5,511.76],[1963.26,513],[1962.5,513.26],[1962.26,515.5],[1961,515.76],[1960.76,515.26],[1959.5,515.26],[1958,517],[1957.5,519],[1956,519.26],[1956,516],[1954.76,516],[1953.5,515.5],[1953,514.76],[1951.5,515.26],[1949.76,515.26],[1949.5,515],[1950.5,513.26],[1948.76,513.26],[1948.76,512.76],[1947.76,512],[1947.5,511],[1946.76,511],[1945.76,512.26],[1945,512],[1945,511],[1943.26,512.26],[1941.76,512.26],[1940.5,511.5],[1940.5,509.76],[1940.26,509],[1939,508.5],[1938,508.5],[1937.26,508],[1936.26,508],[1936,507],[1938.5,506],[1938.5,505]]],[[[1934.26,507],[1934,508],[1932.76,507.76],[1932.5,507],[1933,506.76],[1934.26,507]]],[[[1932.76,530.5],[1931.5,530.5],[1932.26,528.76],[1933,529],[1932.76,530.5]]],[[[1930.5,537.76],[1930,536.5],[1931.5,536.26],[1932.26,537],[1932.26,538],[1930.76,539],[1930,539],[1930.5,537.76]]],[[[1945.76,537],[1946.26,536.76],[1946.26,537.76],[1945.5,537.76],[1945.76,537]]],[[[1941.76,538.5],[1942.26,537.76],[1943.26,537.76],[1944.76,537],[1945,538.5],[1944.5,538.76],[1942.5,538.76],[1941.76,538.5]]],[[[1948.26,537.76],[1949,538],[1951.76,538],[1953.26,537],[1954,535.5],[1955,535.26],[1955.76,534.26],[1956.76,534.5],[1957.76,535.5],[1959.76,535.26],[1960.26,534.5],[1961.26,534.76],[1961.26,536.5],[1960.5,537.5],[1960.76,539.76],[1961.26,540.26],[1961.5,541.5],[1959.5,542.76],[1960.26,544],[1961.76,544.26],[1963,545],[1965,545.5],[1965.5,546.26],[1966,548.26],[1967.5,548.5],[1968.5,546.76],[1969.76,546],[1971.5,546],[1972.26,548],[1973.5,546.76],[1974.26,547],[1974.26,548.76],[1973.76,549.76],[1973,550.26],[1973,552.26],[1973.76,553.76],[1974.26,553.76],[1974.76,555],[1974,555.5],[1972.26,556],[1972,558],[1971.5,558.76],[1970.76,559],[1969,559],[1969,558.76],[1966.26,559.26],[1965.5,560],[1965.76,563],[1964.76,563.76],[1964,563.76],[1964,565.5],[1963.5,566],[1961.76,565.5],[1962,563.26],[1961,563],[1960,563.5],[1959.76,562.76],[1959,562.5],[1958.76,563],[1957,563],[1955.76,561.76],[1955.76,560.76],[1956.5,559.76],[1956.5,557.76],[1955.76,556.76],[1953.76,556.76],[1952.76,556],[1952.76,554.5],[1953.76,553.5],[1955,552.76],[1954.26,551.5],[1953.5,551.26],[1953.5,550],[1955,549.5],[1957,549.5],[1957.26,548.5],[1956.76,548.26],[1954.5,548.26],[1954,548.5],[1952.76,547],[1951.26,546.76],[1950.5,545.26],[1948.76,545.26],[1947.5,544.76],[1946.76,544],[1946.26,541.5],[1945.26,541.5],[1944.5,541],[1944.76,539.5],[1946.76,539.5],[1947.26,539.26],[1947.26,538],[1948.26,537.76]]],[[[1939.26,539.5],[1939.76,538.26],[1940.76,539.5],[1940.76,540.5],[1939.76,541],[1938.5,541],[1938.5,539.76],[1939.26,539.5]]],[[[1929.26,552],[1929.5,550.5],[1933.26,550.5],[1932.76,551.76],[1933,553],[1934,553.76],[1933.76,555],[1934,557.5],[1932.5,558],[1932,555.26],[1932,553.5],[1931.76,553.26],[1929.76,553],[1929.26,552]]],[[[1936.26,553.26],[1935.76,553.76],[1934.76,553.5],[1935,552],[1935.76,552.26],[1936.26,553.26]]],[[[1947.26,554.76],[1947.5,554],[1949.5,554],[1950.26,553.5],[1950.26,554.5],[1951.76,555.26],[1951.5,556],[1950,555.5],[1947.5,555.5],[1947.26,554.76]]],[[[1932.26,561.5],[1932.5,561.26],[1932.5,559.5],[1933.76,559.5],[1934,562.5],[1932.76,562.76],[1932.26,561.5]]],[[[1932.76,565.26],[1931.26,565.76],[1931,565.26],[1931.5,564.5],[1932.76,564.76],[1932.76,565.26]]],[[[1939,568.5],[1940,569.76],[1940.76,569.5],[1942.26,569.76],[1941.76,571],[1938.76,571],[1938,572],[1937.5,573.5],[1935.76,573.5],[1935.76,574.26],[1936.76,574.5],[1938,574],[1938,576.26],[1935.5,578.5],[1934.5,578.5],[1933.76,577],[1933.76,574.26],[1932,573.76],[1931.76,572.76],[1932.26,572.26],[1933.26,572.26],[1933.5,571.76],[1936,571.5],[1937.26,570.26],[1937.5,569],[1938,568.5],[1939,568.5]]],[[[1944.26,569.76],[1944.5,569],[1945.5,569],[1945.76,570],[1944.5,570.5],[1944.26,569.76]]],[[[1937.5,578.26],[1938.26,577.5],[1939.5,577.26],[1939,579.5],[1937.76,579.5],[1937.5,578.26]]],[[[1945.76,581.26],[1945.76,580.5],[1946.5,580],[1948.76,580],[1949.5,579.76],[1949.76,580.5],[1949.26,581],[1947.26,581],[1947,581.76],[1946,581.76],[1945.76,581.26]]],[[[1939,585],[1938.76,582.76],[1939.76,582.26],[1940.76,582.26],[1941.26,583.5],[1942.26,584],[1944,584],[1944.26,583.5],[1945.26,583.5],[1945.5,584.76],[1943.26,586.76],[1943.76,588],[1943.76,589],[1942.5,589.26],[1942.5,587],[1942,586.26],[1939,585]]],[[[1937.5,585],[1937.26,585.5],[1936.26,585.5],[1936.26,584.76],[1937.5,584],[1937.5,585]]],[[[1948.26,1180.76],[1948.26,1181.76],[1947.26,1180.76],[1948.26,1180.76]]],[[[1946,1181.26],[1945.26,1181.76],[1945.26,1181],[1946,1181.26]]],[[[1944,1184.5],[1944.5,1183.5],[1946,1184],[1946.76,1185],[1946.5,1186.5],[1945.76,1186.5],[1945,1185.76],[1944,1185.76],[1944,1184.5]]],[[[1947.5,1186.5],[1946.76,1187],[1947,1186.26],[1947.5,1186.5]]],[[[1932.76,1187.5],[1933.26,1186.76],[1934.76,1186.76],[1934.26,1189],[1932,1189.26],[1932,1188.5],[1932.76,1187.5]]],[[[1931.5,1189.5],[1931.5,1190.26],[1930.5,1190.5],[1930.26,1190],[1931.5,1189.5]]],[[[1931,1191],[1930.76,1192],[1929.76,1191.5],[1930,1191],[1931,1191]]],[[[1930.26,1227],[1930.76,1227],[1930.76,1228],[1929.5,1227.5],[1929.76,1226.76],[1930.26,1227]]],[[[1932.76,1260.76],[1931.76,1261],[1931.5,1259.76],[1932.76,1259],[1933.76,1259.26],[1933.5,1260.5],[1932.76,1260.76]]],[[[1944.5,1287.76],[1944.76,1287],[1945.76,1286.76],[1946.5,1288.26],[1946.5,1289.26],[1944.5,1288.5],[1944.5,1287.76]]],[[[1930.26,1290.26],[1931,1289.26],[1931,1287.76],[1931.76,1287.5],[1932.26,1288],[1932,1289.76],[1932.76,1290],[1932.76,1291.26],[1933.26,1291.76],[1933.26,1292.76],[1932,1292.76],[1931.76,1292.26],[1929.26,1291.5],[1929.26,1290.5],[1930.26,1290.26]]],[[[1929.76,1293],[1930.5,1293.5],[1932.26,1293.5],[1933,1294],[1932.76,1295],[1932,1295.26],[1932,1296.5],[1930.76,1295.5],[1930.76,1294.76],[1929.5,1295],[1929.76,1293]]],[[[1957,478.26],[1958.26,478.5],[1958.76,477.26],[1959.5,477],[1960.26,478.76],[1961.26,478.76],[1962,478.26],[1963.5,478.26],[1964.26,479],[1963,480],[1960.76,480.26],[1959.5,482],[1958,482],[1957.5,481.5],[1955.26,481.26],[1954.76,482.76],[1953,482.76],[1951.76,484.26],[1951.26,484.26],[1950.26,485.26],[1948.76,485.26],[1948.76,484],[1949.5,483.26],[1949.26,481.76],[1948,480.76],[1948,479.5],[1950.26,479.5],[1952.26,477],[1954.26,477.26],[1954.5,478.26],[1957,478.26]]],[[[1958,522],[1958,520.26],[1958.5,519.26],[1959,520],[1960.5,521.26],[1960.5,522.5],[1960,523.26],[1958.76,523],[1958,522]]],[[[1952.26,554],[1951.26,554],[1951.26,552.76],[1951.76,552],[1952.5,552],[1952.76,553.5],[1952.26,554]]],[[[1950,589.26],[1948.76,588.76],[1949,587.76],[1950,587.76],[1950.5,587.26],[1953,587.26],[1953.5,587.5],[1954.26,589],[1955.26,589.26],[1956.26,590.26],[1957.76,590.26],[1958.26,590.76],[1958.26,593],[1958.76,593.5],[1958.76,595.5],[1958,596.76],[1957,596.26],[1957,594.26],[1956.76,593.5],[1955.76,592.76],[1955.76,592.26],[1954.5,591.26],[1952.5,591.5],[1952,590],[1950.76,589.26],[1950,589.26]]],[[[1955.26,601.5],[1956,600.76],[1955.76,599.5],[1957,599.26],[1957.76,600],[1957,600.5],[1957,601.26],[1956.26,602.26],[1955.5,602.26],[1955.26,601.5]]],[[[1949.76,1182.76],[1949.26,1181.5],[1950,1180.5],[1951.26,1180.76],[1951.76,1182],[1951.76,1183.26],[1950.76,1183.26],[1949.76,1182.76]]],[[[1953.76,1333],[1953.76,1333.5],[1952.76,1333.5],[1952.5,1332.5],[1953.5,1332.5],[1953.76,1333]]],[[[1974.26,464],[1973.76,464.5],[1972.76,464.5],[1971.76,464],[1971.76,462.76],[1972.76,462.26],[1974,462.26],[1974.76,460.5],[1976.76,460.5],[1976.76,460.76],[1979,460.5],[1980,459.5],[1980.26,458.5],[1981.26,458.5],[1982.76,459.5],[1984,459.26],[1987,459.26],[1987.5,460.26],[1986.76,462.26],[1986,462.26],[1985.26,461.26],[1982.5,461.76],[1982,462.26],[1981.76,464.26],[1980,463.76],[1979.76,464.76],[1977.5,464.76],[1977.26,464],[1974.26,464]]],[[[1965.5,468.76],[1967,468.26],[1966.76,466.76],[1967.5,466.5],[1968,467],[1969.26,467.26],[1969.5,468.5],[1969,469],[1967.5,469],[1966.5,470.5],[1965.26,470.5],[1965.5,468.76]]],[[[1971,474.26],[1970,474.5],[1970,473.26],[1971,472.5],[1971,474.26]]],[[[1966.26,476.5],[1966.76,475.5],[1968.26,474.5],[1968.5,475.5],[1968.26,477.26],[1966.76,477.26],[1966,477.76],[1965,477.76],[1965,477],[1966.26,476.5]]],[[[1970.76,510.5],[1970.26,510],[1970.26,509],[1971.26,509.5],[1970.76,510.5]]],[[[1968.26,512.26],[1967.5,512.5],[1967,511.76],[1965.76,511.76],[1965.76,511.26],[1967,511.26],[1967.5,510.76],[1969,510.76],[1969.5,511.76],[1968.26,512.26]]],[[[1972.76,511.76],[1974,511.76],[1974.26,512.76],[1972.5,512.5],[1972.76,511.76]]],[[[1965.76,514.76],[1964,515],[1965,513.5],[1965.5,513.5],[1965.76,514.76]]],[[[1962.5,529.5],[1962.5,529],[1963.76,527.26],[1964.26,527.26],[1964,528.76],[1963.5,529.26],[1963.5,530.76],[1962.5,532.26],[1961.5,532.76],[1959.76,532.76],[1959.5,532.5],[1959.76,531],[1961,530.5],[1962.5,529.5]]],[[[1964.76,529.76],[1965.5,529],[1965.76,530.5],[1965.26,531.26],[1964.5,531],[1964.76,529.76]]],[[[1975.26,534],[1974.26,534.76],[1972.5,534.76],[1972.76,533.76],[1974.26,533.5],[1975.76,532.5],[1975.76,533.5],[1975.26,534]]],[[[1968.26,537],[1968.26,536.76],[1972,535.26],[1972.26,536],[1971.5,536.76],[1971.5,538.26],[1971,539],[1969.5,538.76],[1968.76,539.76],[1968.76,540.5],[1965.26,540.5],[1965,539.76],[1965.76,539.5],[1965.5,537.5],[1966.26,537],[1968.26,537]]],[[[1962.5,537.76],[1962.5,536.26],[1963.5,537],[1963.26,538],[1962.5,537.76]]],[[[1974.5,537],[1974,537.76],[1973,537.76],[1973,536.26],[1974,535.5],[1974.76,535.76],[1974.5,537]]],[[[1963.76,540.76],[1962.26,540.76],[1963,538.76],[1963.76,538.5],[1964.26,539.26],[1963.76,540.76]]],[[[1970.76,540.76],[1970.76,541.26],[1969.76,541],[1969.76,540],[1970.5,539.76],[1970.76,540.76]]],[[[1972,568.76],[1971.26,568.5],[1971.26,567.5],[1972.76,566.26],[1974.26,566.26],[1974.76,564.76],[1976,565.26],[1976,568],[1976.76,568.76],[1977,570],[1974.26,571.76],[1973.76,572.5],[1973.76,575],[1972.76,576],[1971.5,576.26],[1970.76,575.26],[1970,575.76],[1968.76,576],[1968.26,575.5],[1968,574],[1968.76,573.5],[1970.26,573.5],[1970.5,572],[1971,571],[1972.5,570],[1973,569],[1972,568.76]]],[[[1963.76,576.5],[1963.76,574.76],[1965.26,574.26],[1966,575.26],[1965.5,576.5],[1963.76,576.5]]],[[[1973.5,578.5],[1973.26,579.26],[1972.5,579.26],[1972.5,578.5],[1973.26,577.76],[1973.5,578.5]]],[[[1970.26,623.26],[1970.76,623.26],[1971.26,622.26],[1972.76,621.76],[1973,623],[1973.5,623.5],[1975.76,623.76],[1975.76,624.26],[1977,625],[1979.26,625],[1980,626],[1979.76,627],[1979.26,627.26],[1977.5,627.26],[1976,626],[1975,626.26],[1972.5,626.26],[1971.76,625.5],[1970.5,625.5],[1969.26,626.76],[1968.76,626.76],[1967.76,625.5],[1967.26,625.5],[1967.26,624.5],[1967.76,624],[1970.26,623.26]]],[[[1963.26,627],[1962.76,626.5],[1964.5,625.5],[1965.5,626.26],[1965,627.5],[1963.5,627.5],[1963.26,627]]],[[[1968.76,1166.26],[1968.5,1167.26],[1968,1166.5],[1968.76,1166.26]]],[[[1968.26,1168.26],[1968,1167.76],[1969,1167.5],[1969.5,1166.5],[1969.5,1167.76],[1970.26,1168.76],[1970,1170],[1968.5,1170],[1968,1169.5],[1968.26,1168.26]]],[[[1965.5,1171.76],[1967,1170],[1967.5,1170.26],[1967.5,1172.26],[1967,1172.76],[1967,1173.76],[1966.5,1174.5],[1966.5,1177],[1967,1177.76],[1967,1178.76],[1966.26,1179.76],[1965.26,1179.76],[1965.26,1177.76],[1965,1177.76],[1965,1175.76],[1964.76,1175.26],[1963.26,1174.5],[1963.26,1173.5],[1963.76,1173.5],[1964.26,1172.5],[1965,1172.5],[1965.5,1171.76]]],[[[1967.76,1174.5],[1968.26,1173.76],[1968.26,1172.26],[1969,1171.76],[1969,1173.5],[1969.26,1174.26],[1970,1174.5],[1969.76,1175.76],[1967.76,1175.5],[1967.76,1174.5]]],[[[1963.5,1175.5],[1962.76,1175.76],[1962.26,1175],[1962.76,1174.26],[1963.5,1175.5]]],[[[1971,1177.5],[1971.26,1178.5],[1970.76,1178.26],[1971,1177.5]]],[[[1978.76,475.5],[1977.76,475.76],[1977.5,474.76],[1978,474],[1979,474],[1978.76,475.5]]],[[[1979.5,498.5],[1980.26,498],[1981,496.76],[1981.76,496.76],[1983,497.76],[1985.26,497.76],[1987.5,499.26],[1987.5,500.26],[1988,500.76],[1990,500.76],[1990.76,500],[1992.26,500],[1992,501.5],[1993,502.5],[1994,502.5],[1994.26,501.26],[1994.76,501],[1996,501.26],[1996,503.5],[1995.76,504.26],[1996.5,505.26],[1996.26,506.26],[1995.26,506.26],[1994.5,505.26],[1992.76,505.5],[1992,506.26],[1990.5,506.5],[1989.5,507.26],[1987.5,507.5],[1985,506],[1985,505.26],[1983.5,504.26],[1981.76,504.76],[1980.26,504.76],[1979.26,504.26],[1978.76,503.5],[1979.26,502.26],[1981,501.5],[1980.76,500],[1979.76,499.26],[1979.5,498.5]]],[[[1974.26,511],[1974.26,509.26],[1974.76,508.76],[1975.76,508.76],[1976.26,510],[1975.5,510.5],[1975,511.5],[1974,511.5],[1974.26,511]]],[[[1976.76,531],[1977.5,531],[1977.5,531.76],[1976.5,532],[1976.26,531.26],[1976.76,531]]],[[[1977.26,574.26],[1977.26,572],[1978.26,571.5],[1978.26,572.5],[1978.76,573.5],[1978.26,573.5],[1978.26,574.76],[1977.5,575.76],[1976.26,575.5],[1976.5,574.5],[1977.26,574.26]]],[[[1982.26,582],[1982.5,581.26],[1982.5,579.5],[1983.5,579.26],[1984,579.76],[1984,581.76],[1983.5,582.76],[1982.5,582.76],[1982.26,582]]],[[[1977.76,586.26],[1979,585.76],[1979.76,584.76],[1981,584.5],[1981.5,585],[1981.5,586.26],[1980.5,586.76],[1980.76,588],[1981.26,588.5],[1982.5,588],[1983.26,588.26],[1983.26,589],[1982.5,589.76],[1982,591],[1980.76,591.5],[1980.76,592.5],[1979.5,594.5],[1978.5,594.5],[1978.5,592.76],[1979,592.26],[1979.26,589.76],[1978,588.5],[1977.76,586.26]]],[[[1978.5,597.26],[1977.76,597.5],[1977.5,596.5],[1978,595.26],[1979,595.26],[1979,597],[1978.5,597.26]]],[[[1980.26,599.76],[1979.5,599.76],[1979.5,597.76],[1980.5,597.76],[1980.76,598.76],[1980.26,599.76]]],[[[1985.76,602.76],[1985.26,603.26],[1985.26,602.26],[1986,601.5],[1986.26,602.5],[1985.76,602.76]]],[[[1983,604.26],[1983.26,604.26],[1983.5,602],[1984.26,603],[1984,604.76],[1983,604.76],[1983,604.26]]],[[[1985.76,605.5],[1986,605],[1986.5,605.76],[1988,606.76],[1988.26,607.26],[1988,609],[1986.76,609.26],[1986.5,608.5],[1985,607.26],[1985,606],[1985.76,605.5]]],[[[1979.5,610],[1979.26,609.76],[1979.26,608],[1981.26,608.76],[1981.26,609.5],[1982,610.26],[1983,610.26],[1983.76,611],[1983.76,614.5],[1983.26,615.5],[1982.76,615.5],[1982.76,614.5],[1981.76,613.76],[1981.5,613],[1980.26,613],[1979.5,612.5],[1979.5,610]]],[[[1982,629.5],[1981.5,628.76],[1981.26,627.5],[1982,627.26],[1983.76,627.26],[1984.76,628],[1984.5,629.26],[1982,629.5]]],[[[1986.76,627.76],[1986.5,628.76],[1985.76,628.76],[1985.5,628],[1986.76,627.76]]],[[[1985.26,1174.26],[1985.5,1173.5],[1986.76,1173.5],[1986.76,1176.26],[1985.26,1177],[1984.5,1178.26],[1983.26,1178.5],[1983.26,1176.76],[1984.76,1175.5],[1984.76,1174.5],[1985.26,1174.26]]],[[[1978.26,1175.76],[1978,1174.5],[1979,1173.76],[1979.5,1174.5],[1980.26,1174.76],[1980.26,1176.26],[1981,1178],[1980.76,1179.26],[1980,1179.26],[1979.5,1180.26],[1979.26,1182],[1978.26,1182],[1978.5,1181.26],[1978.5,1178.76],[1977.5,1178],[1977.5,1177.26],[1978.5,1176.26],[1978.26,1175.76]]],[[[1981.5,1176],[1981.76,1177],[1981.26,1177],[1981,1176],[1981.5,1176]]],[[[1985,1179.5],[1985,1178.76],[1985.76,1178.26],[1986.26,1179.5],[1985,1179.5]]],[[[1977.76,1184.26],[1976.76,1185],[1976.76,1184],[1977.76,1183.76],[1977.76,1184.26]]],[[[1980.76,1217.76],[1981.76,1216.76],[1981.76,1216.26],[1982.76,1215.76],[1982.76,1217.76],[1983.26,1218.5],[1981.76,1219.76],[1981.26,1219],[1980.5,1218.76],[1980.76,1217.76]]],[[[1984.76,1220],[1983.5,1219.5],[1984,1218.5],[1985.26,1219.5],[1984.76,1220]]],[[[1980.76,1321.76],[1981,1320.76],[1983,1321],[1983.76,1320.26],[1985.26,1320.5],[1985.26,1321.26],[1983.76,1322],[1983.5,1323],[1982.5,1323],[1982.5,1322.5],[1980.76,1321.76]]],[[[1979.5,1322],[1980,1322.5],[1979,1322.5],[1978.76,1321.26],[1979.5,1322]]],[[[1977.5,1322.5],[1977.26,1323],[1976.26,1322.76],[1976.76,1322],[1977.5,1322.5]]],[[[1985.76,1532.76],[1984.5,1532.5],[1985.26,1530.76],[1986,1530.26],[1987,1530.26],[1987.76,1530.76],[1987.5,1532.5],[1986.76,1533.26],[1985.76,1532.76]]],[[[1991.26,459.76],[1990,460],[1990,459],[1991,458],[1991.5,458],[1992,459.5],[1991.26,459.76]]],[[[1995.5,458.5],[1995.5,459.26],[1994.26,458.76],[1994.5,458.26],[1995.5,458.5]]],[[[2003.26,481],[2002.5,481.5],[1997.5,481.5],[1998.26,480.26],[2000,479],[2000,477.26],[1999.76,476.76],[1998,475.26],[1998,474.5],[1998.76,474.26],[2000,472.76],[2002.5,472],[2003.26,471],[2003.5,470],[2004,469.76],[2004,468.26],[2004.76,467.76],[2005.5,468],[2008.26,468],[2009.26,468.26],[2010.5,469],[2011.76,469.26],[2013.5,469],[2014.5,467.26],[2016,468.76],[2017,468.76],[2017,469.76],[2016.26,470.76],[2016.76,472.5],[2017.26,472.76],[2019,472.76],[2019.26,473.26],[2022,473.26],[2022,473],[2023.76,472.5],[2024.5,472],[2025.76,470.26],[2027.5,470.26],[2028.76,469.5],[2030.26,469.26],[2030.76,469.76],[2033,469.76],[2033.76,469.26],[2034.5,466.26],[2035.5,465],[2036.76,465],[2037.5,465.5],[2039.76,465.5],[2040.5,465.26],[2041,464.5],[2042.5,464.26],[2045,466.5],[2046.26,467],[2049,467.26],[2050,466.5],[2050.76,466.5],[2051.26,467.26],[2051.26,468.76],[2049.76,469.26],[2049.76,470],[2049,471],[2049,471.76],[2047.26,471.76],[2045.76,473.76],[2045.26,473.76],[2044.5,474.76],[2044,474.76],[2042.76,476.5],[2042.76,477.76],[2043.5,478],[2043.5,479.5],[2042.5,480.5],[2042.76,482],[2045.76,482],[2046.5,482.5],[2046.5,483.26],[2045.76,484.26],[2045,486.76],[2044.26,487],[2042,488.5],[2041.76,489.26],[2041.76,491.26],[2041.26,491.5],[2039,491.5],[2039,491.76],[2037.26,491.76],[2035.76,493.76],[2033.76,495],[2033.5,496.76],[2032.76,497.76],[2030.26,498.76],[2029.26,498.76],[2028.5,497.76],[2028.5,495.5],[2027.5,495.5],[2027.26,495],[2025.26,494.76],[2025.26,493.5],[2027.26,493],[2027,492.26],[2027,490.5],[2029.76,490.26],[2030,491.76],[2031,493],[2032,492.76],[2032.26,492.26],[2035.76,490.26],[2036,489],[2035.5,488.5],[2036,486.26],[2036.76,486.5],[2038.26,486.26],[2038.26,485.26],[2037.5,484.76],[2037.5,483.26],[2038.5,481.76],[2038.76,479.76],[2036.76,479.76],[2035.5,479],[2035.5,478.26],[2036.26,478],[2036.76,477.26],[2036.5,475.5],[2034.76,475.26],[2034.26,476],[2033.26,476.26],[2032.5,477.26],[2032,477.26],[2031.26,478.26],[2030.76,478.26],[2028.76,480.5],[2027.5,480.76],[2025.76,481.76],[2025.5,482.76],[2024.5,483.5],[2022.76,483.5],[2022.76,483.76],[2020.5,483.76],[2019,482.76],[2016.5,483.26],[2014.76,483.26],[2014,483.76],[2013,483.76],[2012.76,484.5],[2011.26,484.5],[2007,483.26],[2006.76,482.26],[2006.76,480.5],[2006.26,479.76],[2005.26,479.76],[2003.26,481]]],[[[1998.26,500],[1998,500.76],[1996.76,500.5],[1997.26,499],[1998,498],[1999,498.76],[1998.26,500]]],[[[1994.5,532.5],[1994.76,531.76],[1994.76,529.26],[1994.5,528.26],[1996.26,527.26],[1997.26,527],[1997.5,525.5],[1999.26,523.5],[2000.26,523.5],[2001,522],[2001.76,522],[2002.5,523],[2002.5,524.76],[2004.26,525.5],[2004.26,527],[2003.76,527.26],[2003.76,528.5],[2005,529.26],[2004.76,530],[2004.5,532.5],[2003.26,534],[2003.26,534.76],[2001.26,538],[2001,540],[2002.26,541.26],[2001.76,543],[2001,543.26],[2000,544.76],[2000,545.5],[1998.5,546.5],[1997,546.5],[1997,544.26],[1997.76,542.76],[1997.76,541.5],[1997,540.76],[1997.26,539.26],[1999,539],[2000,537.26],[2000,535.26],[2001,533.76],[2000.5,533.5],[2000,532],[1998.26,532.5],[1999,531.5],[1998.76,530],[1998.26,530.26],[1997.5,531.5],[1996.5,531.76],[1995.5,532.76],[1994.5,532.5]]],[[[1990.26,532.76],[1992,530.76],[1992.76,531],[1992.76,532.5],[1992.26,532.76],[1992,533.76],[1990,534.76],[1988.5,535],[1988.76,534.26],[1990.26,532.76]]],[[[1994,537.76],[1993.76,538.76],[1993,538.76],[1993,537.5],[1993.76,537],[1994,537.76]]],[[[1991.26,539],[1990.26,538.76],[1989.76,538],[1991.26,537],[1992.5,537.76],[1992.5,539.26],[1991.5,539.76],[1991.26,539]]],[[[1994.26,569.26],[1994,570.26],[1992.5,570.26],[1993,569],[1994.26,569.26]]],[[[1989.5,570.76],[1990.5,570.26],[1991,569.26],[1992,569.26],[1991,572.26],[1990,573],[1989,573.26],[1988.76,573.76],[1987.5,573.5],[1988.5,571.76],[1989,571.76],[1989.5,570.76]]],[[[1994.5,571.26],[1996,569.76],[1996.5,570.5],[1995.5,572.5],[1994.26,572],[1994.5,571.26]]],[[[1987.26,576.5],[1986.76,576.26],[1987,575],[1987.76,574.5],[1988.76,574.76],[1988.76,578],[1990,578.26],[1990,580.76],[1990.5,581.26],[1990.5,583.26],[1990.26,583.26],[1990.26,585],[1989.76,586],[1989,586.5],[1988,586.26],[1988.5,583.5],[1988.5,581.76],[1988.26,581],[1987,580.26],[1987.26,579],[1987.26,576.5]]],[[[1996.76,579],[1997.26,577.5],[1998,577],[1998,575],[1998.5,575],[1999,574],[2000,574],[2000,576.5],[2000.5,577],[2000.26,578],[1998.5,578.26],[1998,579.5],[1996.76,579.5],[1996.76,579]]],[[[1997.5,581],[1997.26,582],[1996,581.76],[1996,580.76],[1997.26,580.5],[1997.5,581]]],[[[1994,592.76],[1992.76,593],[1992.76,592],[1993.26,591.26],[1994.26,591.26],[1994,592.76]]],[[[1991,594.26],[1990.5,594],[1990.5,592.76],[1991.26,592],[1992.26,592.76],[1992.26,594],[1991,594.26]]],[[[1997.5,595],[1995.26,595],[1994.76,594.76],[1994.76,593],[1996,592.5],[1996.5,591.76],[1997.5,591.5],[1997.26,590.76],[1997.5,588.5],[1999,588.76],[2000,589.76],[2001.76,588.76],[2002.76,586.76],[2005,586.5],[2005.26,586],[2006.5,585.76],[2006.76,586.5],[2007.76,587.26],[2009.26,590.26],[2011,591.26],[2011,592.5],[2013.26,593],[2014.26,594],[2017,594],[2017.76,595],[2017.76,596.76],[2017,597.26],[2017.26,599],[2019,600],[2020,600],[2021,600.5],[2022.5,600],[2022.76,599.5],[2023.76,599.5],[2025.26,601.26],[2025.26,602.5],[2026.5,603.76],[2025.76,605.76],[2023,605.76],[2021.26,606.5],[2019,606.5],[2018.5,606],[2017.26,606],[2016,605.26],[2015,604.26],[2012.5,604.26],[2012.5,604.5],[2010.76,604.5],[2010,603.76],[2009.76,601.76],[2009.26,601.5],[2008.76,600],[2008,599.76],[2007.5,598],[2008.5,597.5],[2010.26,597.76],[2010.76,597.26],[2010.5,595.76],[2009.5,595],[2007.26,595.26],[2006.76,594.26],[2005.5,594],[2004.5,595.26],[2003.76,595.76],[2002,595.5],[2001.5,594.76],[2000.76,594.5],[1998.5,594.5],[1997.5,595]]],[[[1990.5,598.26],[1989.5,598.76],[1989.76,597.26],[1990.5,597.5],[1990.5,598.26]]],[[[1987,600.76],[1987.26,598],[1988.5,597.76],[1988.76,598.26],[1988.76,600],[1988.26,600.76],[1987,600.76]]],[[[1986.26,612.76],[1987,611.5],[1988,611.5],[1988.26,612.76],[1989,613.76],[1988.5,614],[1989,615],[1989,616],[1988.5,616.26],[1988.26,617.5],[1987.26,617.5],[1987.26,616.26],[1987.76,615.5],[1987.26,614],[1986,613.76],[1986.26,612.76]]],[[[1991.76,619],[1990.76,619.5],[1990.76,618],[1991.76,618.26],[1991.76,619]]],[[[1987.26,1172.76],[1985.76,1172.76],[1985.76,1171.76],[1987,1171],[1987.5,1172],[1987.26,1172.76]]],[[[1995.26,1177.5],[1996,1177],[1996,1176.26],[1997.26,1176.26],[1997.76,1176.76],[1997.76,1178],[1997,1178.76],[1997,1180.76],[1995.76,1181],[1995.76,1178.76],[1995,1178],[1995.26,1177.5]]],[[[1992.5,1177.26],[1992.76,1178.5],[1992,1178.26],[1992.5,1177.26]]],[[[1986.26,1181.76],[1986,1180.76],[1986.5,1179.76],[1987.26,1180.26],[1988.76,1180.5],[1988,1181.5],[1988,1183],[1987.26,1183],[1987.26,1182.26],[1986.26,1181.76]]],[[[1992.76,1182],[1992.76,1180.76],[1994.26,1180.26],[1995,1181.76],[1996,1182.5],[1996.5,1184],[1995.26,1185],[1994.76,1186.5],[1994,1186.76],[1992.76,1188],[1991.5,1188],[1990.5,1187.26],[1990.76,1186.76],[1992.26,1186.26],[1992.26,1185.76],[1993.76,1184.26],[1994,1183.26],[1993.26,1182],[1992.76,1182]]],[[[1989.26,1182.76],[1989.76,1180.76],[1991.26,1181],[1991.76,1182.76],[1990.26,1183.76],[1989.26,1183.76],[1989.26,1182.76]]],[[[1990,1185.26],[1990.76,1185],[1991.26,1184.26],[1992.5,1184.76],[1991.5,1186],[1990.26,1186],[1990,1185.26]]],[[[1988.26,1187.76],[1989.26,1187],[1989.26,1189.26],[1988.26,1189.26],[1988.26,1187.76]]],[[[1993.76,1187.76],[1994,1188.26],[1992.76,1188.76],[1993,1188],[1993.76,1187.76]]],[[[1993,1193],[1993,1192.5],[1991.5,1192.5],[1991,1191.26],[1992.26,1191.26],[1992.5,1190.76],[1994.26,1191.26],[1994.26,1192.5],[1993,1193]]],[[[1989,1193.5],[1990.26,1193.76],[1990.26,1194.26],[1989,1194],[1989,1193.5]]],[[[1989,1225.26],[1988.76,1223.76],[1989.76,1223],[1991,1223.5],[1991,1224.76],[1990.5,1224.76],[1990,1225.76],[1989,1225.26]]],[[[1987.26,1224],[1987.5,1224.5],[1986.5,1224.5],[1987.26,1224]]],[[[1991,1225.5],[1991.5,1226.26],[1990.5,1226.26],[1991,1225.5]]],[[[1990.5,1238.26],[1990.5,1239],[1989.5,1239],[1989.26,1238.5],[1990.5,1238.26]]],[[[1993.5,1242.26],[1992,1241.76],[1992,1241],[1993.76,1240.26],[1996,1240.26],[1996.26,1241],[1997,1241],[1997.26,1242],[1996.5,1242.5],[1995.26,1242.5],[1994.5,1242],[1993.5,1242.26]]],[[[1988.26,1245],[1987.26,1245.76],[1987,1244.76],[1988.26,1245]]],[[[1987.76,1259.76],[1987.26,1259.76],[1986.76,1258.76],[1987.76,1258.76],[1988,1258.26],[1988.76,1258.76],[1987.76,1259.76]]],[[[1993.76,1291.5],[1994.26,1292],[1993.26,1292.26],[1993.76,1291.5]]],[[[1995.26,1531.5],[1995.5,1531.76],[1997.5,1531.76],[1998.26,1530.76],[2000,1529.76],[2001.5,1529.26],[2001.76,1528.5],[2002.76,1527.76],[2003,1527],[2003.76,1527.26],[2004,1528.26],[2005.76,1528],[2006.26,1527.26],[2007.5,1526.5],[2008,1525],[2009,1525],[2009,1524.26],[2009.76,1524.26],[2009.76,1523.5],[2010.5,1523],[2010.76,1521.76],[2011.5,1521.26],[2011.5,1519.26],[2012,1519.26],[2013,1521],[2014,1521.76],[2015.26,1521.76],[2015.26,1521.26],[2016.5,1521.26],[2016.76,1520.76],[2023.5,1520.76],[2024.5,1521.5],[2025.76,1521.76],[2025.76,1521],[2024.5,1520],[2023.5,1520],[2022.76,1519.5],[2022.76,1518.5],[2021.76,1517.76],[2020.5,1517.76],[2019.76,1516.76],[2018.76,1516.5],[2018.5,1515.76],[2019,1515.26],[2020.5,1515],[2022,1512],[2022,1510.76],[2022.5,1511.26],[2023.5,1511.26],[2023.76,1510.76],[2025.26,1510.76],[2025.26,1508.76],[2024.76,1508.26],[2024.76,1507.26],[2025.5,1506.76],[2026.5,1506.76],[2026.5,1507.26],[2027.5,1507.5],[2028.26,1509],[2029.26,1509.5],[2029.26,1510.5],[2028.5,1511],[2028.5,1513.26],[2027,1514.76],[2026.5,1514.76],[2026.26,1515.76],[2027,1516.76],[2029.26,1516.5],[2029.76,1516],[2032,1516],[2032.5,1514.76],[2033.26,1514.5],[2033.5,1515.5],[2036,1515.5],[2037.5,1514],[2039,1514.5],[2038.5,1516],[2039,1516.26],[2039,1517.26],[2040.76,1517],[2041,1517.76],[2040.26,1518.76],[2040,1520.76],[2039,1521],[2039.26,1522.5],[2040.5,1522.76],[2040.5,1523.26],[2042,1523.26],[2042.5,1522.5],[2043.26,1522.26],[2044.5,1522.5],[2047.76,1522],[2048.26,1521.26],[2049,1521.5],[2049.76,1523.26],[2050.5,1523.26],[2051.26,1522],[2052,1522],[2052,1521.26],[2052.76,1520.76],[2053.26,1519.76],[2053.26,1517.5],[2052.76,1517.26],[2053.26,1516.5],[2056,1516.5],[2057,1516],[2057,1516.5],[2058,1517.26],[2057.76,1519.26],[2059.26,1520],[2062,1520],[2062.76,1520.5],[2064,1520.5],[2065.26,1519.5],[2066.76,1519.76],[2069.26,1518.26],[2069.5,1517],[2070.76,1517],[2071,1517.5],[2072,1517.76],[2072.26,1517],[2073.26,1516],[2073.26,1514.76],[2074,1514.5],[2073.76,1513.76],[2072.76,1514.5],[2070.5,1514.5],[2070,1515],[2067.5,1515.76],[2065,1515.76],[2063.76,1516],[2063,1515],[2061.5,1514],[2061.5,1512.26],[2059.5,1511.5],[2059.26,1510.76],[2057.76,1509.76],[2058,1509.26],[2060.76,1508.76],[2061,1507.76],[2060.5,1507.5],[2061.26,1506.26],[2062.5,1505.76],[2062.5,1504.76],[2063.5,1504.26],[2065.26,1504.26],[2065.5,1504.76],[2066.76,1504.5],[2066.5,1503.5],[2066,1503.26],[2065.76,1502],[2065.26,1501.76],[2065.26,1499.5],[2064.76,1500],[2064.5,1502],[2062.76,1503.26],[2061,1503.26],[2060.5,1504],[2057.5,1504.76],[2057.5,1506],[2057,1506.76],[2056.26,1506.5],[2054,1506.5],[2053.26,1505.26],[2052.26,1505.26],[2052,1505.76],[2051,1505.76],[2050.76,1505.26],[2048.26,1505.26],[2047.26,1506.5],[2046.26,1506.76],[2046,1505.26],[2044,1505.26],[2043.76,1505.76],[2042.76,1505.76],[2042.5,1506.26],[2041.5,1506.26],[2041.5,1506.76],[2040.5,1506.76],[2040.5,1508.26],[2039.76,1508.76],[2039.5,1509.76],[2038.76,1509.76],[2037.76,1508.26],[2037.26,1508.5],[2037,1507.5],[2036,1507.26],[2034,1507.26],[2033.26,1508],[2032.26,1508],[2032.26,1506.76],[2030.76,1507],[2031.26,1505.76],[2030,1505.76],[2030,1504.76],[2030.5,1504.76],[2031.5,1503.26],[2033,1503.26],[2033.5,1502.5],[2034.76,1502.76],[2034.76,1502.26],[2035.76,1501.5],[2036.26,1500.26],[2037.26,1499.76],[2037.26,1498],[2036.26,1497.76],[2030.76,1497.76],[2030.76,1495.26],[2031.5,1495],[2031.76,1494.26],[2032.76,1493.26],[2032.5,1491.76],[2033.5,1492.26],[2035.26,1492.26],[2034.76,1491.76],[2034.76,1490.76],[2035.26,1490.5],[2036.26,1488.5],[2037,1488.76],[2038.76,1488.76],[2039.26,1489],[2039.26,1490.26],[2038.76,1491.5],[2039.26,1492],[2040.26,1492],[2041.5,1491.26],[2044.26,1491.26],[2045.26,1492],[2047.26,1492],[2048.76,1491.5],[2050.76,1491.5],[2051.5,1490.76],[2052.26,1490.76],[2053,1491.5],[2053.26,1491],[2053,1489.5],[2053.76,1489],[2053.76,1488],[2055,1486.76],[2054.26,1486.5],[2054.5,1485],[2056,1483.76],[2056,1482.76],[2057,1482.26],[2056.76,1481],[2057.26,1480.5],[2056.76,1479.76],[2057.26,1478.76],[2058.5,1477.76],[2058.5,1477.26],[2059.76,1477.5],[2060.5,1476.76],[2062,1476.5],[2061.76,1477.76],[2061,1478.26],[2061,1480],[2060.26,1480.5],[2060.26,1481.26],[2063.26,1481.26],[2064.26,1480.5],[2065.5,1481],[2066.5,1480],[2068.5,1480],[2070,1479.76],[2070.26,1479],[2071,1479],[2071,1478],[2070.26,1477],[2069.76,1475.76],[2070,1473.26],[2070.76,1473],[2072.76,1473],[2074,1472.5],[2075,1474.76],[2076,1474.76],[2077,1474],[2078.26,1475],[2078.76,1474.26],[2080,1474],[2080.5,1474.26],[2081.26,1473.5],[2083,1473.5],[2084.26,1473],[2085,1472],[2086,1471.5],[2087.5,1472],[2090.76,1472],[2091.5,1471.76],[2091.5,1470.5],[2090.76,1470],[2092,1468.5],[2096,1468.5],[2096,1468.26],[2098.5,1468.26],[2099.76,1468.5],[2101.76,1467.76],[2102.5,1466],[2103.5,1465.76],[2107.26,1465.76],[2107.76,1466.76],[2109.5,1467],[2109.76,1466.26],[2110.76,1466.26],[2111.26,1467],[2112.26,1466.76],[2112.5,1466.26],[2113.5,1466.5],[2115,1466],[2115.76,1465],[2115.76,1464],[2115.26,1463.5],[2115.5,1462.76],[2117,1462.76],[2117.26,1461.5],[2119,1461.5],[2119.26,1460.26],[2120.26,1459.5],[2122.76,1459.76],[2123.5,1460.5],[2125.76,1460.26],[2126.26,1461.26],[2125.5,1464],[2124.26,1464.26],[2123.5,1465],[2125.76,1465],[2126.26,1464.5],[2126.26,1463.5],[2127.26,1463.5],[2129,1462.26],[2129.76,1462.26],[2132.26,1461.5],[2133,1461],[2134,1462.5],[2136.5,1462.5],[2137,1462.26],[2137.5,1461],[2138.26,1461.26],[2140.26,1461.26],[2140.76,1462],[2142,1462.26],[2142.76,1462.76],[2146,1463.5],[2146,1464],[2147.26,1465],[2150.76,1465],[2151.26,1464.5],[2152.5,1464.26],[2153.26,1463.26],[2155,1462.76],[2155.26,1464.76],[2155.76,1464.76],[2156.26,1465.76],[2157,1465.76],[2158,1464.5],[2159.26,1465],[2160.5,1464.76],[2160.76,1465.26],[2161.76,1465.5],[2162.76,1464.76],[2165,1465.26],[2166.76,1465],[2166.5,1464],[2165.76,1463.5],[2165.76,1462.5],[2166.26,1462.26],[2166.5,1461.26],[2167.26,1461.5],[2167.26,1462.26],[2168,1463.26],[2168.76,1463],[2171.76,1463],[2171.76,1463.26],[2173.76,1463.26],[2174.26,1462.5],[2175,1462.5],[2175,1464],[2174.5,1464.76],[2174.5,1465.76],[2176,1466.76],[2175.26,1468.26],[2175.76,1469],[2177,1468.76],[2178,1468],[2179.5,1468.26],[2180.76,1467.5],[2182.5,1467.5],[2183.76,1466.5],[2185,1466],[2186,1466],[2187.5,1465.26],[2187.76,1464],[2188.26,1464],[2189,1462.76],[2192.26,1462.26],[2193,1461.5],[2193,1459.5],[2192.26,1459.26],[2192.26,1458.5],[2193.5,1458.5],[2194.26,1457.5],[2195.26,1457.5],[2196.26,1457],[2196.76,1456.26],[2198,1455.5],[2198,1454],[2199.76,1453.5],[2200.26,1451.76],[2201.26,1451.76],[2202.26,1452.26],[2203,1453.26],[2204.5,1453.26],[2205.26,1452.76],[2207.26,1452.76],[2208.5,1451.76],[2208.76,1450.76],[2209.5,1449.76],[2210.76,1450.5],[2211,1451.26],[2212.5,1451.26],[2213,1450.76],[2214.76,1451.76],[2216.5,1451.76],[2216.76,1451.26],[2218,1451],[2218.76,1450.26],[2220.26,1450.26],[2222.26,1447.76],[2224.26,1447.5],[2225.26,1448],[2226.26,1446.76],[2226.5,1445.76],[2228.26,1446],[2228.5,1444.5],[2230.76,1442],[2231.26,1441.76],[2232.5,1442],[2237,1442],[2237.26,1441.5],[2238.5,1441.5],[2239,1441],[2238.26,1440.26],[2240,1440],[2240.5,1438.76],[2241.5,1438],[2242.26,1438],[2242.26,1436.76],[2242.76,1435.5],[2243.5,1435],[2244.5,1432.76],[2246.26,1432.5],[2247,1431],[2246.76,1429.76],[2247.5,1429.5],[2247.5,1426],[2246.26,1425.26],[2246.26,1422.76],[2247.76,1422.26],[2248.5,1421.5],[2248.26,1420],[2249.76,1419.26],[2250,1418.76],[2251.26,1418.26],[2252.5,1421.76],[2253.26,1422.26],[2254.26,1422],[2254.5,1423],[2255.76,1422.76],[2257.5,1424.26],[2259.5,1424.26],[2261.26,1423.26],[2261.76,1424.26],[2264.5,1424.26],[2265.5,1425],[2268,1425],[2269,1425.26],[2269.5,1426.26],[2271.26,1426],[2271.5,1425.5],[2273.26,1424.26],[2273.5,1422.26],[2274.26,1422],[2274.76,1421],[2276,1422],[2278,1422],[2278.5,1421.26],[2279.76,1420.26],[2280.76,1418.5],[2281.76,1419.26],[2282.76,1419],[2285.5,1419],[2286.26,1418],[2286.76,1418],[2288.26,1420],[2289.26,1419.76],[2289.26,1419.26],[2291,1418.26],[2293.5,1416],[2293.76,1414.76],[2295,1413.76],[2295.76,1414.5],[2296.76,1414.26],[2297,1413.76],[2298,1413.5],[2298.5,1412.76],[2299.26,1412.5],[2299.5,1411.5],[2300.26,1411.26],[2301.26,1410.26],[2302,1410.5],[2302,1411.26],[2304,1411.26],[2304,1536],[1987.76,1536],[1988.5,1535],[1990,1534.5],[1990.76,1533],[1990.76,1531.5],[1991.26,1531.26],[1992,1530],[1994.76,1530],[1995.26,1531.5]]],[[[2004.76,457.5],[2005.76,457],[2007.76,456.76],[2008.5,455.76],[2008.76,457],[2009.76,457.76],[2011.5,457.76],[2012,457.5],[2012,458.76],[2012.76,459.5],[2012,460.5],[2011.5,460.5],[2010.76,459.5],[2009.76,459.76],[2007.5,459.76],[2007,458.76],[2004,459.5],[2003.5,458.76],[2003.76,457.76],[2004.76,457.5]]],[[[1999.26,458.5],[1999.76,457],[2000.76,457.26],[2001,457.76],[2000.76,459.26],[1999.76,460],[1997.76,460],[1997.5,459.5],[1999.26,458.5]]],[[[2002.26,497.76],[2003.76,496.76],[2004,496],[2004.76,496],[2005.26,497],[2006.26,497.76],[2007.26,497.76],[2008,497],[2008.76,497],[2008.5,498.26],[2007.26,499],[2006,499],[2005.76,498.5],[2004.5,499],[2002.76,499],[2002.26,497.76]]],[[[2009.26,498],[2010.26,498.5],[2010,499.26],[2009,499],[2009.26,498]]],[[[2000,500.26],[1999.76,500.76],[1999,500.5],[1999.5,499.26],[2000.26,499.5],[2000,500.26]]],[[[2004.5,505],[2003.5,505],[2003.5,504],[2004.5,503.5],[2004.5,505]]],[[[1997.76,506.26],[1998,505.5],[1999.76,505.5],[1999.76,505],[2001.76,504.76],[2001.76,505.76],[2000,506.76],[1998,506.76],[1997.76,506.26]]],[[[2006.5,518.26],[2006.26,519],[2005.26,518.76],[2005.26,518],[2006,517.5],[2006.5,518.26]]],[[[2006.76,519.5],[2007.5,518],[2009,517.76],[2008.76,520.26],[2007.76,521.26],[2006.5,521],[2006.76,519.5]]],[[[2000.5,518.76],[2000.76,517.76],[2001.5,517.76],[2001.76,518.76],[2002.76,519.5],[2002.5,521],[2000,521],[2000,519.76],[2000.5,518.76]]],[[[2003.76,521],[2003.5,522.26],[2002.76,522.26],[2003,520.76],[2003.76,521]]],[[[2008.26,523],[2008,523.76],[2007,523.76],[2007,522.76],[2008,522.26],[2008.26,523]]],[[[2008.26,536],[2008.76,534.5],[2008.76,532.5],[2010,531.26],[2010.5,531.76],[2011.76,532],[2011.5,532.76],[2010,533.5],[2009,535.26],[2009,536],[2008.26,536]]],[[[2004.5,543.5],[2003.26,543.5],[2003,542.5],[2003.76,541.5],[2004.76,541.5],[2005.26,542],[2005.26,543],[2004.5,543.5]]],[[[2009.26,545.5],[2006.26,544.76],[2006.26,543.76],[2007.26,543.5],[2007.5,544],[2009.76,544],[2009.76,545.26],[2009.26,545.5]]],[[[2004,546],[2003.26,546.26],[2003.26,545.26],[2004.26,544.26],[2005,544.26],[2005.76,545],[2005.76,546.26],[2005,546.5],[2004,546]]],[[[2000,546.26],[2000.5,545],[2002,544.5],[2002,545.5],[2001.26,546.76],[1999.76,547],[2000,546.26]]],[[[2008.76,547.26],[2008.5,546],[2009.26,545.76],[2010.26,546],[2010,547.26],[2008.76,547.26]]],[[[2005.26,548.76],[2004.76,548.76],[2004.26,547.26],[2005.76,547.26],[2005.26,548.76]]],[[[2007.5,551.26],[2007.26,549.5],[2008.5,548.76],[2008.76,549.76],[2008.76,552],[2008.26,553],[2007,553.76],[2007,552.5],[2007.5,551.26]]],[[[2004,550.26],[2004.26,551],[2004.26,552.76],[2003.26,554.26],[2002.76,554.26],[2003.26,552.5],[2003.26,551],[2002.76,550.5],[2002.76,549.5],[2003.5,549.5],[2004,550.26]]],[[[2006.26,556.5],[2006,555.5],[2007.5,554.5],[2008.26,555],[2007.26,556.76],[2006.26,557],[2006.26,556.5]]],[[[2008.26,557.5],[2007.76,558.26],[2006.76,558],[2007.26,557],[2008.26,557],[2008.26,557.5]]],[[[2006,560.26],[2005.76,558.5],[2006.5,558.5],[2007.5,559.26],[2007.5,559.76],[2006.5,561.26],[2005.76,561.26],[2006,560.26]]],[[[2007.26,562.5],[2008.26,560.76],[2009,561],[2009,562.26],[2008.26,562.5],[2007.76,563.5],[2006.5,564],[2006.5,563],[2007.26,562.5]]],[[[1999.26,565.76],[1999.76,564.76],[2000.76,564.76],[2001.26,563.5],[2002.5,563.5],[2002.76,564.5],[2001.26,566.26],[1999.5,566.26],[1999.26,565.76]]],[[[2003.5,567.26],[2002.5,567.5],[2002.5,566.5],[2003.26,565.5],[2004,565.76],[2003.5,567.26]]],[[[2006,572.76],[2004.76,573],[2005.5,571.26],[2006.5,571.26],[2006.76,571.76],[2006,572.76]]],[[[2000.76,575.5],[2001.76,574.5],[2002,573.5],[2003,573.76],[2003,575.5],[2002.5,575.5],[2001.76,576.5],[2000.76,576.5],[2000.76,575.5]]],[[[1998.76,1181],[1998,1181.5],[1998.26,1179.76],[1998.76,1181]]],[[[1998.5,1241.76],[1999,1242.5],[1998,1242.26],[1998.5,1241.76]]],[[[1998.76,1278],[1998.5,1278],[1998.5,1275.76],[1999.26,1276],[1999.26,1278.26],[1998.76,1278]]],[[[2002.76,1522.26],[2003,1520.76],[2004,1520],[2005.26,1520],[2006,1520.5],[2006,1521.26],[2004.5,1522],[2004.26,1522.76],[2003,1523],[2002.76,1522.26]]],[[[2016,462],[2014.76,461.26],[2014.76,460],[2016.26,460],[2016.5,460.76],[2018.26,460.76],[2019.26,461.5],[2019.26,462.26],[2018,462.5],[2017.76,462],[2016,462]]],[[[2014.26,461.5],[2013.26,462],[2013,461],[2014,460.76],[2014.26,461.5]]],[[[2013.5,490.76],[2013.5,488],[2014.76,488],[2014.76,489],[2016,490],[2017,489.76],[2017.26,489.26],[2018.26,489],[2018.26,489.5],[2019.26,490.26],[2019.26,491.26],[2018,492.26],[2015,492.26],[2013.5,491.26],[2013.5,490.76]]],[[[2021.76,494.5],[2021.5,495],[2019.76,495],[2020.26,494],[2021.5,494],[2021.76,494.5]]],[[[2020,507.5],[2021.5,506.76],[2021.76,505.76],[2022.26,505.5],[2023.5,507.26],[2023.26,508],[2022.5,507.76],[2021.5,508],[2021.26,508.5],[2020.26,508.5],[2020,507.5]]],[[[2012.76,510],[2014.26,510.26],[2015.26,509],[2016,509.26],[2015.76,510.26],[2014.76,510.26],[2014.26,510.76],[2014.26,512.5],[2013.26,514],[2012.26,514],[2012,513],[2012.76,512.5],[2012.26,511.26],[2012.26,510.26],[2012.76,510]]],[[[2019.26,513],[2018.76,511.76],[2019.5,511.5],[2019.76,510.76],[2020.76,511],[2020.76,512.26],[2019.26,513]]],[[[2010,519],[2010.76,518],[2010.76,517],[2011.5,517.26],[2010.76,519.5],[2010,519]]],[[[2020.76,518.5],[2020.26,519],[2019.26,519],[2019.26,517.76],[2021.26,516.5],[2021.76,515.5],[2023.5,514.5],[2023.76,512.26],[2024.26,511.5],[2025.5,511.5],[2027,510.76],[2029.26,510.5],[2030,511.26],[2031,511],[2032.76,511.26],[2032.76,512.26],[2032.26,512.5],[2032.26,513.5],[2031.5,513.26],[2030,513.76],[2028.26,515],[2028,517],[2027.5,517],[2026.5,518.5],[2026,518.76],[2024.26,518.5],[2024.26,517.26],[2023.26,517.76],[2021.26,517.76],[2020.76,518.5]]],[[[2016.76,519.5],[2017.26,517.5],[2018,517.5],[2018.26,519],[2017.76,519.5],[2016.76,519.5]]],[[[2017.5,521.76],[2017.26,521],[2018,520.5],[2018.76,520.76],[2018,522],[2017.5,521.76]]],[[[2020.76,521.5],[2022,520.26],[2022.76,520],[2023.76,520.76],[2023.5,521.76],[2022.26,521.76],[2021,522.26],[2020.76,521.5]]],[[[2011.26,528.76],[2010,529.26],[2010.26,528],[2011,528],[2011.26,528.76]]],[[[2020.5,593.5],[2020.26,592.26],[2021.5,592.5],[2023.5,591.26],[2023.76,590.5],[2024.5,591],[2024.5,592.26],[2023.5,592.76],[2022.26,594.26],[2021.26,594.26],[2020.5,593.5]]],[[[2021.76,624.26],[2021.76,622.5],[2022.76,622.26],[2022.76,624],[2022.5,624.5],[2021.76,624.26]]],[[[2022.76,626.5],[2021,626.76],[2021,626],[2021.76,625],[2023.26,625],[2022.76,626.5]]],[[[2020.26,629.76],[2020.26,628.5],[2023,628.5],[2024.26,627.5],[2024.5,626.76],[2025.26,627],[2025.26,631.5],[2026.26,632],[2026.76,633.5],[2025.26,634.26],[2025.26,636.5],[2024,636.76],[2023,637.5],[2023,638.76],[2024,639.5],[2026.5,640.76],[2026.26,641.26],[2026.26,643],[2026.5,643.26],[2028.76,643],[2028.76,644.26],[2028,645.5],[2027,645.76],[2023.76,645.76],[2023.26,646.5],[2023.26,647.76],[2022.76,648],[2021,648],[2021,648.26],[2019.26,648.26],[2017.5,647.26],[2017.76,645],[2017,644.26],[2017.26,643.26],[2018,642],[2019.26,641.76],[2019.76,641],[2018.76,640],[2018.76,638.5],[2020.76,637],[2021,635.5],[2020.5,635],[2020.5,632.26],[2020.76,630.76],[2020.26,629.76]]],[[[2014,648.5],[2013,648.26],[2012.76,647.26],[2013.5,646.5],[2014.76,646.5],[2015.26,647.26],[2015.26,648.76],[2014.76,649],[2014.26,650.5],[2013.26,650.26],[2014,648.5]]],[[[2011,655.26],[2010,655.26],[2009.76,654.76],[2010.26,653.5],[2011.26,653.26],[2011.76,654.76],[2011,655.26]]],[[[2019.26,665.26],[2019,664.26],[2019.76,663],[2020.26,663.26],[2020.26,665.26],[2019.26,665.26]]],[[[2016.5,665.26],[2018.26,664.76],[2018,667],[2017.5,667.5],[2016.26,667.5],[2016,666],[2016.5,665.26]]],[[[2020.76,1500.76],[2020.76,1500],[2021.76,1499.76],[2022.76,1498.76],[2023.26,1499],[2023.26,1500.76],[2022.5,1501.26],[2021.26,1501.5],[2020.26,1503],[2018.26,1503.26],[2019.5,1501.5],[2020.76,1500.76]]],[[[2032,488.76],[2031.5,488],[2032.5,487.26],[2032.76,489],[2032,488.76]]],[[[2026,502.76],[2026.5,502.5],[2026.76,501.5],[2027.5,501],[2028.76,500.76],[2028.76,502],[2028,502],[2028.26,502.76],[2028,503.76],[2027,504],[2026.76,504.5],[2025.5,504.5],[2025.5,503.5],[2026,502.76]]],[[[2040,503.26],[2038.76,503.26],[2038.76,502.76],[2040.26,502.26],[2040,503.26]]],[[[2036.26,503.5],[2036.76,502.26],[2037.5,502.5],[2037.76,504.76],[2037.26,504.76],[2037,506.76],[2035.76,507],[2035.26,507.5],[2034,507.26],[2033.5,508],[2032.5,508],[2032.26,507.26],[2033,507],[2034.5,505.26],[2036,504.5],[2036.26,503.5]]],[[[2035.76,512],[2037.5,512],[2038.5,511.26],[2039.5,511.26],[2039.5,512],[2037.76,513.26],[2035.26,513.5],[2035,514],[2033.76,514.26],[2033.26,513.26],[2033.5,512.26],[2034.5,511.5],[2035.76,512]]],[[[2038.26,514.5],[2038,515.26],[2036.76,515],[2037,514.26],[2038,514],[2038.26,514.5]]],[[[2033.26,529.76],[2033,528.26],[2033.76,528.26],[2034,527.26],[2034.76,527.26],[2036.5,528.5],[2037.5,528.5],[2038,529],[2037.76,530],[2034.5,530],[2033.76,530.26],[2033.26,529.76]]],[[[2031.76,528.76],[2031,529.26],[2029.76,529.26],[2029.76,528.5],[2030.76,528.26],[2031,527.76],[2031.76,528],[2031.76,528.76]]],[[[2035.5,544.26],[2036.5,543.76],[2036.26,542],[2037,542],[2037.26,542.76],[2038,542.5],[2038.26,543.26],[2038.26,546.76],[2037,547.5],[2036.5,545.5],[2035.5,545],[2035.5,544.26]]],[[[2038.5,594],[2038.5,593.5],[2040.26,592],[2040.76,592.76],[2040.76,593.76],[2041.26,594.76],[2043,594.76],[2043,595.76],[2042.5,596.5],[2041.5,596.76],[2042,597.5],[2042,600.5],[2042.26,601.26],[2039.76,601.26],[2038.76,602.5],[2037.26,602],[2037.26,601],[2038,600.26],[2038.76,598.76],[2038.76,597.76],[2038.26,596.5],[2038.26,594],[2038.5,594]]],[[[2034.5,604],[2035.5,603],[2035.5,601.76],[2036.5,602.5],[2036.5,604.26],[2036,604.76],[2034.76,604.76],[2034.5,604]]],[[[2042,616.76],[2041.26,617.26],[2040.76,616.5],[2040.76,615.5],[2042.26,615.76],[2042,616.76]]],[[[2024.76,617.76],[2023.5,618],[2023.26,617],[2024,616.5],[2025,616.5],[2025.26,617.5],[2024.76,617.76]]],[[[2037.26,618.26],[2037.76,617.5],[2040.26,616.76],[2040.26,618.5],[2039.5,619.26],[2039.76,619.76],[2039.26,621.5],[2038.26,621.5],[2038.26,620.76],[2037.5,620],[2037.26,618.26]]],[[[2034.26,631.76],[2035.26,630.26],[2035.26,629.26],[2036,629.5],[2036,630.5],[2036.5,630.76],[2037.26,632.5],[2038.5,632.5],[2038.76,633.76],[2039.5,635.76],[2040,636],[2040,638],[2038.26,638.5],[2037.5,639.26],[2037.5,640.5],[2037,641],[2036,640.76],[2036,638.26],[2036.26,637.5],[2037.26,636.76],[2037,636.26],[2035.76,635.76],[2034.5,635.76],[2033.5,635.26],[2033.5,634],[2034.5,633.26],[2034.26,631.76]]],[[[2031,633.5],[2030.5,633],[2030.5,632],[2031.76,631.26],[2032.76,632.26],[2032.5,633.76],[2031,633.5]]],[[[2030.5,647.26],[2029.26,647],[2029.76,645.5],[2030.76,645.5],[2031.26,646.5],[2032.76,646.26],[2032.26,647.26],[2030.5,647.26]]],[[[2039.5,650],[2039,650.76],[2037.76,650.76],[2037.76,649.5],[2039.26,649.5],[2039.5,650]]],[[[2027,1498],[2026.76,1496.26],[2027.26,1495.5],[2028.26,1495.5],[2027.76,1498.26],[2027,1498]]],[[[2024.76,1499.5],[2024,1499.76],[2024,1498.76],[2025,1498.26],[2024.76,1499.5]]],[[[2034.5,1510.26],[2034.26,1509.5],[2033.5,1509],[2034.76,1508.5],[2035.76,1508.5],[2035.5,1510.5],[2034.5,1510.26]]],[[[2056.76,463.26],[2058,461.76],[2058.5,461.76],[2058.76,464.26],[2058,465],[2056,465],[2055.5,465.76],[2055.5,466.76],[2054.76,467.26],[2053.76,467.26],[2052.76,466.5],[2051.26,466.5],[2051.26,465.5],[2052,464.76],[2053.5,464.76],[2054,464.26],[2056.76,463.26]]],[[[2052.76,479.76],[2053.5,479],[2053.5,479.76],[2052.76,479.76]]],[[[2047.26,482.26],[2047.5,481.76],[2049.26,481.76],[2050.76,481],[2051.5,480.26],[2051.5,481.5],[2050.5,482.76],[2048.5,483],[2047.26,482.26]]],[[[2051.26,505.5],[2051.26,504.5],[2053.76,504.5],[2054.26,504],[2055.26,504],[2056,504.5],[2055.5,505.76],[2053,505.76],[2051.5,506],[2051.26,505.5]]],[[[2064.26,505],[2064.26,505.26],[2059.76,505.26],[2059.76,505.5],[2057.5,505.5],[2057.5,504],[2058.26,503.5],[2058.5,502.26],[2059.26,501.5],[2060,500],[2060.5,500],[2060.76,501],[2065,501],[2065,500],[2065.5,499.26],[2066,499.5],[2066,502.5],[2064.76,503.5],[2064.76,504.76],[2064.26,505]]],[[[2052.5,512],[2051.76,511.76],[2051.76,510.5],[2053.26,510.26],[2053.5,509.76],[2054.5,509.76],[2055.5,510.26],[2057.76,510.26],[2058.26,510.5],[2058.5,511.76],[2057.76,511.5],[2056.76,511.76],[2054.76,511.76],[2054.76,512],[2052.5,512]]],[[[2049.26,513],[2049,511.76],[2049.76,511],[2050,512.76],[2049.26,513]]],[[[2046.5,515.76],[2048,514.26],[2049.26,514],[2049.76,514.5],[2050,516],[2049.26,516.76],[2048,516.76],[2048,518.76],[2048.76,519],[2049.5,520],[2050.5,520.26],[2050.5,521.26],[2051,521.26],[2051.76,522.26],[2052.26,522.26],[2052,523.26],[2050.5,525],[2051.76,526.26],[2054.26,526.26],[2056,525.26],[2056.26,524.26],[2056.76,524.26],[2057.5,525.26],[2060,525],[2060.76,523.76],[2061,522.26],[2062.26,521.26],[2062.5,519.76],[2061.76,519.26],[2061.76,518.26],[2062.76,517.76],[2065.76,517.76],[2067,516],[2067.76,516],[2068.5,518.26],[2067.76,519.5],[2067.26,519.5],[2066,521.26],[2065.5,521.26],[2063.76,522.5],[2063.76,524.5],[2063.5,525.5],[2061.76,528.26],[2060.5,528.76],[2058.5,528.76],[2057,529],[2054.76,533.26],[2051.76,533.26],[2051.76,533.5],[2049.5,533.5],[2048,532.5],[2047.76,531.5],[2047,530.5],[2045.76,529.5],[2044.26,529.5],[2043.26,530],[2041.76,530],[2041,529.5],[2041,528.5],[2042.5,527.26],[2043.5,527],[2043.76,524.26],[2042.76,523.5],[2043,522.76],[2044,521.5],[2044.5,521.5],[2046.26,520.26],[2046,519.76],[2044.76,519.26],[2044.26,517.76],[2044.76,517.5],[2045.76,516],[2046.5,515.76]]],[[[2051.26,521],[2051.5,520.5],[2051.76,518],[2052.76,518.76],[2052.76,521.26],[2052.5,521.5],[2051.26,521]]],[[[2055.26,536.5],[2056.26,535],[2057.26,535],[2058.76,535.76],[2061.5,535.76],[2062,535.5],[2062.5,536.26],[2062.5,537.5],[2058.26,537.5],[2058.26,537.26],[2056,537.26],[2055.26,536.5]]],[[[2051.76,541.26],[2049.5,541],[2050.5,539.76],[2052,539.5],[2052.26,540.5],[2051.76,541.26]]],[[[2044.5,592.26],[2045,592],[2045.26,590.5],[2046,590],[2047,590],[2047.26,590.5],[2047.26,592.5],[2046,593.26],[2045.26,593.26],[2044.5,594],[2043.26,594],[2042.76,593.5],[2044.5,592.26]]],[[[2056.26,608],[2055.5,608.26],[2055.5,606.76],[2056.76,606.76],[2056.26,608]]],[[[2051.26,608.26],[2053.26,608.26],[2054,606.76],[2054.76,607],[2054.76,609],[2053.5,609.26],[2052,611.5],[2051.26,611.26],[2050.5,609.26],[2051.26,608.26]]],[[[2047.76,610],[2048.76,609.5],[2049.26,608.5],[2050,609.26],[2050,611.76],[2050.5,612],[2050.5,614],[2050,614.5],[2050.26,615.26],[2050,617.26],[2050.5,618.5],[2051.5,619.76],[2051.5,621],[2049.76,622],[2049,622],[2048.26,622.76],[2047.5,622.76],[2046.76,623.76],[2045,623.76],[2044.76,622],[2046,620],[2046,617.76],[2044.5,616.76],[2044.26,615.5],[2046,613.26],[2047.5,612.26],[2047.26,610.5],[2047.76,610]]],[[[2052.76,620],[2053.76,617.5],[2054.26,617.76],[2054.5,619.26],[2054,620],[2052.76,620]]],[[[2045.26,627.26],[2045.26,626],[2046,625.26],[2047.26,625.5],[2047.5,627],[2046.76,627.5],[2046.5,629],[2045.76,630],[2044.76,629.76],[2045.26,628.5],[2045.26,627.26]]],[[[2044.26,633.76],[2043,633.76],[2043,632.76],[2044.5,632.5],[2044.26,633.76]]],[[[2055.5,646.26],[2056.5,646.76],[2057.5,645.5],[2058.26,645.5],[2058.26,646.26],[2060,647],[2060,648],[2057.5,648],[2057.5,647.76],[2055,648],[2054.26,647.26],[2054.5,646.26],[2055.5,646.26]]],[[[2051.26,648.26],[2051,647],[2051.5,646.26],[2052.5,646.26],[2053.26,646.76],[2053,648.26],[2051.26,648.26]]],[[[2046.76,648],[2047.26,646.5],[2048.76,646.76],[2049,648],[2048.26,648.5],[2047.26,648.5],[2046.76,648]]],[[[2045.26,648.26],[2045.26,647.5],[2046.26,647.26],[2046.26,648.76],[2045.26,648.26]]],[[[2042.76,648.5],[2041.5,649],[2041.5,647.76],[2042.76,647.76],[2042.76,648.5]]],[[[2044.5,648.76],[2043.76,648.76],[2043.76,648],[2044.76,647.5],[2044.5,648.76]]],[[[2054,651],[2053.26,650.5],[2054.5,649.5],[2055,650.26],[2056,650.76],[2055.76,651.76],[2054.76,651.76],[2054,651]]],[[[2052.76,661.26],[2054,660.26],[2054.26,659],[2055,659],[2055,660],[2057,660],[2057,661],[2055,660.76],[2054.76,661.5],[2053.26,662.26],[2052.26,662.26],[2052.76,661.26]]],[[[2058.26,668.76],[2058,669.76],[2057.26,669.5],[2057.5,668.5],[2058.26,668.76]]],[[[2054.76,1225],[2054,1225.26],[2054,1224.26],[2055,1223.76],[2055.26,1224.26],[2054.76,1225]]],[[[2048.76,1254],[2050,1254],[2050.26,1253.5],[2052,1253.5],[2052.76,1253.26],[2053,1254.26],[2054.26,1255.26],[2054.26,1255.76],[2055.26,1255.76],[2055.5,1256.26],[2055.5,1258.5],[2055,1259.5],[2055.76,1259.5],[2056,1260.5],[2057,1260.76],[2057,1262.26],[2055.26,1263.26],[2055,1265.26],[2053.5,1265.5],[2051.5,1267.26],[2050.76,1267.26],[2050.26,1268],[2048.76,1268],[2049,1267.26],[2050.76,1264.5],[2051.26,1264.5],[2051,1263.5],[2051.76,1263.26],[2051.5,1262.5],[2049.76,1261.5],[2049.76,1260.5],[2049.26,1259.76],[2050.26,1259.76],[2049.76,1259.26],[2050.26,1258.5],[2050.26,1257.5],[2049.26,1257.5],[2049.26,1257],[2047.76,1256.5],[2048,1254.26],[2048.76,1254]]],[[[2055.26,1511.76],[2054.76,1511],[2055.26,1510],[2057.26,1510.26],[2056.76,1511.76],[2055.26,1511.76]]],[[[2064.26,462.76],[2063.76,462.26],[2061.5,462],[2061.5,461],[2062,460.5],[2064.26,460.5],[2065.26,461.76],[2067.26,461.76],[2067,463.26],[2065.76,463.76],[2065.76,465],[2064.5,465.5],[2064,464.26],[2064.76,463.76],[2064.26,462.76]]],[[[2060.26,463],[2059.76,463.76],[2059,463.76],[2059.26,462.5],[2060,462.26],[2060.26,463]]],[[[2061.5,463.26],[2062.5,463.5],[2062.5,464.5],[2061.5,464.26],[2061.5,463.26]]],[[[2062.76,475.76],[2062.76,473.76],[2062.5,473],[2064.26,472.76],[2065,473.5],[2066.26,473.26],[2069.5,473.26],[2069.5,474.76],[2070.5,474.76],[2071,475.26],[2071.76,477],[2072.76,477.26],[2072.76,478.26],[2070,478.26],[2069,477.5],[2068.76,476.76],[2067.5,476.76],[2067,477.26],[2065.26,477.5],[2064.26,476.5],[2062.76,475.76]]],[[[2060,475],[2061,475],[2060.76,476],[2059.76,475.76],[2060,475]]],[[[2060.76,511.76],[2060,511.76],[2059.76,511],[2061,510],[2063,510],[2063.76,510.76],[2063.76,512.26],[2062,512.5],[2061.76,512],[2060.76,511.76]]],[[[2072.26,512],[2072.5,511.76],[2074.5,512.26],[2074.5,513.76],[2073.5,513.76],[2072.5,513],[2072.26,512]]],[[[2069.5,517.26],[2069,515.5],[2069.76,515],[2071,515.5],[2071,518],[2070.5,518.5],[2069.5,518.26],[2069.5,517.26]]],[[[2065.76,536.26],[2064.26,536.26],[2064.5,535],[2065.26,535],[2065.76,536.26]]],[[[2068.26,557.26],[2069,556],[2070,555.26],[2070.5,556],[2070.26,557.76],[2069.76,558.76],[2068,558.76],[2068.26,557.26]]],[[[2068.5,561.5],[2068.26,562.26],[2067.26,562.26],[2067.26,561],[2068.5,560.5],[2068.5,561.5]]],[[[2068.5,565],[2069.76,563.5],[2070.76,563.26],[2070.76,565],[2070,565.26],[2069.5,566],[2068,566.26],[2068.5,565]]],[[[2070.76,567.76],[2071.5,567.26],[2072,566],[2072.76,566.76],[2072.26,568.5],[2070.5,568.5],[2070.76,567.76]]],[[[2068.76,566.5],[2070,566.5],[2070,567.5],[2069.5,568.26],[2067.76,568.26],[2066.76,568.5],[2067,566.5],[2067.5,566.76],[2068.76,566.5]]],[[[2065.26,567.76],[2065.76,567],[2066.5,567],[2066.5,568],[2065.26,568.26],[2065.26,567.76]]],[[[2067,573.76],[2066,573.76],[2066.5,572.26],[2067.5,572],[2067.5,573.5],[2067,573.76]]],[[[2069,581],[2069.26,580],[2068.76,579.5],[2068.76,578.5],[2069.5,578.5],[2070.5,579.26],[2070.5,581.76],[2070,582.76],[2069.26,583.26],[2068.26,583.26],[2068.26,581.5],[2069,581]]],[[[2062.26,582.76],[2062.26,581],[2063,580.76],[2063.76,581.76],[2063.76,583.26],[2064.76,583.5],[2064.76,584.5],[2063.5,584.5],[2064,585.26],[2065.76,585.76],[2065.5,587],[2063.76,586.76],[2063.26,585.76],[2062.76,586.26],[2061.5,585.76],[2061.76,584.26],[2062.26,584],[2062.26,582.76]]],[[[2063.5,590.5],[2063,589.5],[2063.26,588],[2065.5,589.26],[2066.26,589.26],[2067.26,588.5],[2068.26,588.5],[2068.26,590.26],[2069.26,591.26],[2070.5,591.76],[2070.26,592.76],[2071,594.5],[2072.26,594.76],[2072.26,596],[2071.76,597],[2070.76,597.76],[2071,598.76],[2072.76,600.26],[2073.26,601.5],[2073,603],[2070.26,603],[2069.26,602.26],[2068,601.76],[2065.5,602.5],[2064.76,601.5],[2064.76,600],[2065.5,598.5],[2066.26,597.76],[2066,595.5],[2064.26,594],[2062.76,593.5],[2062.76,592.26],[2063.5,591.5],[2063.5,590.5]]],[[[2061.76,603.5],[2061.5,602.76],[2062.26,602.5],[2062.76,601.5],[2063.5,601.5],[2064,602.76],[2062.26,604],[2061.76,603.5]]],[[[2065.5,653.76],[2065.5,653.26],[2066.5,652.76],[2066.5,651.5],[2067.26,651.5],[2067.5,654],[2067,654.76],[2066.26,654.76],[2065.5,653.76]]],[[[2062.5,655.26],[2063.26,653.26],[2064.26,653.26],[2064.5,653.76],[2064.5,656.5],[2065.5,658],[2065.5,659.26],[2064.76,659.5],[2065.26,660.76],[2064,663],[2062,663],[2062,664],[2062.5,664.5],[2062.5,666],[2062,667],[2061.26,666.5],[2059,666.76],[2059,665.76],[2059.76,664.76],[2059.76,663.26],[2059,662.5],[2059.26,661.26],[2060,660.76],[2060.76,659.5],[2061,658.5],[2060.76,657],[2060.26,656.76],[2060.26,655.76],[2061,654.76],[2062,654.76],[2062.5,655.26]]],[[[2062.26,773.76],[2062.76,773],[2063.5,773],[2064.76,772],[2065.76,771.76],[2065.76,773.26],[2067,774.26],[2067,775.26],[2067.76,775.76],[2069,775.76],[2069.5,777.26],[2070,777.5],[2070,778.76],[2070.5,779],[2070.5,780],[2069.26,780.76],[2069.26,781.76],[2068.5,782.5],[2068.5,783.5],[2067.5,783.5],[2067.26,784.26],[2066.26,784.76],[2066.76,786],[2066,786.5],[2065.26,785.5],[2064,785],[2064.26,783.76],[2065,783.5],[2065.5,782.76],[2065.76,780.5],[2065.26,780],[2064,780.26],[2063.5,779.5],[2062.26,779.5],[2062.26,778.76],[2061.26,778.5],[2059.5,778.76],[2059,777.76],[2057.76,777.76],[2058.76,776],[2059.5,776],[2060,775.26],[2060.5,775.5],[2062.26,775.26],[2062.26,773.76]]],[[[2066.26,1239.5],[2065.26,1239.76],[2064.76,1239.26],[2066.26,1238.76],[2066.26,1239.5]]],[[[2069.76,1266.26],[2070.76,1264.76],[2070.76,1264],[2073.5,1264],[2074.26,1264.5],[2074.26,1265.5],[2073.5,1266],[2072.5,1266],[2072.5,1266.5],[2070,1266.5],[2069.76,1266.26]]],[[[2068,1452.76],[2067.26,1453],[2067,1452.26],[2067.76,1452.26],[2068.5,1451.5],[2069.26,1451.5],[2068.76,1453],[2068,1452.76]]],[[[2064,1473.76],[2063.26,1473.26],[2064.5,1472],[2064,1473.76]]],[[[2063.26,1474.76],[2063.76,1474.76],[2065,1473.26],[2065.5,1473.76],[2065,1475.76],[2064.26,1476.26],[2063,1476],[2063.26,1474.76]]],[[[2096.26,476],[2095.76,475.5],[2096.5,473.76],[2097,473.76],[2097,475.5],[2096.26,476]]],[[[2089.5,477.76],[2091.5,476],[2093,476.26],[2095,476.26],[2095,477.5],[2095.5,478.5],[2096.76,478.76],[2097.26,479.5],[2097.26,481.5],[2096.76,482],[2096.76,483.5],[2098.5,486],[2098.76,487.26],[2097.76,488],[2096.76,491],[2096.5,492.76],[2095.76,493.5],[2094.5,493.5],[2094,492.76],[2093.26,492.76],[2092.26,491.5],[2091.5,491.5],[2090.26,492.76],[2088.5,492.5],[2088.76,491],[2088.76,488.76],[2088,487.76],[2088,487],[2088.76,486.26],[2090.76,485.5],[2091.5,485],[2092.26,483.76],[2091,483.76],[2090.76,484.26],[2089.76,484.26],[2089,483.76],[2089,481.26],[2087.26,481.26],[2086.76,480.76],[2085.26,480.76],[2085.76,479.5],[2087.5,479],[2089.5,477.76]]],[[[2079.5,482.76],[2080.26,482.26],[2080.76,481],[2082.76,481],[2082.76,481.5],[2081.26,483.76],[2078.76,483.5],[2078.5,483],[2079.5,482.76]]],[[[2083,482.76],[2083.76,481.5],[2084.76,482],[2084.5,483],[2083,483.26],[2083,482.76]]],[[[2085,490.26],[2084.76,488.5],[2086,487.76],[2086.76,489],[2086.5,490.76],[2085,490.26]]],[[[2084,489.5],[2082.26,489.5],[2081.76,489.26],[2082.26,488.26],[2084.26,488.26],[2084,489.5]]],[[[2095.26,498],[2095,497.5],[2093.76,497],[2094.5,496],[2096.26,497.26],[2096.26,498.26],[2095.76,498.76],[2095.76,499.76],[2096.26,500.26],[2096.26,501.26],[2095.5,502],[2093.76,502.26],[2093.76,501],[2094.26,500.76],[2094.5,499.5],[2095.26,498]]],[[[2097.26,510.76],[2097,510],[2095.76,510.5],[2094.76,510.5],[2094.5,509.76],[2096.5,508.26],[2097.5,506.5],[2099.26,505.76],[2100,504.76],[2100.76,502.26],[2101.26,502.26],[2101.76,501],[2102.76,501],[2103,502.76],[2103.5,503.5],[2104.26,503.26],[2105.76,503.5],[2105.76,505],[2105.26,505.5],[2106,506.76],[2107.76,506.76],[2108,506.26],[2109.26,505.76],[2110.76,505.76],[2111.26,506.26],[2112,506],[2114.76,505.76],[2115.76,505],[2116.26,503.5],[2117.5,502.76],[2118.5,503],[2120.26,503],[2120.5,502.5],[2122.26,502.5],[2123.76,504.26],[2125.5,504.26],[2125.5,504],[2127.5,504],[2128.5,503.76],[2128.76,506.26],[2127.26,507.26],[2122.76,507.26],[2123.26,508.5],[2123.26,509.5],[2124,511.5],[2119.76,513],[2119,513.5],[2118.26,512.5],[2116.76,512.26],[2116.26,513],[2116.26,514.26],[2115,515],[2113.26,515.5],[2111.5,515.5],[2111,516],[2109.5,516.26],[2109.26,516.76],[2107.5,517.76],[2107.5,518.76],[2106.76,520],[2105.76,520.26],[2105.26,521],[2103.76,521],[2102.76,520.5],[2102.5,521],[2101.26,521.26],[2099.5,521.26],[2099.5,521],[2097.26,520.26],[2096.5,519.26],[2094.26,519],[2095.76,515.26],[2096.26,515],[2096.26,513.76],[2096.76,513.26],[2097.76,513.76],[2098.76,513.76],[2100,512.76],[2098.76,512.76],[2097.76,512],[2097.26,510.76]]],[[[2074.76,515.76],[2074.76,517],[2073.5,517],[2073.5,516],[2074.76,515.76]]],[[[2077.76,518],[2077.76,517.26],[2079.76,517],[2080.5,515.76],[2082,515.76],[2082.5,516.26],[2082.26,517.76],[2082.26,520.26],[2081.26,521.76],[2080.26,521.76],[2080,521.26],[2080,519.5],[2078,518.76],[2077.76,518]]],[[[2084.76,520],[2083.26,519.76],[2083.26,517],[2084.26,517],[2084.76,518],[2084.76,520]]],[[[2074,519.26],[2073.76,519],[2074.26,517.26],[2075.5,517.5],[2075.26,519.26],[2074,519.26]]],[[[2082.76,524.5],[2082.76,523.26],[2083.76,523],[2084,522.5],[2085,522.26],[2085,523.5],[2084.5,524.76],[2083.26,525.26],[2082.76,524.5]]],[[[2080.76,527],[2081,526.26],[2082.5,525.76],[2083.76,525.76],[2084.5,526.76],[2084,527.5],[2082.76,527.5],[2082.26,528],[2081.26,528],[2080.76,527]]],[[[2080.26,534],[2079,534],[2079.26,532],[2080.5,532.76],[2080.26,534]]],[[[2095.26,539.26],[2093.76,539],[2094.76,537.26],[2096.26,537.5],[2096,538.76],[2095.26,539.26]]],[[[2091.26,554],[2092.5,553.76],[2094,552.26],[2095.26,552.26],[2095.5,553.26],[2098,555.26],[2098,556.26],[2097.5,557],[2095.26,558.26],[2092.26,558.26],[2091.76,557.26],[2089.5,557.26],[2089,556.26],[2089,555.26],[2090.26,554.26],[2091.26,554]]],[[[2083.5,578.76],[2084.26,578.5],[2084.76,579],[2086.5,579],[2087.26,578.76],[2087.76,578],[2088.5,578],[2090.26,580.76],[2092.26,580.76],[2092.76,581.26],[2092.76,582.5],[2094,583.26],[2094.5,584],[2094.26,584.76],[2092.5,584.76],[2091.5,584],[2091,582.76],[2090,582.76],[2089,583.26],[2088,582.5],[2087.26,581.5],[2086.26,581.5],[2085.5,580.76],[2083.26,580.26],[2083.5,578.76]]],[[[2097.76,590.76],[2098,590],[2098.5,590.26],[2099.76,590],[2101.76,590],[2101.76,589.26],[2102.76,589],[2102.76,588.5],[2104,588],[2104,589.76],[2103,590],[2102,590.76],[2102,591.5],[2100.5,592],[2100,592.76],[2099.26,592.5],[2099,591.5],[2097.76,590.76]]],[[[2096.26,592],[2095.26,592.26],[2095.26,591.5],[2096.5,591.26],[2096.26,592]]],[[[2074,594.5],[2073,594.5],[2073,593.5],[2074,592.76],[2075,592.76],[2075,593.76],[2074,594.5]]],[[[2080.5,620.26],[2079.76,619.26],[2080,617.76],[2081,617.76],[2081.76,619.26],[2082.5,619.5],[2082.26,620.76],[2081.76,621.26],[2080.5,621.26],[2080.5,620.26]]],[[[2082.5,623.76],[2082.5,623.26],[2084.26,623.5],[2084.26,624.26],[2083.5,624.5],[2082.5,623.76]]],[[[2084.26,627.26],[2083.26,627.26],[2083.76,625.5],[2084.26,625.5],[2084.26,627.26]]],[[[2080,645.76],[2079.76,644.5],[2080.5,644.26],[2081.76,644.5],[2082,644],[2083,644],[2083.5,645.26],[2082.5,645.76],[2082,646.5],[2080.76,646.5],[2080,645.76]]],[[[2079,1266],[2078.5,1266.26],[2077.26,1266],[2078,1264.76],[2079,1264.76],[2079,1266]]],[[[2076.26,1266.26],[2075.5,1266.5],[2076,1265.5],[2076.26,1266.26]]],[[[2089,1303],[2088.76,1303.5],[2087.76,1302.76],[2087.76,1302.26],[2088.76,1302.26],[2089,1303]]],[[[2090.26,1303.5],[2089.5,1304.26],[2089.26,1303.76],[2090.26,1303.5]]],[[[2090,1469],[2089,1469.26],[2089.26,1468.5],[2092,1467.5],[2091.26,1468.5],[2090,1469]]],[[[2116,454.5],[2115,454.5],[2114.26,453.76],[2115,453.26],[2115.26,452.5],[2116.5,452.5],[2117.5,453.26],[2118.26,454.26],[2118.26,455],[2116.76,455],[2116,454.5]]],[[[2114,459.5],[2114,460.26],[2112.76,459.76],[2112.5,458.5],[2114,459.5]]],[[[2109.76,462],[2109.76,461],[2110.5,461],[2110.76,460.26],[2111.76,460.26],[2112,460.76],[2113,460.76],[2113,461.5],[2112,462],[2110.76,462],[2110,462.5],[2109.76,462]]],[[[2120.5,461],[2119.26,461.26],[2117.26,461.26],[2116.26,461.5],[2116.5,461],[2116.5,459],[2117,458],[2117.26,455.76],[2118,456],[2119.76,456],[2120.26,457.26],[2121.26,457.26],[2121.5,456.5],[2122.26,456.5],[2123.26,455.76],[2124.26,455.5],[2126,455.76],[2126.76,457],[2128.26,457.76],[2130.26,457.5],[2131.5,456.76],[2132.26,455.76],[2134.5,456],[2135,456.76],[2135.76,459.26],[2136.26,460],[2135.5,460.5],[2135,461.5],[2135.26,462.26],[2136.26,462.5],[2136.76,461.76],[2138.5,461.76],[2140.76,463],[2142.76,463],[2144.76,461.26],[2146.26,462.26],[2146.5,463.76],[2147.26,464.5],[2148.26,464.76],[2149,465.76],[2149.5,465.76],[2149.5,467],[2148.5,467.26],[2149.26,468.76],[2150,472],[2150.76,472.76],[2150.76,474.26],[2150.26,474.76],[2149.76,476.26],[2148,477],[2147.5,478],[2149.76,477.76],[2150.76,476.76],[2150.76,475.26],[2152.26,475],[2153,476.26],[2154.26,476.5],[2155.5,474.5],[2156.5,474.76],[2156.5,475.76],[2155.76,477.26],[2156.26,480],[2157.26,480.76],[2157.26,482.5],[2156.76,482.76],[2156.26,484],[2156.26,486],[2156.5,486],[2156.76,488.26],[2158.76,490],[2158.76,491.76],[2158.5,492.5],[2157.26,493.76],[2157.26,495.76],[2158,497.26],[2158.26,498.76],[2159.26,501.26],[2160.26,501.26],[2160.5,502.5],[2159.5,503.5],[2159.5,504.26],[2158.76,505],[2158.76,507.76],[2157.76,508],[2157.5,507.26],[2157.76,505],[2155.5,504.76],[2155.26,504.26],[2154.26,504],[2154,503.5],[2152.76,503],[2152.76,500.5],[2152.26,500],[2152.26,498],[2153.26,496.5],[2153,494.76],[2149.5,494.76],[2148.5,495.26],[2148,494.5],[2146.26,493.26],[2146,492.26],[2146.26,490.5],[2145.5,489.5],[2142.26,487.5],[2141.76,486.26],[2141.76,485],[2142.26,484.5],[2142.26,482.5],[2141.76,482],[2141.26,480.26],[2140.76,480],[2140.26,478.76],[2139.26,479.26],[2139.26,481],[2139,482],[2137.5,481.76],[2137,481.26],[2136.26,479.5],[2135,478.5],[2134.76,477.76],[2135.5,476.76],[2136,476.76],[2137.26,475.5],[2137.26,473.26],[2136.76,472.5],[2135.5,471.76],[2135.26,470.5],[2134.76,469.76],[2134,470.5],[2134,474.26],[2133.76,474.76],[2131.76,474.26],[2131,475],[2129.5,475],[2128.76,473.76],[2127.76,473.76],[2127,473],[2126,473],[2125.5,473.76],[2124,474.26],[2123.76,472.76],[2123.76,470.76],[2125,468.76],[2125.76,468.5],[2125.76,467.5],[2125,466.5],[2125,465.76],[2126.26,465],[2127.5,464.76],[2127.5,464],[2126.76,463.5],[2124.5,463],[2124,462.26],[2124,460.26],[2121.5,460.26],[2120.5,461]]],[[[2100.5,475.5],[2100,475.26],[2100,474.26],[2101.26,473.5],[2102,473.76],[2102,474.5],[2100.5,475.5]]],[[[2117.76,474.76],[2117.5,475.76],[2116.26,475.5],[2116.5,474.26],[2117.76,474.26],[2117.76,474.76]]],[[[2113.5,478],[2113.5,477],[2114.5,476.76],[2115,475.76],[2115.76,475.76],[2116.76,476.5],[2116.76,478.26],[2116.5,478.76],[2115.26,477.5],[2113.5,478]]],[[[2106.76,531.76],[2107,531.76],[2107,529.76],[2108.26,529.76],[2109.5,530.5],[2110,531.26],[2112.76,531.76],[2113.26,532.26],[2113.26,533.26],[2110.5,533.26],[2109.76,533.76],[2110,535.26],[2109,536.5],[2108.76,537.5],[2107.26,538.26],[2103,538.26],[2102.76,538],[2103,536.5],[2104.26,536.26],[2105,535.76],[2106.26,535.76],[2106.76,535.26],[2106.76,531.76]]],[[[2120.26,532],[2120,532.26],[2118,532.26],[2116.5,533],[2114.76,532.5],[2115,531.5],[2116.26,531.5],[2118.5,530.5],[2119.5,530.5],[2120.5,531.26],[2120.26,532]]],[[[2098.26,537.76],[2099,537],[2101,537.26],[2100.76,538.5],[2100,539],[2098.26,538.76],[2098.26,537.76]]],[[[2105,548],[2104.5,548],[2105,547],[2105,546],[2106.26,546.26],[2106.26,548],[2106,548.5],[2105,548]]],[[[2099.26,551.26],[2101.5,551.26],[2102.76,550.76],[2102.76,551.5],[2101.26,552.76],[2100,552.5],[2099.76,553.76],[2099.26,554.5],[2098.26,554.5],[2098.5,552.5],[2099.26,551.26]]],[[[2114.26,562.26],[2113.26,562.5],[2113.26,561.26],[2114.5,560.76],[2114.26,562.26]]],[[[2118.26,561.76],[2117.76,562.26],[2116.26,562.26],[2116.26,560.26],[2117,559.76],[2117.76,558],[2118.5,557.5],[2120.5,556.76],[2120.76,556.26],[2121.76,556],[2124,553.5],[2124.5,553.5],[2125,552.5],[2126,551.76],[2126,551],[2128,551],[2128,551.26],[2130.76,550.76],[2132.26,548.76],[2133.76,548.5],[2135,549.26],[2135.26,550.26],[2135.26,552.26],[2139,550.76],[2139.26,552],[2140.76,552],[2141.26,553],[2139.26,554.76],[2139.76,555.5],[2141.5,556],[2142,555],[2143.76,554],[2144,553.5],[2144,551.76],[2144.5,551],[2146.5,551],[2147.76,551.26],[2148.26,551.76],[2150,551.26],[2151.76,551],[2152.76,550.26],[2155.5,549.26],[2156,548.5],[2157.76,548.5],[2158,549.26],[2159,550],[2159.76,550],[2160.76,549],[2161.26,549.26],[2161,550.26],[2159.76,552.5],[2158.26,553],[2158.5,554.5],[2158.26,557],[2157.26,558.26],[2156.26,560],[2155,559.76],[2155,559.26],[2153.76,559.26],[2152.76,560],[2152.76,563.26],[2152,564.26],[2151,564.76],[2146,564.76],[2144.76,566],[2144.26,566],[2141.76,569],[2140.26,569],[2140.26,566.76],[2139.5,566.26],[2139.5,565.26],[2140.26,564],[2139.76,562.76],[2138.76,562.5],[2138.5,563],[2137.5,563],[2137,563.5],[2135,563.5],[2135.26,562.5],[2136.26,561.76],[2135.76,559.5],[2134.26,559.5],[2133.76,560.5],[2133.76,562.5],[2133.5,562.5],[2133.5,565],[2132.76,565],[2130.76,563.76],[2127,563.76],[2127,563.5],[2124,563.5],[2123,563.76],[2121.76,563],[2120.76,561],[2118.5,561],[2118.26,561.76]]],[[[2106.5,565.5],[2108,565],[2109,563.5],[2111,564.5],[2110.76,565.76],[2109,565.5],[2108.5,566],[2106.26,566.26],[2106.5,565.5]]],[[[2113.5,565.26],[2113.5,565.76],[2112.5,565.76],[2112.5,564.76],[2113,564],[2113.76,563.76],[2113.5,565.26]]],[[[2108,584.5],[2108,584.26],[2109.76,583.26],[2110,582.5],[2110.5,582.76],[2110.26,583.76],[2109.5,584.5],[2109.5,585.5],[2108.5,586.5],[2107.76,586.5],[2106.76,587.26],[2105.76,587.26],[2105,586.5],[2105.26,585.5],[2106.76,585.5],[2107.26,584.76],[2108,584.5]]],[[[2113.26,584.26],[2112.26,584.5],[2112.26,583.5],[2113.26,582.5],[2113.5,583],[2113.26,584.26]]],[[[2106.5,595],[2105.26,595],[2105.76,593.76],[2106.76,593.76],[2106.5,595]]],[[[2108.5,595.76],[2107.5,595.5],[2107.5,594.5],[2108.5,594.76],[2108.5,595.76]]],[[[2103.5,596],[2102.5,595.5],[2102.5,594.76],[2103.76,594.76],[2104,595.5],[2105,596.26],[2105,598.26],[2104.76,599],[2102.26,600.5],[2101,600.5],[2101,599.5],[2101.5,598.76],[2103.26,597.76],[2103.5,596]]],[[[2106,599.26],[2106.76,597],[2107.5,596.76],[2108,597.26],[2108,599.5],[2106.5,599.76],[2106,599.26]]],[[[2118.5,603.76],[2117.5,605],[2116.26,604.5],[2116.26,603.5],[2117.26,602.76],[2118.26,603],[2118.5,603.76]]],[[[2113.76,1437],[2114,1436],[2114.5,1435.76],[2114.76,1434.5],[2115.76,1434.76],[2116.26,1436],[2119,1436],[2120.26,1435.76],[2120.26,1437.5],[2118.5,1438.5],[2116.76,1438.5],[2116.26,1438],[2114.5,1438],[2113.26,1437.76],[2113,1437.26],[2113.76,1437]]],[[[2105.5,1457],[2104.76,1456.26],[2107,1455.5],[2107.26,1456.5],[2106.26,1457.26],[2105.5,1457]]],[[[2119,472.76],[2118.76,472],[2119.76,472],[2120.5,470.76],[2121.26,470.76],[2121.26,472],[2120.26,473.5],[2120.26,475.26],[2120,476],[2119,476.5],[2118.76,475.26],[2119.76,474.5],[2119,472.76]]],[[[2125.5,490.76],[2125,490],[2125.76,489],[2127.76,489.26],[2129.5,491],[2130.5,491],[2130.76,490.5],[2133,490.5],[2134,490.76],[2134.76,491.5],[2134.76,493.26],[2134.26,494],[2134.76,495.76],[2135.76,496.5],[2135.26,497.26],[2135,498.76],[2133.5,500],[2132.26,500.26],[2132,499.5],[2133.26,498.26],[2133.26,496],[2132,495.26],[2130.5,495.26],[2128.76,496.26],[2127.5,496.26],[2126.5,495],[2126.5,492.26],[2125.5,490.76]]],[[[2133.5,503.5],[2133.5,504],[2132.26,503.76],[2132,502.5],[2133,502.26],[2133.5,503.5]]],[[[2123.76,531],[2123.5,530.76],[2124.5,529.5],[2125.5,529.5],[2125.76,530.5],[2125,531],[2123.76,531]]],[[[2122.76,534.5],[2121.5,534.76],[2121,534.26],[2121,533],[2122,533],[2122.76,534.5]]],[[[2116.26,580.5],[2116.76,580.26],[2120.76,580.26],[2121.76,579.76],[2123,579.76],[2123.76,579.26],[2124.76,579.26],[2126.76,580.76],[2126.76,581.76],[2127.5,581.76],[2127.76,582.76],[2126.76,583],[2126.26,582.5],[2125,582.5],[2125.5,584],[2124.76,584],[2123,585],[2121.76,584.76],[2122,583.5],[2121.5,583.5],[2120.26,582.26],[2116.26,582.26],[2115.5,582],[2115.5,581],[2116.26,580.5]]],[[[2130,584],[2129.5,583.76],[2130,583],[2129.76,582.26],[2131.76,582.5],[2132.76,582.26],[2133.5,583.26],[2134.76,583.26],[2134.76,584],[2133.76,584.5],[2131.76,584.76],[2131.26,584.26],[2130,584]]],[[[2132.76,585.5],[2133.26,586],[2133.26,587],[2132,586.76],[2131.76,585.5],[2132.76,585.5]]],[[[2133,603],[2132.76,602.5],[2131.26,602.76],[2130.76,601.76],[2132.5,601.5],[2132.76,602],[2134,602.5],[2134,603.5],[2133,603.5],[2133,603]]],[[[2131,607.26],[2131.26,606.5],[2133.26,606.5],[2134,605.5],[2135.5,606],[2135.26,607],[2134,607.5],[2131.26,607.5],[2131,607.26]]],[[[2140.76,455],[2141.76,455.5],[2140.5,455.76],[2140.76,455]]],[[[2136,457.26],[2135.5,457.26],[2135.5,456],[2137.26,455],[2139,455],[2139.5,455.26],[2139,456.26],[2137.76,456.26],[2136.76,457.26],[2136,457.26]]],[[[2139.26,486.5],[2139,486.26],[2139.76,484],[2140.76,484.26],[2140.5,485],[2140.76,486.5],[2140.76,488.76],[2139.76,489],[2139.76,487.26],[2139.26,486.5]]],[[[2135,501.26],[2135,501.76],[2133.5,501.5],[2134,500],[2134.76,500],[2135,501.26]]],[[[2137.26,543.26],[2138,542.5],[2138.5,541.26],[2139.5,541.26],[2138.76,542.26],[2138.5,544.76],[2137.5,546],[2136.5,546],[2136.26,545.5],[2134,545.5],[2134.76,544.5],[2135.76,544.5],[2136.76,544],[2137.26,543.26]]],[[[2144.26,578.26],[2145,577.26],[2146.26,576.5],[2147.26,576.76],[2146.76,578],[2145.76,578],[2144.76,578.5],[2144.26,579.76],[2143.26,579.76],[2143.26,578.76],[2144.26,578.26]]],[[[2149.26,579.26],[2148.5,579.5],[2147.76,579],[2148.26,577.5],[2149,577.5],[2149.5,578.26],[2149.26,579.26]]],[[[2142.26,583],[2141.76,583.5],[2140.5,583.26],[2140.76,582],[2143.5,582],[2143.5,582.5],[2145.5,582.5],[2146,583],[2145.76,583.76],[2145,584],[2143.26,584],[2143,583],[2142.26,583]]],[[[2146,581.76],[2147,581.76],[2147.5,582.5],[2146.26,582.76],[2146,581.76]]],[[[2136.26,583.76],[2138.76,582.26],[2139.76,582.5],[2139.5,583.76],[2138.26,584],[2138,584.5],[2136.76,584.76],[2136.26,583.76]]],[[[2141,584.26],[2142,584.26],[2141.5,585],[2140.76,585],[2141,584.26]]],[[[2147.26,598.26],[2147.76,597.76],[2147.76,595.76],[2148.76,595.5],[2148,600],[2147,600.5],[2145.26,600.5],[2145,599.26],[2145.5,598.76],[2146.5,598.76],[2147.26,598.26]]],[[[2144,598.76],[2144,600],[2143,599.76],[2143,599],[2144,598.76]]],[[[2135.26,604.5],[2134.5,604.76],[2134.5,603.26],[2135.26,603.26],[2135.26,604.5]]],[[[2163.76,458],[2163,459.26],[2162,459.26],[2162,458.5],[2163.5,456],[2165.26,456.76],[2165,457.26],[2164,457.5],[2163.76,458]]],[[[2160.76,463.76],[2161,462.26],[2161.76,461.26],[2162.26,461.26],[2161.76,465],[2160.76,464.76],[2160.76,463.76]]],[[[2152.76,465.5],[2152,466.26],[2150.5,466.26],[2151,464.76],[2152,464.76],[2152.76,465.5]]],[[[2161,467.26],[2160,467.5],[2160.26,465.5],[2161,466.26],[2161,467.26]]],[[[2158,470.26],[2158.5,468.76],[2159.26,469.26],[2158.76,472.5],[2158,473.26],[2156.76,472.5],[2156.76,471.76],[2158,471],[2158,470.26]]],[[[2154.5,474.76],[2153.76,475],[2154,473.26],[2155.26,473],[2154.5,474.76]]],[[[2159,477.5],[2159.26,476.26],[2160.5,476.26],[2160.5,477],[2159,477.5]]],[[[2160.26,482],[2158.5,482],[2158.26,481.76],[2158.26,480],[2158.5,479.5],[2159.76,479.5],[2160,480.5],[2161.76,481.5],[2161.5,483],[2160.76,483],[2160.26,482]]],[[[2160.26,485],[2161.26,485],[2161.26,486],[2160,486],[2160.26,485]]],[[[2161.26,488.76],[2161.5,486.5],[2162,486],[2163,486.26],[2163,488],[2162.5,488.76],[2161.26,488.76]]],[[[2159.5,493.5],[2159,493.76],[2160,491.76],[2161,491.76],[2161.26,492.76],[2161.76,493],[2162,494.26],[2160.76,494.26],[2160.26,493.5],[2159.5,493.5]]],[[[2163.5,501.5],[2162.76,503],[2162,503],[2162,501.76],[2162.76,500.76],[2163.5,501.5]]],[[[2161.76,506.5],[2161.5,506.26],[2161.5,504.5],[2163.26,504.26],[2163,505.76],[2163,508],[2162,508],[2161.5,507.5],[2161.76,506.5]]],[[[2160.26,508.76],[2159,509],[2159,508],[2160.26,507.76],[2160.26,508.76]]],[[[2158.5,512.26],[2159.5,511],[2159.5,511.76],[2160.26,512.5],[2160,513.76],[2158,513.76],[2158,512.76],[2158.5,512.26]]],[[[2161,515],[2160.26,515],[2160.26,514.26],[2161,513.26],[2162,513],[2162,514.5],[2161.5,515.26],[2161,515]]],[[[2159.26,516.5],[2160,515.5],[2161.5,515.76],[2160.5,516.76],[2160.26,517.5],[2159.26,518],[2159.26,516.5]]],[[[2164.26,525.26],[2163.26,526],[2161.5,525.76],[2163,524.26],[2163.5,522.5],[2164,522.5],[2164,524.26],[2164.26,525.26]]],[[[2155.76,545],[2157,543.76],[2159.76,544],[2159.76,545.5],[2157.26,545.5],[2156,547],[2154,547.26],[2155.26,545.26],[2155.76,545]]],[[[2160.5,561.26],[2158.76,561.5],[2159.26,560],[2160,559.76],[2160.5,560.26],[2160.5,561.26]]],[[[2155.26,567.26],[2156.76,565.76],[2159,565.76],[2159.5,567],[2157.5,567.5],[2156.76,568.5],[2154.76,568.5],[2154.26,567.5],[2155.26,567.26]]],[[[2155,571],[2156.26,569.76],[2156.26,572],[2156,572.5],[2154.76,573],[2153.76,573],[2153.76,572.5],[2155,571.5],[2155,571]]],[[[2157.76,607.5],[2158.76,607.26],[2160.26,606],[2160.5,606.76],[2160.5,608.76],[2160,609.26],[2158.76,609.26],[2158.5,608.5],[2157,608.5],[2157,607.5],[2157.76,607.5]]],[[[2162.76,454.76],[2163,453.5],[2163.5,452.76],[2164.26,452.5],[2164.76,453],[2165,454.76],[2164.26,455.5],[2162.76,455.5],[2162.76,454.76]]],[[[2167,455.76],[2167.26,454.5],[2168.5,455],[2168.5,456.26],[2167.5,456.5],[2167,455.76]]],[[[2163.5,484.5],[2162.76,484.76],[2162.76,483.5],[2163.5,483.26],[2163.5,484.5]]],[[[2164,494.76],[2163.26,495],[2163.5,493.5],[2164.26,494],[2164,494.76]]],[[[2163,514.76],[2163,513.76],[2163.76,513.5],[2164.26,514],[2164.26,515],[2163,515.26],[2163,514.76]]],[[[2168,545.76],[2167.76,546.5],[2166.5,546.26],[2166.76,545],[2167.76,545],[2168,545.76]]],[[[2162.76,548.5],[2163,546.76],[2163.76,546.76],[2164.76,546],[2165.5,546],[2165.5,546.76],[2164,548.5],[2162.76,548.5]]],[[[2178.5,562],[2178,561.76],[2180,560.5],[2181.76,560.5],[2181.76,562.26],[2180.76,562.5],[2180.26,562],[2179.5,562.26],[2178.5,562]]],[[[2173.76,577],[2174,576.5],[2175,576.26],[2175.5,575],[2176.26,575.26],[2176.26,577.26],[2175.26,577.76],[2174,577.76],[2173.76,577]]],[[[2172.5,585],[2171.76,585],[2171.76,583.76],[2172.5,583.5],[2173,584],[2172.5,585]]],[[[2166.76,587.26],[2168.26,586.5],[2168.5,585.76],[2169.5,585.26],[2170.76,585.76],[2170.76,586.76],[2170,587.5],[2168.76,587.5],[2168.5,588.5],[2167.76,588.76],[2167.26,589.5],[2165.5,589.5],[2164.5,589],[2164.5,588],[2166.76,587.26]]],[[[2187,556.5],[2186.5,556.5],[2186.5,554.26],[2187.5,554],[2188.26,555],[2188.26,556],[2187.76,556.76],[2187,556.5]]],[[[2192.5,1457],[2193.5,1456.26],[2193.76,1457.26],[2192.5,1458],[2192.5,1457]]],[[[2226.26,474.5],[2226.5,473],[2227.26,472.26],[2229.76,472.26],[2230.76,474],[2233.26,474],[2233.5,474.5],[2234.76,475],[2234.76,476],[2233.5,477.5],[2232.5,477.26],[2231.76,475.76],[2229.76,475.76],[2228.26,476],[2227.26,476.76],[2224.76,475.76],[2225,474.76],[2226.26,474.5]]],[[[2205,512],[2205.5,511],[2206.26,511.26],[2206.26,512.5],[2204.76,513],[2204.5,512.26],[2205,512]]],[[[2199,515.26],[2201,515.26],[2201.76,514.5],[2202.26,513.26],[2203.76,513.5],[2204,514.5],[2203,514.76],[2202,515.5],[2201.76,516.5],[2200,516.76],[2199.5,516],[2198.76,516],[2199,515.26]]],[[[2208,523],[2208.5,522.26],[2210.76,522],[2211.26,521.5],[2212.76,521.5],[2213.5,522],[2213.76,523.76],[2214.26,524.76],[2214.26,526.5],[2213,527],[2212.76,527.5],[2211.76,527.5],[2211,526.26],[2210.76,524.76],[2209.26,523.76],[2208.26,523.76],[2208,523]]],[[[2205,524.5],[2204.26,524.26],[2204.26,523.26],[2205,522.26],[2206.26,523.26],[2206.26,524.26],[2205,524.5]]],[[[2214,529.5],[2214,530],[2212.76,529.26],[2212.76,528.5],[2214,528.5],[2214,529.5]]],[[[2210.26,531],[2211.76,530],[2212,531.26],[2211.5,531.76],[2211.76,534],[2210.76,533.76],[2210.5,532.26],[2209.5,532.26],[2209.5,531.5],[2210.26,531]]],[[[2208.76,538.76],[2209.26,538.5],[2209.26,537.26],[2210,536.76],[2210.26,538.76],[2209.26,539.5],[2209.26,540.5],[2208.76,541.5],[2207.76,541.5],[2207.26,540.76],[2208,540.26],[2208.76,538.76]]],[[[2200.76,549],[2202.26,547.26],[2202.76,547.5],[2202.76,549.5],[2201,549.76],[2200.76,549]]],[[[2207.26,1416.76],[2207.5,1416],[2208.5,1415.76],[2208.76,1414.26],[2209.5,1414.26],[2209.26,1415.5],[2208.5,1417.5],[2207.26,1417.26],[2207.26,1416.76]]],[[[2229,1416.26],[2229.26,1414.76],[2230.76,1415.26],[2231.5,1416],[2232,1415.76],[2234,1415.76],[2234.26,1416.26],[2233.26,1416.5],[2232,1417.5],[2231,1419.26],[2229.5,1419.5],[2228.76,1420.5],[2228.76,1422.76],[2228.26,1423.76],[2227.76,1423.76],[2227,1425],[2226.26,1425.5],[2225.26,1425.5],[2225,1425],[2223.76,1425],[2222.5,1426.76],[2221.26,1426.5],[2220.26,1427.76],[2218.76,1428.26],[2218.5,1429.76],[2217.76,1430.76],[2217.26,1430.5],[2215.5,1430.5],[2214.5,1431.26],[2214.26,1432.5],[2213.26,1432.5],[2212,1431.5],[2209.26,1431.5],[2208.5,1432.26],[2207.76,1431.76],[2206.5,1431.76],[2206,1433.5],[2205.26,1434],[2205.26,1435],[2203,1434.76],[2202,1435.5],[2202.26,1436],[2201.26,1437.76],[2200.76,1437.76],[2200,1438.76],[2199.26,1439],[2197.5,1439],[2197.26,1437.76],[2198.5,1437.5],[2198.5,1436.5],[2199,1435.5],[2197.26,1434],[2197.26,1433],[2199.26,1431.76],[2199.26,1431.26],[2201,1429.76],[2201.5,1429],[2201.5,1428],[2200.76,1427.5],[2201.5,1427],[2202,1424.76],[2203.26,1424.26],[2204.76,1424.26],[2206,1422.5],[2206.76,1420.26],[2207.5,1419.76],[2207.5,1420.76],[2208.76,1421],[2209.5,1420.76],[2211.26,1420.76],[2212.5,1419.76],[2214,1419.76],[2215,1418.76],[2218.26,1418.76],[2218.5,1417.76],[2219.26,1417.26],[2219.5,1415.76],[2220.76,1416.26],[2222,1416.26],[2223,1415.5],[2224.5,1415.26],[2224.76,1416.5],[2226.76,1416.76],[2227.26,1416.26],[2229,1416.26]]],[[[2251.76,1366],[2250.76,1366.26],[2251,1364.76],[2251.5,1364],[2253.26,1363.26],[2253,1362],[2253.76,1361],[2254.5,1361.26],[2254.5,1360.5],[2255.26,1360.26],[2256.5,1361.26],[2256.5,1363.26],[2256,1363.26],[2255,1364.5],[2253.5,1364.5],[2252.76,1365.5],[2251.76,1366]]],[[[2235.5,1417.5],[2236.5,1416.76],[2237.26,1417.5],[2237,1419.26],[2234.5,1419],[2235.5,1417.5]]],[[[2275.5,1302.5],[2274.76,1302],[2277,1300.5],[2277.26,1301.26],[2277,1302.26],[2275.5,1302.5]]],[[[2280,1303.76],[2278.76,1303.26],[2279,1302.76],[2280,1302.76],[2281,1303.26],[2280.76,1304],[2280,1303.76]]],[[[2280.76,1331.5],[2280.5,1332.26],[2280,1331.5],[2280.76,1331.5]]],[[[2253,1335.26],[2254.26,1335],[2254.5,1336],[2253.5,1336],[2253,1335.26]]],[[[2275,1400.76],[2274,1401],[2271.5,1401],[2270.76,1401.5],[2269.5,1401.5],[2268.5,1402.76],[2267.76,1403],[2265.76,1402.76],[2264.26,1401.26],[2264.26,1397.5],[2264,1396.76],[2264.76,1396.76],[2265.26,1395],[2264.5,1394.76],[2264.5,1393.76],[2263.5,1393.76],[2262.5,1392.5],[2261.5,1392],[2261.5,1390.5],[2263.76,1388],[2263.76,1386.76],[2265,1385.5],[2265,1383.26],[2267.5,1383],[2267.5,1380],[2267.76,1378.76],[2267,1377.76],[2268.26,1377.26],[2269.76,1377.26],[2270.26,1376.76],[2270,1376],[2271.26,1375.76],[2271,1374],[2269,1373.76],[2267.76,1373],[2267.5,1372],[2265.76,1372],[2264.76,1372.26],[2264.76,1371.26],[2264,1371],[2263.76,1368.5],[2264.26,1367.76],[2263.5,1367.76],[2263,1366],[2262.26,1365.26],[2262.5,1364.5],[2264.5,1364.5],[2266.5,1363.26],[2266.76,1362.5],[2266.76,1360.26],[2267,1359.76],[2268.76,1359.76],[2269.26,1360.5],[2270,1359.76],[2273,1359.76],[2274.5,1359.5],[2275.5,1360],[2277,1360],[2278,1360.76],[2279.5,1360.5],[2279.26,1362],[2281,1361.76],[2282,1361],[2283.26,1360.76],[2283.26,1361.76],[2283.76,1361.76],[2283.76,1363],[2285,1363.26],[2285,1363.76],[2286.5,1363.76],[2287,1363.26],[2291.26,1363.26],[2291.5,1364.26],[2291,1365],[2291,1366.26],[2293.26,1366.76],[2294,1367.5],[2295.76,1367.5],[2296.76,1368.5],[2296.76,1369.26],[2297.76,1370],[2297.76,1371],[2296,1371],[2295,1371.26],[2294,1372],[2293.5,1373.26],[2294.26,1373.26],[2293.76,1375.5],[2292.5,1375.26],[2291.26,1375.76],[2290.26,1377],[2290.26,1378],[2289.76,1378.76],[2289.76,1379.76],[2288.76,1380],[2287.26,1381],[2287.26,1381.5],[2288.26,1381.5],[2288.76,1382.76],[2288.76,1384.5],[2290,1384.76],[2290,1386.5],[2291.76,1388],[2292.76,1388],[2292.76,1389.5],[2291.5,1389.5],[2290.5,1390.26],[2290.76,1391.26],[2290.5,1394.26],[2290,1395],[2288.26,1396.5],[2287.5,1397.5],[2287.5,1398.5],[2285,1398.5],[2284,1399.5],[2283.26,1399.5],[2283,1400.76],[2282.26,1400.76],[2282.26,1402.26],[2279.5,1402],[2278.5,1400.76],[2275.26,1400.26],[2275,1400.76]]],[[[2257.76,1365.26],[2256.26,1365.26],[2256.76,1364],[2257.5,1363.76],[2258,1364.5],[2257.76,1365.26]]],[[[2290.26,2.76],[2290.5,1.26],[2291,0],[2304,0],[2304,13],[2301.5,13.76],[2299,13.76],[2294.76,12.26],[2294.26,11.5],[2292.5,10.26],[2291,7.76],[2290.26,5],[2290.26,2.76]]],[[[2289.76,1334.76],[2289.26,1335.26],[2289.26,1334],[2288.76,1333.76],[2290.76,1333.76],[2289.76,1334.76]]],[[[2286.26,1336],[2286.26,1335.26],[2285,1334.76],[2285.26,1334],[2288,1334.26],[2288.76,1334.76],[2288.76,1336.26],[2287.5,1336.76],[2287.5,1338],[2286.26,1338.5],[2285.26,1338.26],[2285.26,1337],[2286.26,1336]]],[[[2284.26,1352.26],[2285.5,1350.5],[2286.76,1350.5],[2286.76,1353.26],[2286.26,1353.76],[2285.26,1353.76],[2285,1353],[2284.26,1353],[2284.26,1352.26]]],[[[2301.76,1373],[2301,1373],[2301,1371.5],[2301.76,1371],[2303.26,1371],[2303.76,1371.5],[2303.5,1372.76],[2302.26,1372.5],[2301.76,1373]]]]},"properties":{"id":"k12","key":"k_impassable","name":"Impassable terrain","counties":3,"color":"#cfcbc4","owner":null,"ownerCountryId":null,"notes":""},"id":"k12"},
{"type":"Feature","geometry":{"type":"MultiPolygon","coordinates":[[[[706,653.76],[706.26,652.76],[707,652.76],[707.5,652],[708.5,651.5],[709.5,649.76],[709.5,647.76],[712,645.5],[713,645.26],[713.5,644.5],[714.5,644.5],[715.5,644],[715.5,644.5],[716.5,645],[716.5,645.76],[717.5,647],[717.26,648],[716.5,648.5],[716,649.76],[715,650],[714.76,650.76],[714,651.26],[714.26,652],[715.26,652],[715.26,653.76],[714.76,654.76],[714.76,656.76],[715.26,657.26],[715.5,658.5],[717,659.26],[717.5,658],[718,657.76],[718,656.26],[718.5,655.26],[719.76,656],[720.5,657.26],[721,657.26],[721.26,658.76],[720.76,659.26],[722.26,659.26],[722.5,658.5],[723.26,658.76],[726.26,658.26],[726,656.5],[729.76,655],[730.26,654.26],[730.5,653],[731,652.26],[732,652.76],[733,652.76],[734,652.26],[734.26,651.26],[735.26,651.26],[735.76,650.5],[736.5,650.26],[737.76,648.26],[738.26,649.26],[739.76,649.26],[742.5,648.26],[744.26,648.26],[744.26,648.5],[746,648.26],[746,646.26],[747.76,646],[748.5,645.26],[749.5,645],[751.76,643],[751.76,642],[748.76,643],[747.76,644],[745.76,644],[745,643.5],[742.26,643.5],[741.5,643.26],[741,642.26],[741.5,641.5],[743,641.76],[744.76,640.5],[745.26,639],[745.76,639.5],[747.26,639.5],[747.5,638.5],[748,638.26],[748,636.76],[749,635.5],[750.76,634.5],[750.76,634],[752.76,633],[754.5,633],[754.5,633.26],[756.26,633.26],[756.76,632.26],[756.5,631.26],[754.26,629.5],[754.5,627.5],[753.76,626.5],[752.5,626],[751.5,624.76],[751,623.26],[750,622],[750,620.76],[749.26,619.76],[747.26,619],[747,618],[745.76,616.76],[745.26,615],[742.76,613.26],[743.26,613],[745,613.26],[746,614],[748.26,614.26],[748.76,613.76],[750.26,613.5],[750.76,614],[752.26,614],[752.26,613.26],[753.5,613.26],[754,613.76],[756,613.5],[756.5,614.76],[758.26,615.76],[759.26,615.5],[760.76,615.76],[760.76,619.26],[761,620.5],[762,621],[763,621],[764,621.76],[763.76,624.76],[764.76,625.26],[765.76,625.26],[766.76,626],[767.5,626],[768.26,626.76],[770.76,626.76],[770.76,627],[773.76,627],[775,626.5],[776,625.26],[776.5,625.26],[777.5,624],[780.5,624],[781.76,623.26],[783.5,623.26],[784.76,623],[785.26,622.5],[786.26,622.5],[786.26,620.26],[786.76,620.5],[788.26,620],[788.76,619.26],[789.76,618.76],[789.76,618],[788.76,617.5],[789.76,615.76],[791.76,615.5],[792.5,614.76],[795,614.76],[795.26,614.5],[795,612.76],[796.5,612],[796.5,610],[796.76,609.76],[799,609.76],[800,610.26],[802.5,610.26],[803.5,609.5],[804,608.5],[805.26,608],[805.5,609],[806.26,609.76],[808.26,609.76],[808.76,610.5],[808.76,612.5],[810,612.76],[810.5,613.26],[811.5,613.26],[812.5,613.76],[813.76,613.76],[813.76,615.26],[814.5,615.76],[814.5,617.26],[815.76,617],[817,618],[818.76,619],[819,620.5],[820,620.5],[820.5,621],[820.26,622.76],[821.5,623.76],[823,624.5],[823,626],[821.26,626],[821.5,626.5],[821.26,628.26],[819.76,628.5],[817.76,628.26],[817.26,629],[816.26,629],[816,629.5],[818.5,629.5],[818.76,630.26],[819.76,630.26],[820.26,629.76],[823.76,629.76],[823.5,630.5],[823.5,632.5],[823.26,632.5],[823.26,635],[823.76,635.76],[825.76,636],[825.5,637.5],[829.26,637.5],[830,638.26],[829.5,639.5],[828.26,639.5],[828.26,640.26],[830,641.5],[829.76,643.26],[830.26,644.26],[831.26,644],[832.5,644.76],[833,643.76],[833.76,643.76],[834.26,644.5],[834.26,645.5],[833.5,647],[834.26,647.26],[834.26,648.5],[833,650.26],[832.26,650.26],[833,651],[833,652.26],[831.76,653.26],[830,653.5],[830,653],[828.76,652],[827.76,652],[827.76,651],[826.26,650.26],[826,649.26],[824,649.26],[823,648.26],[821,647.5],[820.5,646.5],[818.26,646.5],[817.5,646],[816.5,646],[816.76,647],[816.26,647.5],[815.5,646.5],[812.76,646.5],[812.26,645.76],[810.5,645],[809.76,643.5],[809,643],[808,643],[808,642.26],[807.26,641],[805.5,640],[804.5,640.26],[804.26,641.26],[803.76,640],[802.5,638.76],[800.26,637.76],[800,638.5],[799.26,638.76],[798.5,640.26],[798.5,641.26],[797.76,642.5],[797.76,644.5],[797.26,644.76],[796.76,643.26],[794.5,643.5],[794,644.26],[793.76,643.5],[791.5,643.5],[791.26,644.5],[790,646.5],[790.5,647.26],[789.5,647.26],[789,648.26],[788.26,648.5],[788.5,646.26],[785.5,648],[783.76,648.26],[783,649.26],[782.5,650.76],[781.26,650.76],[780.5,651.76],[779,651.5],[778.76,650],[778,650],[777.76,650.76],[776.5,650.76],[775.26,650],[774.26,648.76],[772.5,648.5],[773.26,649],[774.5,650.76],[775.76,651.26],[777.76,651.5],[778,652.76],[778.5,652.26],[779.5,653],[778.26,656.5],[777,657.76],[776.76,658.5],[775.76,658.5],[775.76,659.76],[775.26,659.5],[775,658.5],[773.26,659.26],[772.76,658.5],[771.26,658.5],[770.76,657],[768.26,657.26],[768,656.5],[767,656.26],[766.76,657.76],[765.26,658.26],[763.5,658.26],[763.76,657.26],[763,657.5],[762,658.5],[761,658.5],[760,657.76],[759.76,659.5],[758.26,659.26],[757.5,660.26],[757,660],[755,660],[754.26,659.76],[753.76,660.76],[751.5,660.76],[751.26,660.26],[749.5,660.26],[748.5,660.5],[747.5,661.26],[745.76,661],[746,661.5],[747.26,662.26],[747.26,663.76],[748.26,664.5],[748.5,666],[749,666.5],[748.5,667.26],[747,668.26],[746.5,669.26],[745,669.26],[744.5,670],[743,670.76],[741.26,672.76],[741.5,674.26],[740.76,675],[741,676],[740,676.76],[740.5,678.26],[740,678.26],[739.5,679.26],[738.5,679.26],[738.5,679.76],[737.5,679.5],[737.26,680],[736.5,679.5],[735.5,679.5],[734.5,680.26],[733.76,679.26],[733,679.76],[733,681],[731.5,681.76],[731.5,682.76],[731,684.76],[729.76,684.26],[729,683.5],[728,683.5],[727.26,682.76],[725.76,682.5],[725.26,682],[725,680.5],[724.26,680],[724.5,678.5],[723.26,678.5],[723,677.76],[721.26,676.5],[721.26,675.26],[720.5,674.5],[720.26,672.26],[719.5,671.26],[718,671.5],[717.5,671],[717.5,670],[716.76,670.5],[714.5,670],[713.76,669],[712.26,668.5],[711.76,668],[711.76,666.26],[711,665.76],[710.76,664.76],[709.5,664],[708.26,663.76],[707.5,663.26],[707,662],[707,661],[706.5,660.76],[706.76,658.26],[706.26,658.26],[706.26,655.76],[706.5,655],[705.76,654.76],[706,653.76]]],[[[730.26,650.26],[729.26,650],[729.26,649],[730,649],[730.26,649.76],[731,649.76],[731,650.5],[730.26,650.26]]],[[[745,588.76],[747.26,588.76],[749.76,589.26],[750.5,588.5],[751.26,588.76],[751.26,589.76],[750.76,590],[750.76,591.26],[750.26,592],[748.76,592],[747.76,591.26],[747,590.26],[746,590.26],[745.26,589.76],[745,588.76]]],[[[741.76,593],[742.26,592],[743.26,592.26],[743.5,592.76],[744.76,593],[745.26,592],[745.76,592.26],[746.5,593.5],[747.26,593.5],[748.76,592.76],[750.26,592.76],[750.5,594.26],[751.5,594.5],[751.76,595],[753.26,595],[753.26,595.5],[754.76,595.5],[754.76,597],[756,597],[757,596.5],[757,597.26],[759.26,598],[759.26,599],[760,598],[761.5,597.5],[761.76,596.5],[759.26,594.5],[758.26,594.26],[758,593.76],[756.5,593.76],[756.26,592.26],[755.76,591.5],[755,591.5],[754.26,590.5],[755,590],[755,589],[757.26,588.76],[757.76,589.5],[758.76,590],[758.76,589.26],[759.5,589],[760.26,590.26],[761.76,590.5],[762,591.26],[763,591.76],[762.5,592.5],[763.5,593],[764,594.26],[765,594.26],[765.76,594.76],[765.26,596],[765.26,597],[766,597.76],[766,599.76],[766.76,599.5],[768.5,599.76],[768.5,601],[767.76,601.5],[767.5,602.76],[768.26,603.76],[770.26,605.26],[770.26,606.76],[768.76,606.76],[767.76,607.76],[765.76,607.76],[764.26,608.26],[763.5,609.26],[763.26,610.26],[762.76,610.26],[761.5,608.26],[759.76,607.76],[759,608.5],[757.76,608.26],[757.76,607.76],[756.76,607.5],[756.26,606.76],[755.76,607.5],[755,607.76],[754.26,607.26],[754,606.5],[753,606.26],[752.76,605.5],[751.5,605.5],[750.76,605],[750.76,604],[749.5,603.26],[749,602.26],[745.5,603],[745,602.5],[744,600.5],[743.26,600.26],[743.26,599.26],[742.26,600],[741.5,599.76],[739.76,599.76],[738.5,598.76],[737.26,598.76],[736.76,596.5],[735.26,596.26],[735.76,595.26],[738,595.5],[738.76,594.76],[740,594.76],[740.76,593.26],[741.76,593]]],[[[744.76,616.26],[745,617],[744.26,617],[744.76,616.26]]],[[[744.76,619.5],[744.5,618],[745.5,618],[745.5,619.26],[746,619.5],[746,620.76],[745,620.26],[744.76,619.5]]],[[[740.26,641.26],[739.5,640.5],[740.5,640.26],[740.76,641],[740.26,641.26]]],[[[737.76,646.5],[737.76,645.26],[738.5,645],[739,645.5],[739,646.5],[738.5,647],[737.76,646.5]]],[[[732.76,650.5],[731.76,650.76],[732.5,650],[732.76,650.5]]],[[[753.26,589.5],[753.76,589],[754.26,590],[753.26,589.5]]],[[[764.76,582],[764.5,581.26],[765.76,581.26],[766,580.76],[768,580.76],[768.76,581.76],[769.76,581.76],[769.76,583],[770.26,583.5],[770.5,585.26],[771.5,585.76],[771.5,588.26],[771.76,589],[770.26,589.5],[770.26,588.76],[769.5,588.5],[769.5,587.26],[768.5,587],[768.5,585.26],[767.76,585.26],[767,584.5],[766,584.5],[765.76,583.5],[765,583.5],[764.76,582]]],[[[769,600.76],[769.5,600.26],[769.76,601],[769,600.76]]],[[[772,607.5],[771,607.26],[771.5,606.5],[772,607.5]]],[[[769.26,608],[769.5,608.5],[768,608.5],[768.5,607.76],[769.26,608]]],[[[825,626],[824,626.26],[823.76,625.26],[825.26,625.26],[825,626]]],[[[831.26,637.5],[830.5,638.26],[830.5,637.5],[831.26,637.5]]],[[[834,643],[834,642.5],[835,642.26],[835,643.5],[834,643.5],[834,643]]]]},"properties":{"id":"k13","key":"k_lorath","name":"Lorath","counties":21,"color":"#e1e9e3","owner":null,"ownerCountryId":null,"notes":""},"id":"k13"},
{"type":"Feature","geometry":{"type":"MultiPolygon","coordinates":[[[[717,1019.26],[716.26,1020.26],[715.76,1021.5],[714,1021.5],[713.26,1020.5],[712.76,1020.76],[711,1020.26],[710.76,1019.26],[708,1018],[707.5,1018.76],[707.5,1019.76],[706.5,1020.26],[704,1020.26],[703.5,1019.5],[701.26,1019.5],[699.5,1020.26],[698.5,1021.5],[698.5,1022.5],[698,1022.76],[696,1022],[695.5,1022.5],[694.5,1022.5],[694.5,1021.5],[693.5,1021],[693.26,1019.76],[693.76,1019.5],[694.26,1017.76],[692.76,1017.76],[692.5,1016.76],[691.26,1018.26],[690.5,1017.76],[689.5,1017.76],[689.5,1016.5],[690,1015.5],[688.76,1014.26],[687.76,1014.26],[687.76,1013.26],[687.26,1013.26],[686.26,1014.5],[684.26,1014.76],[683.26,1014.26],[682.76,1015.26],[681.76,1015],[681.26,1015.76],[680.26,1015.26],[680.26,1013.26],[679.5,1012.26],[678.5,1011.5],[677.76,1012],[677.76,1010.76],[677.26,1010.76],[676.5,1011.76],[675.76,1011.5],[673.26,1011.76],[673,1007.76],[672,1007.76],[672,1007.26],[670.76,1006.26],[670.5,1005.26],[671.5,1004.26],[671,1002.5],[670.26,1002.5],[669.76,1001.5],[668.26,1001.76],[668.5,1001],[669.5,1000.76],[669.76,999.76],[667.76,999.76],[666.26,1000],[666.5,999],[667.26,998.76],[667,997.26],[665.5,997.5],[664.5,996.26],[663.76,996.26],[664,997.76],[663,997.76],[662,997.26],[661.26,997.76],[661,997],[660,997],[659.26,996.5],[657.5,996.5],[656,997.26],[655.76,996.5],[657,994],[656.26,993],[655.5,993],[655.5,991.76],[654.76,990.76],[654,990.76],[652.76,991.76],[652,991.5],[652,990.76],[650.76,990],[650.5,988.76],[649,989.26],[648.26,990],[646.5,989],[645.76,990],[644.5,990],[644,989.5],[644.26,988],[643.76,988.26],[643.5,989.26],[642.26,989.26],[641,990],[639,990.26],[637.76,991.76],[635.5,992],[636,991.26],[636.26,989.5],[635.5,989.26],[635.26,988.5],[634.26,988.5],[634.26,987],[634.76,987],[635.5,986],[635.76,984.26],[634,983],[633.76,980.76],[634,979],[635,978],[634.26,977],[634.26,976],[634.26,975.26],[635,974.5],[635.76,972.26],[635.26,971.76],[635.26,969.76],[636.76,969.5],[637,969],[638.26,968.76],[639.5,969.5],[639.76,970.76],[641,970.26],[641.76,971.76],[643,972.76],[642.76,973.5],[643,975],[644.5,975],[644.5,975.5],[645.5,975.76],[645.76,976.5],[646.76,976.5],[648,974.76],[649.26,975.26],[649.5,977.26],[650.26,977.76],[651.5,977.26],[653,977.26],[653.5,976.26],[654.76,976.26],[656.26,976.76],[656.5,977.26],[658,977],[658.5,976.26],[659.76,976.26],[660.5,977],[661.76,977.5],[661.76,978.5],[662.5,979.5],[663.5,979.76],[665.26,979.76],[666.26,981.26],[666.26,981.76],[667.26,982.5],[667.26,983],[668.5,982.76],[668.5,983.5],[670,984],[670,984.5],[671.76,984.76],[673,983.5],[674.76,984.26],[674.5,985.26],[674,985.5],[673.76,987.26],[672.76,987.76],[672,988.76],[672.26,989.76],[672.26,991.5],[671.5,992],[672,993.76],[673.76,994],[675.26,995.76],[676.26,995.76],[677,995.26],[678.5,995.5],[679.26,995.26],[680,996.5],[681.5,996.76],[681.5,997.26],[683.26,997.26],[684,996.76],[685,996.76],[685.26,996.26],[686,996.76],[687,996.76],[687.26,998],[689.26,998],[689.76,999.26],[690.5,999.26],[691.76,1000.76],[693,1001],[693.5,1000],[695.26,1000],[695.76,999],[696.76,999.76],[698.26,999.76],[699,999.26],[699.26,1000],[700.26,1000],[701.76,998.5],[703.76,998.26],[704.26,998.76],[704.26,997.76],[705,998.26],[707,998.5],[707,997.5],[708.5,996.26],[709.5,996.5],[709.5,997.5],[710.76,998],[711.76,998.76],[711.76,999.76],[711.26,1000],[711.76,1001],[712.26,1001],[711.76,1002],[711.76,1003.5],[712.76,1004.26],[712.76,1005],[711.76,1005.26],[711.76,1006.5],[713.5,1007.5],[715,1007.76],[715.5,1008.26],[715.26,1009.76],[716.26,1010.76],[716.26,1011.5],[717.76,1012.76],[717,1013.26],[718,1014.5],[718,1016.76],[718.5,1017],[718,1017.76],[717,1018.26],[717,1019.26]]],[[[634,990.26],[635,990.26],[634.76,991.76],[633.26,991.76],[632.26,991.26],[632.76,990.5],[634,990.26]]],[[[639,1039.26],[639.26,1038.26],[641,1038.26],[642,1039],[642,1040],[641,1040.76],[639.76,1040.76],[639,1040.26],[639,1039.26]]],[[[638.76,1043.76],[639,1043.26],[640.26,1042.76],[641.76,1042.76],[642.5,1043.5],[644,1043.76],[645.76,1045.5],[647.5,1045.76],[647.76,1045.26],[649,1045.26],[650.26,1046],[651.76,1046],[652.5,1045],[653.5,1045],[654.26,1044],[655.5,1043.76],[655.76,1043.26],[656.76,1043.26],[657.26,1042.26],[658,1041.76],[658,1041],[658.76,1040],[658.76,1039],[659.5,1038.5],[659.26,1037.26],[659.26,1035.26],[658.76,1034.26],[658,1033.76],[657.26,1032.5],[655,1032.5],[655.26,1031.5],[657.5,1031.5],[658.5,1030.76],[660,1030.76],[660.5,1029.76],[660.5,1028.5],[661.76,1028.5],[662.5,1030.5],[664.26,1030.5],[664.76,1029.26],[665.76,1029.26],[666.26,1029.76],[666.26,1031.26],[666.76,1031.5],[669,1031.5],[669.5,1032],[668.26,1034],[668.5,1035.26],[669,1035.5],[669.26,1036.76],[668.76,1037.26],[667,1037],[665.5,1038.5],[665.26,1039.5],[665.26,1042],[665,1042],[665,1045],[664.5,1045],[662.5,1047.5],[661.76,1047.5],[660.26,1049.26],[659.26,1050],[658,1050],[657,1051],[655.5,1051.26],[654,1052.76],[652,1052.76],[651,1053.5],[649,1053.76],[648,1054.26],[647,1055.76],[647,1057.76],[645.76,1058.26],[645.5,1059.26],[644.5,1059.76],[643,1060],[640.5,1060],[639.5,1059.76],[639.26,1059],[639.26,1056.26],[639.5,1055],[640.76,1054.5],[640.76,1052.76],[640,1051.76],[639.5,1049.5],[638.5,1049],[638.5,1047.26],[638,1046.5],[638,1044.76],[638.76,1043.76]]],[[[647.76,991.26],[648.76,990.5],[648.76,991.26],[647.76,991.26]]],[[[642.76,1038.5],[643.26,1037.76],[644,1037.76],[644.26,1037],[646.26,1037],[648.26,1035.76],[651,1035.5],[651.5,1033.76],[652.76,1032.76],[653.26,1033.76],[652,1035],[652,1035.76],[653.26,1036.5],[653,1039],[652.26,1039.5],[649.5,1039.5],[649.5,1039.26],[646.26,1039.26],[646.26,1039.5],[644.26,1039.5],[642.76,1038.5]]],[[[646.5,1064],[647.76,1064],[647.76,1063.5],[649,1063],[649.76,1062.26],[649.76,1060.76],[650.26,1060.26],[650.5,1059],[651.5,1058.5],[651.5,1056.5],[653,1056],[653.76,1055],[654.76,1054.76],[654.76,1056.26],[655.26,1056.26],[655.26,1057.26],[656.76,1057.26],[657.76,1058.26],[657.5,1060],[655,1061],[654.76,1061.76],[655,1063.76],[654.5,1064],[652.76,1066],[651.26,1066],[650,1066.5],[646.76,1066.5],[646.26,1065.5],[646.5,1064]]],[[[656.76,1037.26],[657,1037.76],[658.26,1037.76],[658.5,1039.26],[657.5,1040.76],[657.26,1041.76],[655.5,1041.76],[653.5,1040.76],[653.5,1038.26],[654,1038.26],[654,1037.26],[654.5,1037],[656.76,1037.26]]],[[[658,1029.76],[659,1029],[660,1029],[659.5,1030.5],[657.26,1030.5],[657.26,1029.76],[658,1029.76]]],[[[666.26,1044],[665.5,1044],[665.76,1043],[666.5,1043],[666.26,1044]]],[[[694.26,1022.76],[693.26,1023],[694,1022],[694.26,1022.76]]],[[[702.76,1020.76],[701.5,1020.76],[702.26,1020],[703.26,1020.26],[703.5,1020.76],[704.5,1020.76],[704.5,1021.26],[702.76,1020.76]]],[[[705.76,1021.26],[704.76,1021.76],[705,1021],[705.76,1021.26]]]]},"properties":{"id":"k14","key":"k_lys","name":"Lys","counties":12,"color":"#dae6e2","owner":null,"ownerCountryId":null,"notes":""},"id":"k14"},
{"type":"Feature","geometry":{"type":"MultiPolygon","coordinates":[[[[736.26,957.5],[738.5,955.76],[738.5,954.26],[738,954],[738,952.76],[738.76,952],[738.76,951],[738,950.5],[737.76,949.5],[739,948.5],[739.26,946.76],[738,946],[737.5,944.5],[737.5,943.5],[737,943.5],[736.5,944.5],[734.26,944.5],[733,944.76],[732.5,945.5],[729.5,945.5],[729,946.76],[727.5,946.76],[726.5,947.5],[724.76,947.5],[724.26,947],[723,947],[722,947.5],[722.26,948],[721.26,948],[721,947.26],[720,947],[719.76,945.26],[719.26,945.26],[719.76,943.76],[718.26,943.5],[717.76,942],[716.76,942.26],[716.26,943],[715.26,943],[714.26,942.5],[713.5,944],[712.76,944.5],[712.76,945.26],[711.76,945.26],[710.26,947],[709.26,947.26],[709.26,946.76],[707.5,946.5],[707.26,945],[706.5,944.76],[707,944.26],[706.76,943.26],[707.26,943.26],[708,942.26],[707.26,942],[707.76,941],[707.5,939.76],[706.26,939.5],[705.5,938.26],[704.5,938],[702,941],[701.26,941],[701,942.26],[698.76,942],[698.76,942.5],[697.76,942.26],[697.5,941.5],[696.5,941],[693.76,941.26],[693.5,940.5],[692,940.5],[690.76,941],[690.76,940.5],[689.76,940.5],[688.76,941],[688.5,943],[686.76,943.5],[686.76,944.5],[686,945],[684.26,945],[683.5,944],[681.76,944],[681.26,943.5],[681.5,941.5],[680.76,941.26],[680,940],[680.5,940],[680.76,938.76],[681,938.76],[681.26,938.76],[681.26,938.26],[682.76,937],[683.26,936.26],[683.76,933.26],[684.26,933],[683.5,932.5],[683.5,931],[684.26,931],[684.26,929.76],[686,929.76],[687.26,928.76],[686.76,926.26],[688.5,926.26],[689.26,926],[689.5,925],[690.26,924.76],[690.76,923.26],[691.5,923],[692,921],[693,920.5],[694.26,920.5],[694.5,919],[694,918.76],[694.5,917.76],[693.5,917.5],[693.5,917],[695.5,916.5],[695.5,915.26],[696.5,915.5],[695.76,914.5],[695.5,912.76],[696.26,913],[697.76,912.76],[697.76,911],[699,910.76],[699,909.5],[696.76,908.26],[696.76,907.26],[696,906.5],[696.26,905.76],[696,904.76],[695.26,904.5],[694.5,903.5],[694.5,902.5],[696,901.5],[696,900.76],[695.26,900],[694,901],[693,901],[692.26,900.26],[690.5,900.26],[690,900.76],[688.26,901],[688.76,899.5],[687.26,898],[687.26,896.76],[688.5,896.5],[690,895.5],[690.76,895.5],[690.5,893.26],[691,892.76],[691,891.76],[690.5,891.5],[690.5,889.76],[690.76,889.5],[693.26,889.76],[693.5,888.26],[693,887],[695,885.5],[696.5,885.5],[697.5,883.76],[698.76,883.26],[699,882.26],[697.5,882.26],[696,881.5],[695.76,880.26],[695,880],[695,877.76],[695.5,876.26],[697.5,876.5],[698.5,875],[698.26,874.26],[699.26,874.26],[699.76,873],[700.26,870.26],[701.5,870],[702.26,869.5],[702,869],[703.76,869],[704.26,868.26],[705.5,868.26],[705.26,867.76],[705.5,866.5],[705.5,864.76],[705,864.76],[705.5,863.5],[705.5,861.76],[705.76,861.26],[707.5,861],[707.76,860.26],[710,859.76],[710.26,858],[711.5,858.26],[711.76,857.76],[713.5,857.26],[713.76,856.5],[714.5,856],[714.5,852],[714.76,851.26],[716.26,849],[716.26,847.5],[716.76,846.76],[718.76,845.76],[718.76,843.76],[717.76,842.26],[718.5,841.5],[718.5,840.5],[719,839.76],[719,836.26],[718.26,834.76],[718.5,834],[719.5,833.5],[719.5,832],[720.26,832],[720.76,830.76],[720,830],[720,827.5],[721,826],[723,826.26],[723.26,826.76],[725,826.5],[725,825],[725.76,825],[725.76,824.26],[724.76,823.76],[724.26,822.5],[725.26,821.5],[726.76,821.5],[726.76,819.76],[728,819.5],[728,818],[729.26,818.26],[729.76,817.5],[732,815.26],[732.26,813.76],[733,813.26],[733,814.5],[734.76,815.76],[735.5,816.76],[738,816.76],[739.76,818],[741.26,818.5],[742.26,818.5],[743,819],[743,820.76],[743.26,821.5],[744.5,821.76],[745.26,821],[747,821.26],[747,821.76],[752.26,821.76],[753.76,822.76],[754.5,824],[756,823.5],[756,822.26],[757.26,822.5],[758,824.26],[759,825],[760.5,825],[761.26,826],[761,828.5],[759.76,830],[760.76,830.26],[761.26,831.26],[761.26,832.26],[762,833],[762.26,834.26],[761.76,834.76],[761.76,835.76],[760.76,836.26],[760.76,837.26],[761.26,837.5],[761.5,838.5],[762,838.76],[762,839.76],[763,840.26],[763,841.26],[762,842],[761.76,843.26],[762.5,843.76],[763,845],[761.76,846],[761.76,848],[761.5,849.26],[763,849.5],[762.26,851],[762.26,854.5],[763,854.76],[763.5,855.5],[764.76,856.26],[765.5,857.76],[765.76,859.26],[766.5,860],[765.76,861.26],[767.26,862],[767.26,863.26],[767.76,864],[769,865],[769,866.26],[770,866.5],[770,870],[769.5,871.26],[770.26,872.26],[772,872.26],[773,873.5],[773,874.5],[773.76,875.26],[773,875.26],[772.26,875.76],[772.5,876.5],[771.76,877.76],[771,878],[768.76,878],[767.76,877.5],[767.26,878.26],[765.5,878.76],[764.5,880.5],[763.5,881],[762.76,883],[762.26,883],[761,884.76],[761.26,885.5],[761.5,888],[761,888.26],[760.76,889.5],[761.5,890.5],[760.26,891.5],[759.5,891.5],[759.76,893.26],[761.5,893.5],[761.76,895],[762.76,895.5],[763,896.5],[764,898],[765.76,898],[766.76,898.26],[767.26,899.5],[769,899.76],[769.5,901.5],[770.26,903.26],[770.26,905.76],[770.76,905.76],[770.76,908.26],[771,909.26],[770.5,910],[770.5,915.26],[769.76,915.26],[770.26,917],[770.26,920.5],[770,921.5],[769.5,921.76],[769.5,922.76],[770.76,922],[772,923.26],[772,924],[772.76,924.5],[773.26,925.5],[772.5,925.76],[772.26,927.76],[770.26,928],[770.5,928.76],[769.5,929.5],[769,930.5],[769.76,930.5],[770.26,931.26],[770.76,933],[771.26,933.26],[771.5,935.26],[772.26,936.26],[772.26,937],[773,937.26],[773.5,938.76],[774.26,939.26],[774.26,941],[774,942.76],[773.5,943.26],[775,943.26],[775.5,944.26],[776.26,944.26],[776.5,945],[777.76,945.76],[777.76,946.76],[778.5,947.26],[778.76,948.26],[778,948.76],[777,951.5],[776.26,951.76],[775.76,951],[775.26,951.26],[775.26,953.5],[775.76,954.26],[775.5,955.5],[776,956],[776,957.5],[775,958.26],[774.5,957.5],[773.26,957.76],[773,958.5],[772,959.26],[771,959.26],[770.5,960.26],[771.26,960.5],[769.76,961.26],[767,961.26],[766.26,960.5],[764.26,960.5],[763.5,960],[762.5,960],[762,960.5],[758.76,960.5],[757.5,960.76],[757,961.5],[756.26,961.26],[755.26,961.5],[753.26,961.5],[752.26,961],[752.26,960],[751,959.76],[750.5,960.26],[749.5,960.26],[748.76,959.76],[748.5,959.76],[748,959],[747,958.76],[746.26,959.26],[745.5,960.76],[744.26,960.5],[744.26,961.5],[743,961.5],[742.26,961],[742,959.5],[741,959.26],[740.26,959.5],[739.26,958.76],[737.26,959],[736.5,958.5],[736.26,957.5]]],[[[694.76,881.26],[694.26,881.26],[694.76,880.26],[694.76,881.26]]],[[[686.76,896.76],[686,897.26],[686.26,896.5],[686.76,896.76]]],[[[684.26,899.76],[684.76,899.76],[685.5,898.76],[686,899],[686.26,900.26],[685.76,901],[683.76,901],[684.26,899.76]]],[[[687,901.26],[686.5,900.76],[687.26,900.5],[687,901.26]]],[[[685.26,902.5],[684.76,902.76],[684.76,901.76],[685.5,901.5],[685.76,902.26],[685.26,902.5]]]]},"properties":{"id":"k15","key":"k_myr","name":"Myr","counties":31,"color":"#e8e3df","owner":null,"ownerCountryId":null,"notes":""},"id":"k15"},
{"type":"Feature","geometry":{"type":"MultiPolygon","coordinates":[[[[1175.76,947.26],[1175.76,949.26],[1175.26,949.5],[1175.26,950.5],[1175.76,950.76],[1175.26,951.5],[1174,951.5],[1174.26,953.76],[1173.76,954.26],[1174.5,954.5],[1174.5,955.26],[1173.26,955.76],[1173.26,956.5],[1174.5,957.5],[1175,958.76],[1176.26,958.76],[1176.26,959.5],[1177.26,960],[1177,962],[1178,962],[1178.26,963.76],[1177.26,964],[1177.26,965],[1178,965.26],[1178,966.5],[1178.76,967.5],[1179.76,967.5],[1180,969],[1179.5,969],[1179.26,970],[1177.5,970.5],[1178,971.5],[1178,973.5],[1179,974.26],[1179,975.26],[1179.5,975.5],[1180,976.76],[1180,977.76],[1179.5,978],[1180,979],[1180,980.26],[1179,980.26],[1177.76,981.5],[1178,982.76],[1177.5,983.5],[1176,984.5],[1176,985.26],[1174.5,986.76],[1172.26,986.5],[1172.5,985.5],[1171.5,984.76],[1170.5,984.76],[1169.5,986],[1169.76,987],[1168.76,986.5],[1167.26,986.5],[1166.76,987.26],[1167,988.26],[1167.5,988.5],[1167.5,989.5],[1167,989.76],[1167.26,990.5],[1167,992],[1165,991.76],[1163.76,990.26],[1162.26,992.76],[1161.5,992.76],[1160,993.76],[1158,993.76],[1157.26,995.5],[1156.26,996],[1156,996.76],[1154.5,997],[1154.26,996.5],[1154.5,994.26],[1153.76,993.26],[1152.76,993],[1152.5,992.5],[1150.5,991.76],[1150,990.5],[1150,987.76],[1149.5,987.26],[1149.5,986],[1151,984.76],[1151,983.26],[1150.5,983],[1150.5,981.5],[1152.26,980.5],[1152.26,979.5],[1151,979.5],[1150,981],[1148.76,981.26],[1147.76,982.5],[1146.5,983],[1145.5,982.76],[1145,983.5],[1144.26,983.26],[1142,984],[1140.76,986.26],[1138.5,986.26],[1137.5,986.76],[1137.5,987.26],[1135.26,988.5],[1135.5,989.76],[1134.5,990.5],[1132.76,990.76],[1131.76,991.26],[1132,992.5],[1131,992.76],[1131.26,993.76],[1129.26,993.76],[1128.76,994.76],[1127.76,995.26],[1127.5,996.76],[1128,998],[1129,999],[1129,1000.26],[1128,1000.76],[1128.26,1002.5],[1127.5,1003.26],[1126,1003.5],[1123,1003.5],[1122.5,1004],[1122.5,1005],[1123,1006.26],[1121.5,1006.76],[1121.76,1009],[1122.26,1009.76],[1122.26,1011],[1121.26,1011.26],[1119,1011.26],[1117.26,1013.26],[1116.26,1013.76],[1115,1013.76],[1114.5,1014.26],[1113.5,1014.26],[1112.76,1015.26],[1112.76,1016],[1111.76,1015.5],[1110.76,1016.76],[1110.26,1016.76],[1109.76,1017.76],[1110.5,1017.76],[1111,1018.76],[1109.76,1018.76],[1109.26,1019.5],[1106.5,1020.76],[1106.76,1022.26],[1106,1022.76],[1106.26,1024.26],[1104.26,1024.5],[1103.26,1026.5],[1102,1027],[1101,1027],[1101,1028],[1098.5,1028.26],[1098,1029.26],[1097,1030],[1096.5,1031.26],[1096.76,1033.76],[1096,1035],[1095.26,1035],[1094.76,1036],[1094,1036],[1093.76,1036.76],[1092.26,1037.5],[1091.5,1038.76],[1090.26,1038.76],[1089,1039.26],[1089.5,1040],[1089.5,1041.26],[1090,1041.5],[1089.5,1042.26],[1088.5,1042.76],[1087.76,1044.26],[1089,1045.26],[1089,1046.5],[1087.26,1046.5],[1087.26,1047],[1085.76,1047.26],[1085.76,1048.5],[1084.26,1048.76],[1084,1049.5],[1083,1050],[1082.5,1049.26],[1081.5,1049],[1080,1050],[1080,1051.5],[1079.5,1051.5],[1078.76,1052.5],[1078.76,1053.5],[1077.26,1053.5],[1076.76,1053],[1075.26,1053],[1075,1051.76],[1075.76,1050.5],[1077,1049.76],[1077.26,1048],[1076.76,1047.26],[1075.26,1046.26],[1075.26,1045],[1076.5,1044.76],[1077,1044.26],[1079,1044.5],[1078.76,1043.5],[1080.26,1041.5],[1081.5,1041.26],[1081.5,1040],[1082,1039.26],[1080.5,1039.5],[1080.76,1037.76],[1081.26,1037.5],[1081,1036.26],[1081.76,1035.76],[1081,1035],[1080.5,1035.5],[1079.5,1035.5],[1079.5,1035],[1078.5,1034.76],[1076.5,1034.76],[1075.26,1034.5],[1075.76,1033.5],[1075.26,1032.26],[1073.76,1031.5],[1072.26,1032],[1072.26,1030.26],[1072,1029.76],[1071,1030.26],[1069.5,1030.5],[1068,1031.5],[1065.76,1032.26],[1065.5,1033.5],[1063.5,1033.5],[1062.26,1033.26],[1061.76,1034],[1059.76,1035],[1058.76,1035],[1058,1035.5],[1053.76,1035.5],[1053.26,1036.76],[1052.5,1037.26],[1050.5,1037.26],[1049.26,1036.76],[1049.26,1037.5],[1048.26,1037.26],[1047.76,1038],[1046.26,1037.76],[1045.5,1038.5],[1044.76,1037.26],[1044,1037.76],[1043,1037.5],[1043.26,1035.76],[1042.76,1035.5],[1043.26,1034.5],[1042.26,1034.5],[1041.5,1033.26],[1040,1033.26],[1040,1032.26],[1038.5,1032.26],[1038.5,1031.26],[1036.26,1031.5],[1035.76,1031],[1035.5,1032],[1034.26,1032],[1033.76,1031.5],[1034.26,1030.5],[1034,1029.76],[1032.5,1029],[1032.5,1027.76],[1033.76,1027.26],[1033.76,1025.76],[1033,1025.26],[1031.5,1025.26],[1031.26,1024.5],[1031.5,1023],[1030.26,1022],[1031.26,1020.76],[1032.26,1020],[1030.5,1020],[1028.76,1019],[1026.5,1019.26],[1026,1020.76],[1025,1021.26],[1022.26,1021.26],[1022.26,1021.5],[1020.5,1021.5],[1020.26,1022.26],[1019.26,1023.26],[1019.26,1024.76],[1018,1025.5],[1017,1025.76],[1015.76,1025.5],[1013.26,1025.5],[1012.26,1026],[1012.26,1027.26],[1012.76,1027.5],[1012.5,1028.5],[1011,1028.5],[1010.76,1030],[1010.26,1030.5],[1008.5,1030.5],[1008,1031],[1006.76,1031.26],[1006,1032.26],[1006,1033],[1004,1034.76],[1003,1036.26],[1001,1036.5],[1000.5,1035],[997.76,1035],[996.76,1033.76],[996.76,1036.76],[997.26,1037.26],[998.76,1037.76],[998.76,1038.76],[997.76,1039.76],[997.5,1041],[996.5,1040.76],[996.26,1040.26],[995,1040.5],[995,1041.76],[996,1042.5],[995.5,1043.76],[995.5,1045],[994.76,1044.5],[993.26,1044.76],[993.26,1044.26],[992.26,1043.5],[992.5,1042.5],[991.76,1042],[991,1043],[990.26,1043],[990,1042],[988.5,1042.5],[987.5,1040.76],[987,1041.5],[985.76,1042.26],[984.26,1042.5],[983.5,1042],[983.5,1044],[982.76,1044.5],[982.76,1045.5],[983.5,1046.5],[985,1046.26],[985.76,1047],[985.76,1048.26],[985,1049],[985,1051.26],[986.76,1050.76],[986.76,1052],[988.26,1052.26],[989,1053.26],[989,1054.76],[985.76,1054.76],[985.26,1055],[984.76,1056.5],[986.5,1058.5],[984.76,1059],[983.5,1059],[982.26,1060],[982,1060.76],[982.26,1062],[981.5,1062.5],[980.26,1062.5],[979,1063.76],[979,1065],[978.5,1065.26],[975.76,1065.76],[974.26,1067.26],[973.76,1068.5],[974.26,1069.5],[973.5,1070.5],[973,1070.5],[972.26,1071.5],[970.76,1072.5],[970.26,1074.26],[968.76,1076],[968.26,1076.26],[967.5,1076],[965.5,1076],[964.5,1077.26],[963.5,1077.5],[963,1076.76],[962,1076.5],[961.76,1076],[960,1074.76],[960,1074],[959,1074.5],[957.26,1074.5],[956,1074],[956,1072],[954.76,1071.5],[955.26,1070],[956,1069.76],[956,1068],[955.5,1067.5],[955.5,1066.26],[954.5,1065.76],[954.5,1065],[953.5,1064.76],[953.26,1064.26],[951.26,1063.5],[951.5,1062.26],[953,1060.5],[952,1059.76],[952,1059],[953.26,1059],[953.26,1058],[952,1058],[952.26,1056.26],[953.26,1056.26],[954,1054.76],[955,1054.76],[955.76,1054.26],[956,1053],[957.5,1052.76],[957,1051.76],[957,1050.5],[956.5,1050.26],[956.26,1049.26],[955.26,1049.76],[954.26,1049.76],[953.76,1049],[953.76,1048],[954.26,1048],[954,1046.76],[955,1046.5],[956.26,1045.26],[956.26,1044],[957.26,1044],[958.26,1042.76],[958.26,1042],[959.5,1042],[959.76,1042.5],[960.76,1042.26],[960.76,1041],[961.5,1040.5],[961.5,1037.5],[962,1036.76],[960.76,1036],[960.76,1035.26],[959.26,1034.5],[958.76,1033.5],[957.5,1033.26],[957.5,1030.76],[958,1029.5],[958,1027.76],[957.26,1027.76],[957.26,1026.26],[956.5,1026],[956.5,1025],[957.5,1024.26],[957.5,1023.26],[958.26,1022],[957,1021.26],[957,1020.26],[958.5,1018.76],[958.5,1017],[959.76,1016.26],[960.76,1016.5],[961.76,1015.76],[962,1014.5],[960.5,1013.76],[960.26,1012.5],[961,1011.76],[960.76,1010.76],[961.26,1010.5],[960.76,1008.76],[961.5,1008],[962.5,1008],[963,1007.5],[963.26,1006],[964.76,1006.26],[966,1007.5],[967.5,1007.26],[967.5,1006.76],[968.76,1006.26],[968.26,1004],[969,1003.5],[969,1002.76],[970.26,1002.76],[970.5,1000.76],[972,1001],[972.26,1000.26],[971.76,999.26],[972.5,999.26],[972.76,997.76],[972,997.5],[972,996],[970.76,995.26],[970.76,994.5],[971.5,993.5],[972.5,993],[972.5,992],[973.26,992.5],[974.26,992.5],[975,991.5],[975.5,991.76],[976.76,991.5],[976.76,989.26],[978.76,988.26],[978.5,986.5],[977,986.5],[976.5,985.76],[976.5,984.5],[976,983.26],[975.5,983.5],[973.76,983.26],[973.5,982.5],[972.26,983],[970.76,982.5],[970.26,981.5],[968.26,981.26],[968.76,980],[968,979],[967.26,979],[966.76,977.76],[967.5,977.26],[967.5,976.26],[966.76,976],[966.76,974],[968,974],[968.26,973],[969.26,972.76],[969.76,971.76],[971.76,971.76],[972,970.76],[971.26,970.5],[971.26,969.76],[969.5,970],[969.26,969],[970.26,968.76],[970.26,967.26],[970.76,966],[971.76,965.76],[973,964.5],[973.76,964.5],[974.26,963.76],[975.5,963],[975.5,962.5],[976.76,962.5],[977.26,962.5],[979.26,961],[980,961],[980.26,960.26],[981.26,960.5],[983.26,960.5],[983.5,960],[987,959.26],[987.76,958.76],[988.76,958.76],[989.5,958.26],[991.26,958],[993,955.76],[994,955.26],[996.5,955.26],[997,954.76],[999.76,954.76],[1000.5,954],[1001.5,954],[1001.76,953.5],[1002.76,953.5],[1003,953],[1006.76,953],[1006.76,952.76],[1009,952.76],[1010.5,953.5],[1010.5,956],[1009.76,957.5],[1009.76,958.26],[1008.26,960],[1008,961],[1005.5,963],[1004.76,964],[1004.76,965.26],[1004.26,965.76],[1004,967.26],[1002,969.76],[1001,972.26],[1000.26,973.26],[999,974.26],[998.26,975.76],[997.26,976.5],[997.26,977],[995.76,978.26],[995.26,979.5],[992.5,982],[992.5,982.5],[991.26,983.76],[991,984.76],[990.26,985.26],[990,986.26],[989.26,987.26],[990.26,987.26],[991.76,985],[993,984],[993.76,982.26],[994.26,982.26],[995.76,980.5],[996.26,980.5],[1000.5,976],[1001.76,973],[1002.26,972.76],[1002.5,971.76],[1004,970.5],[1006,968],[1008,966.5],[1008.5,965.26],[1009.26,964.76],[1010,961.26],[1010.5,960.26],[1011.76,959.26],[1012.26,958],[1013.26,957],[1014.26,957],[1014.5,957.76],[1014.5,962.76],[1013.26,965.5],[1013.26,967],[1012.76,967.76],[1012.76,969.5],[1013.5,970],[1013.76,970.76],[1013.76,973],[1014.5,973.5],[1014.26,974.26],[1014.26,976.76],[1013,978.5],[1013,979.26],[1014.76,981.76],[1014.5,984],[1014,984.26],[1014.26,985.5],[1014.26,987.26],[1013,988.26],[1012.76,989],[1011.76,989.26],[1011.26,990.5],[1013.26,989.5],[1014,988.5],[1016,987.26],[1016,986.76],[1017.26,987.5],[1017.76,988.5],[1019.26,989.26],[1021,991.26],[1021.26,993.5],[1021.76,996],[1022.5,997.5],[1023.76,997.76],[1023.76,998.26],[1024.76,998],[1023.76,996.76],[1023.5,995.76],[1023,995.5],[1022.76,994],[1022.76,990.5],[1021.5,989.5],[1021.5,989],[1019.26,987],[1019.26,986.5],[1018,985.76],[1018,985.26],[1019.76,985.26],[1019.5,984.5],[1018.5,984],[1017.26,982.5],[1017,981.76],[1017,979.5],[1017.76,978.76],[1017.26,976],[1015.5,973],[1015.5,969.5],[1014.5,968],[1014.5,966],[1015.76,963.26],[1015.76,962],[1016.76,960.26],[1016.76,957.26],[1015.76,955.76],[1015.76,954.5],[1017.26,953],[1018.5,952.5],[1019.5,951.26],[1020.76,951],[1021.76,950.26],[1022,949.26],[1023.76,947.26],[1023.76,946.5],[1025.26,945.76],[1026.76,944],[1028.26,943.5],[1029.26,942.76],[1030.76,942.76],[1032,942],[1037.5,942],[1037.5,941.76],[1041.26,941.76],[1041.76,942.26],[1041.5,943.5],[1040.5,944.26],[1040,946.76],[1038.76,948],[1037.76,950],[1036.76,951],[1036.76,953],[1037.5,954],[1037.5,954.76],[1038.26,955.76],[1038.76,957.76],[1040,959.26],[1040.26,961],[1041,962],[1042.5,962.76],[1044,965.26],[1045.5,966.5],[1045.76,967.76],[1046.76,969.5],[1047.76,970],[1049.26,971.76],[1049.5,971.76],[1049.5,973.76],[1049,974.76],[1048.76,976.76],[1047.5,978.5],[1047.26,980],[1046.26,981.76],[1046.26,983.5],[1045.5,985],[1045.5,986],[1045,987.5],[1046.5,989.5],[1046.5,988],[1047.26,987.5],[1047.26,982],[1048,981.26],[1048,980.5],[1049.26,979.5],[1049.5,978],[1050.5,976.76],[1050.76,975.76],[1051.76,975.76],[1053.5,977.76],[1053.5,978.5],[1054.26,979.26],[1054.26,980.5],[1053.26,981.76],[1054.26,981.5],[1054.26,982.26],[1055,982.5],[1055,978.26],[1054.5,978],[1054.26,976.26],[1054,976.26],[1054,971.76],[1053.26,971],[1052.5,971],[1051.5,970.26],[1050.76,970.26],[1050,969],[1049,968.26],[1048.26,967.26],[1047.5,965.5],[1045.76,964],[1044.5,962.26],[1041.5,959.5],[1041.26,958.5],[1040,957],[1039.76,955],[1038.76,954],[1038.76,952.5],[1039.76,951.5],[1040,950.5],[1040.76,950],[1040.76,949.26],[1041.5,948.5],[1042,946.26],[1044.5,942.26],[1044.5,941.76],[1046.26,940.76],[1046.76,940],[1046.76,939],[1047.26,938.26],[1048.76,937],[1049.5,936.76],[1051,935.26],[1053.76,935],[1055.76,934],[1056.5,933],[1058.76,932],[1059.76,929.5],[1060.76,928.5],[1060.76,928],[1062.5,926.5],[1064.5,926.5],[1065,927],[1067.76,927],[1069.76,928.26],[1070.76,928.26],[1071.26,929.5],[1075,929.5],[1075.76,930],[1076,932.76],[1075,933.76],[1074.76,935.5],[1074.26,936.76],[1073.5,937.5],[1073.26,938.76],[1072.76,939],[1072.5,941.5],[1072,941.76],[1071.76,942.76],[1070.5,943.76],[1069.5,945.5],[1069.5,949],[1070.5,948.76],[1071,948],[1071.76,947.76],[1072,945.76],[1072.5,945.26],[1072.5,944.26],[1073,943.76],[1073,940.76],[1073.26,939.5],[1075.5,936.5],[1075.76,935.5],[1077.26,933.76],[1077.5,932.76],[1079,932],[1079.26,929.76],[1080.5,929.5],[1081.5,928.76],[1084.76,928.76],[1085.5,929],[1086.26,928.26],[1087.76,928.26],[1089,929],[1090,929.26],[1092.5,929.26],[1093.76,928.76],[1095.76,928.76],[1096.76,929.76],[1097.76,929.76],[1099.26,930.76],[1100,930.76],[1102.26,932],[1102.5,933.26],[1102,934.26],[1102,935.26],[1101.26,936.26],[1101.26,937],[1100.5,937.5],[1101,939],[1101,940.76],[1100.76,941.76],[1100,942.5],[1099.76,943.76],[1098,945.26],[1097.26,947.26],[1096.76,947.5],[1096.5,948.5],[1095.5,949],[1095.26,951],[1094.76,951],[1094,952],[1094,953.26],[1093.5,954.5],[1092.76,955.26],[1092.5,956.5],[1092.5,960.5],[1092,960.76],[1091.76,961.76],[1092.26,962.26],[1092.26,963.76],[1093,965.5],[1093,968.5],[1093.76,969.5],[1093.76,971],[1095.76,972.5],[1096,973.76],[1097.5,975],[1098.26,976.76],[1099.76,978.5],[1099.76,979.76],[1100.26,980.76],[1100.26,984],[1099.76,985],[1099.76,986.5],[1099,987.26],[1098.26,987.26],[1097.5,988.5],[1097,988.76],[1097,989.76],[1096.26,990],[1095.26,991.26],[1094.76,991.26],[1093.76,992.76],[1091.26,994.76],[1090.76,995.5],[1089.76,995.5],[1089.26,996],[1088.26,996],[1087.5,996.76],[1086.76,996.76],[1084.26,998.26],[1083.76,999],[1082.5,999.26],[1081.76,999.76],[1080.76,1001],[1079.5,1001.5],[1077.76,1001.5],[1077.76,1001.26],[1075,1001.26],[1074,1001.76],[1072.26,1004],[1073.26,1003.76],[1074.5,1002.76],[1077.76,1002.76],[1079,1004.5],[1078.76,1006],[1077.5,1006.76],[1077.26,1007.26],[1075.5,1008],[1076.26,1010.26],[1075.26,1011.26],[1074.76,1012.26],[1074.76,1014],[1074.5,1014],[1074.5,1015.76],[1074,1016.76],[1074,1017.76],[1074.76,1017.76],[1075.5,1016.76],[1076,1015.26],[1076.26,1012.76],[1078,1010.76],[1078,1010.26],[1079.26,1009.26],[1079.26,1008.5],[1080.5,1006.76],[1080.76,1005.76],[1081.5,1005],[1081.5,1003.5],[1082,1002],[1082.76,1001],[1084.76,999.5],[1085.26,998.76],[1086.26,998.5],[1087.26,997.5],[1088.5,997],[1091.5,996.26],[1092,995.5],[1093.26,995.26],[1094.76,993],[1096,992],[1096.76,990.5],[1097.26,990.5],[1098,989.5],[1099.76,988.76],[1100.26,987],[1101,986],[1101,984],[1101.26,984],[1101.26,982.26],[1101.76,980.76],[1100.76,979.5],[1100,977.26],[1099.5,976.76],[1099.26,975],[1098.26,974.26],[1098.26,973.5],[1096.76,972],[1096.76,971.26],[1095.76,969.76],[1095.26,969.76],[1095,968.5],[1094.5,968.26],[1094.5,967.26],[1094,966.5],[1094.26,964.26],[1093.76,963.5],[1093.76,960.76],[1094,959.76],[1094.76,959.26],[1094.76,958.26],[1095.26,958],[1095.5,956.5],[1096.5,954.76],[1098.26,953.26],[1098.5,951.26],[1098,950.76],[1098,948.76],[1098.5,947],[1099.26,947],[1099.5,947.76],[1100.76,948],[1102,947.5],[1103.76,948.5],[1105.26,948.26],[1106,948.5],[1106,949.26],[1107.26,949.26],[1108.26,948],[1109.26,948],[1109.26,948.76],[1110.26,948.76],[1109.76,949.26],[1110.26,950.76],[1109.76,952.5],[1110.26,953.5],[1111,953.76],[1111.5,956],[1112,956.5],[1112,957.5],[1112.76,958.5],[1112.76,959.26],[1114.26,961.76],[1114.26,962.76],[1115.5,963.76],[1116.26,965],[1116.26,965.76],[1117.26,967.5],[1118.26,967.76],[1119.5,969.5],[1120.5,969.5],[1120.5,968.26],[1118.76,966.76],[1118,966.5],[1117,965],[1116.5,964.76],[1116.5,963.26],[1115.76,962.5],[1115.26,960.76],[1114.76,960.26],[1114.26,957.76],[1113.5,957.26],[1113.26,956],[1113.76,955.5],[1114.76,955.76],[1124,955.76],[1124.26,956.26],[1126,956.5],[1126,956.76],[1130.26,956.76],[1130.5,956.26],[1131.5,956.26],[1132.26,955.76],[1133.5,955.76],[1134,955.26],[1135.76,955.26],[1136.26,954.76],[1139.26,954.76],[1139.5,954.26],[1141.76,954],[1142.76,955],[1143.76,955.26],[1144,955.76],[1147.76,956.5],[1148.26,957],[1150,956.76],[1150.26,956.26],[1152.26,955.5],[1153,954.5],[1154.5,954.26],[1156.26,953.26],[1157.26,952],[1158.5,951.26],[1159.5,951.26],[1162.26,949.76],[1164.76,949],[1166.76,949],[1168.26,948.26],[1169.5,948.26],[1170,947.76],[1171,947.76],[1171.5,947.26],[1173,947],[1173.5,947.5],[1175.76,947.26]]],[[[956,1074.5],[956.26,1075],[955.26,1075],[955.26,1074],[956,1074.5]]],[[[1075.76,1055.5],[1076.26,1054.26],[1077.26,1054.26],[1078,1055],[1077.5,1057.5],[1075.5,1057.26],[1076,1056.26],[1075.76,1055.5]]],[[[1152.26,995.26],[1152.26,994],[1153,994],[1153.76,994.76],[1153.5,996.76],[1152.5,997],[1152,996],[1152.26,995.26]]],[[[1173.76,988.26],[1172.5,988.26],[1172.76,987],[1173.5,987],[1173.76,988.26]]],[[[1166.76,993],[1166.76,993.76],[1165.26,993.5],[1165,992.76],[1166.76,992.76],[1166.76,993]]],[[[1166.76,996],[1165.76,996.26],[1166,995],[1167,995],[1166.76,996]]]]},"properties":{"id":"k16","key":"k_north_valyria","name":"North Valyria","counties":23,"color":"#dfd9d1","owner":null,"ownerCountryId":null,"notes":""},"id":"k16"},
{"type":"Feature","geometry":{"type":"Polygon","coordinates":[[[731,684.76],[731.5,682.76],[731.5,681.76],[733,681],[733,679.76],[733.76,679.26],[734.5,680.26],[735.5,679.5],[736.5,679.5],[737.26,680],[737.5,679.5],[738.5,679.76],[738.5,679.26],[739.5,679.26],[740,678.26],[740.5,678.26],[740,676.76],[741,676],[740.76,675],[741.5,674.26],[741.26,672.76],[743,670.76],[744.5,670],[745,669.26],[746.5,669.26],[747,668.26],[748.5,667.26],[749,666.5],[749.5,665],[749.5,663.26],[750.5,662.76],[751,663.76],[752,663.76],[752.76,662.5],[754.26,662.5],[754.26,662],[755.26,661.26],[756.26,661.26],[757,662],[758.76,662],[758.26,661.26],[757.26,660.76],[757.5,660.26],[758.26,659.26],[759.76,659.5],[760,657.76],[761,658.5],[762,658.5],[763,657.5],[763.76,657.26],[763.5,658.26],[765.26,658.26],[766.76,657.76],[767,656.26],[768,656.5],[768.26,657.26],[770.76,657],[771.26,658.5],[772.76,658.5],[773.26,659.26],[775,658.5],[775.26,659.5],[775.76,659.76],[775.76,658.5],[776.76,658.5],[777,657.76],[778.26,656.5],[779.5,653],[778.5,652.26],[778,652.76],[777.76,651.5],[775.76,651.26],[774.5,650.76],[773.26,649],[772.5,648.5],[774.26,648.76],[775.26,650],[776.5,650.76],[777.76,650.76],[778,650],[778.76,650],[779,651.5],[780.5,651.76],[781.26,650.76],[782.5,650.76],[783,649.26],[783.76,648.26],[785.5,648],[788.5,646.26],[788.26,648.5],[789,648.26],[789.5,647.26],[790.5,647.26],[790,646.5],[791.26,644.5],[791.5,643.5],[793.76,643.5],[794,644.26],[794.5,643.5],[796.76,643.26],[797.26,644.76],[797.76,644.5],[797.76,642.5],[798.5,641.26],[798.5,640.26],[799.26,638.76],[800,638.5],[800.26,637.76],[802.5,638.76],[803.76,640],[804.26,641.26],[804.5,640.26],[805.5,640],[807.26,641],[808,642.26],[808,643],[809,643],[809.76,643.5],[810.5,645],[812.26,645.76],[812.76,646.5],[815.5,646.5],[816.26,647.5],[816.5,649],[817.76,649.76],[818.26,651.26],[819,651.5],[819,652.76],[820.26,654.76],[820.26,655.76],[819.5,656.76],[819.5,659.5],[820.26,660],[820.26,660.76],[819.5,661.76],[819.5,664.5],[820.5,665.26],[821,666.5],[822,667.26],[822,668],[821.26,669],[822.5,669.26],[823,670.26],[823,672.26],[822.5,673],[823.26,673.76],[823.26,674.76],[822,675.76],[822,677.76],[822.76,678.26],[822.76,679.26],[822.26,680.26],[823.26,681.26],[823,682.76],[824.26,684.76],[824.26,685.5],[825,685.5],[826,686.5],[826,688.5],[826.5,689],[826.5,690.26],[826,690.76],[826,692.26],[826.76,694],[826.76,695.26],[828.5,696.26],[829.5,696.26],[830,697],[830,699.5],[830.76,700.26],[830.76,703.26],[830.26,703.5],[830.26,704.76],[831,705.26],[831.26,706.26],[832.5,708],[832.5,709],[834.26,709.76],[834.5,710.26],[836,711.26],[836.26,713.26],[837.5,714.26],[837.5,715.26],[839,716.76],[839,717.76],[840,717.76],[841,718.5],[843,718.76],[843,719.26],[844.26,721.26],[844.26,722.5],[844.76,722.5],[845.76,723.5],[846.76,723.76],[847.5,724.76],[847.5,725.76],[848,726.5],[848.76,726.76],[849,727.5],[848.5,728],[848.76,729.5],[849.76,730.26],[850,731.76],[850.5,732],[850.5,733.76],[850.26,733.76],[850,735.76],[849.26,736.5],[849.26,737.5],[849.76,737.5],[850.5,738.5],[850.26,740],[850.5,741.76],[852.5,742.26],[854.5,742.5],[854.5,743],[855.5,743.26],[856.5,744],[856.5,745.5],[857,746.76],[859,748.26],[859,749.26],[859.5,749.26],[860,750.26],[861.5,750.76],[861.76,751.26],[862.5,751],[864.26,751],[865.5,750.76],[866.26,750],[868,750.26],[868.26,751.26],[867.26,752],[865.26,752],[864.5,752.76],[863.26,753.26],[863.26,754.76],[863.76,756],[863.26,756.5],[863.5,758.26],[863,759.5],[862,760.26],[861.26,760.26],[861.26,763],[860,763.76],[858.76,764],[859,765.5],[859,767.26],[858.76,767.26],[858.76,769.26],[857.76,770.5],[858,771.5],[856.76,772.5],[856.26,773.5],[856.26,775.76],[856.5,775.76],[856.76,777.76],[855.5,778.5],[855,779.76],[855.26,780.76],[855.26,782.76],[855.76,783],[855.26,784],[855.5,786],[856.76,786],[857.76,786.76],[858.5,786.76],[859.26,787.76],[858.76,790.26],[858.26,791],[856.26,792.76],[856.26,793.5],[855.5,793.76],[855,794.5],[854,795],[854,794.26],[853,794.26],[852.76,794.76],[851.76,794.76],[851.76,794.26],[850.76,794.26],[850.26,795.26],[849.26,794.76],[847.5,795.26],[847.26,795.76],[846.26,796],[845.76,796.76],[844.26,797],[844,796.5],[842,796.76],[839.76,795.76],[839.76,794.76],[840.26,794.5],[840.26,793.26],[841,793],[840.5,792],[841,790.76],[841,789.76],[840.26,789.5],[840.5,788],[839.76,787.5],[839.76,786.5],[839,786],[839,784.5],[838.26,783.76],[837.76,782.5],[837.26,782.5],[837.26,780.26],[836.26,780.26],[835.5,779.76],[835.76,778.26],[834.76,778],[834.5,777],[833.26,776.76],[832.76,777.5],[831,777.26],[830,776.5],[829.5,774.5],[828.26,774],[828.26,773.26],[827,773],[826.26,774.26],[825.26,775],[822.5,775],[820.76,774.5],[821,773.26],[820.26,772.26],[821.26,771.76],[820.26,771],[820.5,769.5],[819.76,770],[817.5,769],[817.26,769.5],[815.76,770],[815.26,770.76],[814,770.76],[813.26,771.26],[813.26,772.26],[812.5,772.76],[812.5,773.76],[812,774],[812,775.5],[811,775.76],[811,777],[809.5,777],[810,777.76],[809.5,779],[810.26,779.5],[810.26,780.26],[809.5,780.26],[810,781.5],[809,781.5],[808,783],[807,782.5],[806.5,783.26],[805,783],[804.76,783.76],[803.76,784],[803.5,784.5],[803.26,784.5],[802.5,784.26],[801.76,784],[801,783.76],[801,783.5],[798.76,783.5],[798.26,783.26],[798,783],[797.76,782.76],[797.5,782.5],[797,782.26],[796.5,780.26],[794.26,780.5],[793.76,779.76],[792.76,779.76],[792.5,777.5],[791.5,776.5],[792.26,775.26],[790.76,775],[790.76,772.76],[790,772.76],[790,771.5],[790.5,770.76],[790.5,769],[790,767.76],[788,767.5],[787.26,766.76],[786.26,767.26],[784.76,767],[784.26,766.5],[782.5,766.5],[782.26,766.5],[782,765.26],[782.26,763.76],[783.5,762.5],[783.5,761.76],[784.26,761.26],[784.5,760.26],[785.5,759.5],[786,758.5],[786,757],[786.5,756],[787.76,756.5],[789.26,756.26],[789.26,755.26],[791.26,752],[791.26,750.5],[790.5,749.76],[790.76,747.76],[790,746.76],[789.76,745.5],[789.76,742.26],[789.5,740.76],[789,740.5],[789,739.5],[789.5,738.76],[790.5,739],[792.26,739],[793.26,737.5],[793.26,734],[792.76,733.76],[792.5,731.5],[791,730.26],[791,729.5],[789.5,727.76],[789.26,726.5],[788.5,725.5],[788.5,727],[789.26,728.26],[790.26,729.26],[790,729.76],[787.76,729],[786.26,727],[785.76,727],[785.76,725.5],[785,724.76],[784.76,723.5],[784,723],[784,722],[783.5,721],[782.5,720.76],[781.26,719],[781.26,717.26],[781,715.5],[779.5,713.76],[779.26,712.76],[778.5,712],[778.5,711],[778,711],[778,709.5],[778.76,708.5],[778.76,707.5],[779.26,707.26],[780,706],[782,706.26],[783.76,705.5],[783.76,703.76],[784.76,703.5],[785.26,702.76],[784.76,702.5],[784.76,700.5],[783.5,699.26],[783.5,698.26],[782.26,696],[782.26,693.5],[782.5,693.5],[782.5,691.26],[782,690.5],[782,693.26],[781.5,693.76],[781.5,695.5],[781.26,696.5],[781.76,696.5],[782,698.26],[781,699.5],[781,700.76],[780.5,701],[781,701.76],[780.76,703.26],[779.76,703.5],[779,702.5],[777.76,702.26],[776.5,700],[776.26,697.26],[775.5,695.76],[774.76,695.26],[773.76,693.76],[772.26,693.76],[771,692.5],[769.76,692.5],[771,693],[771.26,694],[772.76,694.26],[773.26,695],[774.26,695.5],[774.5,697],[775.26,697.26],[775,697.76],[775.5,699.76],[775.5,701.26],[777.26,703.26],[778.5,703.5],[779.26,704.76],[779,705.76],[778.26,706],[777.76,707],[777.5,709],[776.76,710],[777.5,713.5],[778.26,714.5],[778.26,715.26],[779,716],[779,716.76],[779.76,717.5],[779.76,719.5],[781.26,721.26],[782,721.26],[783,722.5],[783,723.76],[784.26,724.26],[784.76,725.76],[785,728],[786.26,729.26],[786.76,730.26],[788.76,730.26],[788.76,730.5],[791,731.26],[791.26,732.76],[791.76,733],[792.26,734.26],[792.26,736.76],[791.76,737.5],[789.5,737.5],[788.76,738.5],[788,738.5],[788,740.76],[788.76,741.5],[789,742.76],[788.76,744.26],[788.76,747.26],[789.5,747.76],[789.5,749.5],[790.26,750.76],[790.26,752],[789,753.26],[788.26,755],[787.5,755.26],[786.26,754.76],[785.5,755.76],[785.26,757.76],[783.26,760.5],[782.5,760.5],[781.76,758.76],[781,758.26],[780.76,757.26],[780.26,757.26],[779.76,756.26],[778.26,756],[777.76,754.5],[776.76,754.5],[775.76,753.76],[775.26,752.76],[774.26,752],[773.76,750.76],[773.76,748.5],[773,748],[773,747],[772.26,746.5],[772.26,745.26],[771,744.26],[769.76,744.26],[767.5,742.76],[765,742],[765,741],[764,740.26],[764,739.26],[763.5,739.26],[762.26,737.5],[761.5,737.5],[761.5,736.76],[760.26,735.76],[760,734.5],[760.26,733],[759.76,732.76],[759.5,731.5],[759.76,729.26],[759.26,728.5],[759.26,727],[758.76,727],[758.76,731.76],[759,731.76],[759,735],[759.5,735.26],[759.26,736],[759.5,737],[760.76,738.5],[762.76,739.76],[763.26,740.5],[763.5,742.26],[764.26,743.26],[765.5,743.26],[766.26,744],[768.5,744.26],[769.26,745],[771,745.76],[771,747.26],[772.76,748.5],[772.76,752],[773.26,752.26],[773.76,753.76],[774.76,754],[774.76,754.76],[775.76,755.5],[776.76,755.5],[776.76,756.5],[777.26,757.26],[778.76,757.5],[780.5,758.76],[781,759.5],[781,760.5],[781.5,761],[781.26,764],[780.76,765],[781,766.5],[780.26,766],[778.26,765.76],[777.5,764.5],[776.26,764.5],[774.76,765.5],[774,765.5],[772.5,763.26],[770.26,763.26],[770.26,762],[767.5,762],[767.26,761],[766.26,760.76],[765.76,759.26],[763.5,759.26],[762.76,759],[762.26,757.5],[761,758],[760.76,756.76],[758.76,756.26],[758,757.5],[756.76,757],[756,756.26],[756,755.26],[755.5,754.76],[755.26,752.76],[753.76,752.76],[753.26,751.76],[753.26,749.5],[753.5,749],[752.26,748.5],[752,747.76],[751.26,747.76],[750.26,746.76],[749.5,746.5],[749.76,745],[748.5,745],[747.26,744.26],[746.5,743.26],[746.5,742],[744.76,742.26],[743.26,743],[741.76,742.76],[741,743.26],[738.76,743.26],[738,742.26],[735,742.5],[734.5,742.76],[734.26,741.5],[733.26,740.26],[732.76,740.5],[732.76,738.5],[731.5,738],[731.76,737],[731.76,735.26],[733,734.26],[733,733],[732.26,732.76],[732.26,731],[731.5,730.26],[731.5,729.5],[732.26,729],[732.5,728.26],[733.26,727.76],[734.26,727.76],[734.26,726.5],[734.76,726.26],[734.5,724.5],[735,724],[735,722.5],[733.5,721],[733.76,719.5],[735.26,719],[736,717.76],[737.76,717.76],[739.26,717.26],[739.5,716.76],[742.26,716.76],[742.26,714.5],[742.76,714],[742.76,712.26],[742.26,711.5],[742.5,710.26],[742.5,708.26],[742,707.76],[741.76,706],[742.26,705.5],[742.26,703.5],[741.76,702],[740.5,700.76],[740.26,699.5],[739.76,698.76],[736.26,695.76],[735.76,694.76],[735.26,694.76],[734,693],[732,692.26],[731,690.76],[731,689],[730.5,687.5],[731.26,686.5],[731,684.76]],[[766.5,681.76],[768.5,681.76],[768.5,680.26],[769,679.26],[770,678.5],[769.5,677.76],[767.26,678],[766.76,678.76],[766.76,679.76],[765.5,680.76],[764.26,680.76],[764.76,681.5],[766,681.26],[766.5,681.76]],[[761,724.76],[761,725],[762.76,724.26],[762.76,720.76],[761.5,721.5],[761.5,724.26],[761,724.76]],[[757.5,697.76],[757.76,697.26],[758.76,697],[759.26,696.26],[761.5,696.26],[760.26,696],[759.76,695.5],[756,695.76],[757.26,697],[757.5,697.76]],[[765,723.5],[765.76,723.76],[764.76,721.26],[764,721.5],[764.26,722.76],[765,723.5]],[[795,717.76],[795.76,718],[795.26,717.26],[795,716],[793.76,715],[793.76,714.26],[792.26,712.76],[791.26,713],[789.5,713],[789.76,714.26],[790.76,714.76],[791,716.76],[793.26,716.76],[793.5,717.26],[795,717.76]]]},"properties":{"id":"k17","key":"k_norvos","name":"Norvos","counties":44,"color":"#e1e9e5","owner":null,"ownerCountryId":null,"notes":""},"id":"k17"},
{"type":"Feature","geometry":{"type":"MultiPolygon","coordinates":[[[[801,783.76],[798.76,783.76],[798.76,783.5],[801,783.5],[801,783.76]]],[[[803.26,784.5],[802.5,784.5],[802.5,784.26],[803.26,784.5]]]]},"properties":{"id":"k18","key":"k_ny_sar","name":"Ny Sar","counties":1,"color":"#dfe2e9","owner":null,"ownerCountryId":null,"notes":""},"id":"k18"},
{"type":"Feature","geometry":{"type":"MultiPolygon","coordinates":[[[[693.5,745.5],[693.5,746],[694.5,746.76],[694.76,748],[695.26,748],[696,749.26],[696,751.26],[695.76,751.26],[695.76,753],[696,754],[697.26,754.76],[697.76,756],[698.5,756.5],[699.76,758.5],[700.76,758.76],[701,759.26],[702,759.5],[703.5,761],[703,762.26],[703,764.76],[702.5,765.5],[701,766.76],[701.26,768],[702,769.76],[703.26,769.76],[704,770.76],[705.76,770.76],[706.5,771.26],[706.5,772.5],[707.26,773.5],[707,775.26],[708,776],[708,776.76],[709.26,777],[709.26,779],[711,779.26],[711.5,779.76],[711.26,781.26],[711.76,781.5],[711.76,783.76],[711.5,784.76],[712.26,785.5],[714,785.5],[714.76,786],[714.76,787.76],[715.26,788],[715.5,789.5],[717,790.26],[718.26,791.26],[718.26,791.76],[719.5,793.76],[719,796],[719.5,796.5],[720.76,796.76],[721.26,797.5],[721.26,799.5],[722.5,799.5],[722.5,800.26],[723.5,800.76],[724.5,800.76],[725.5,801.26],[726,802.5],[725.76,805],[727.26,805.5],[727.26,806.76],[728,807],[728.26,808],[729.5,809.26],[729.76,810.26],[729.5,811.5],[731.76,812.26],[732,812.76],[733,812.76],[733,813.26],[732.26,813.76],[732,815.26],[729.76,817.5],[729.26,818.26],[728,818],[728,819.5],[726.76,819.76],[726.76,821.5],[725.26,821.5],[724.26,822.5],[724.76,823.76],[725.76,824.26],[725.76,825],[725,825],[725,826.5],[723.26,826.76],[723,826.26],[721,826],[720,827.5],[720,830],[720.76,830.76],[720.26,832],[719.5,832],[719.5,833.5],[718.5,834],[718.26,834.76],[718.26,835.26],[717.26,836],[716.76,837.26],[716.76,839.5],[716,840.5],[714.76,841.26],[714.76,841.76],[715.76,842],[716,842.5],[715.76,844],[714.5,844.76],[714.26,846],[712.76,847.26],[712.26,848],[712.5,849.76],[711.76,850.26],[710.76,852],[710.76,853.26],[711.26,853.76],[711.26,858],[710.26,858],[710,859.76],[707.76,860.26],[707.5,861],[705.76,861.26],[705.5,861.76],[705.5,863.5],[705,864.76],[705.5,864.76],[705.5,866.5],[705.26,867.76],[705.5,868.26],[704.26,868.26],[703.76,869],[702,869],[702.26,869.5],[701.5,870],[700.26,870.26],[699.76,870.26],[698.76,872.76],[696.76,872.76],[697,873.76],[695.76,874.5],[694.5,874.5],[694.76,875],[693.26,875],[693.26,877.26],[692.76,877.5],[692.5,878.5],[690.76,878.26],[690.5,880.26],[689.5,881.26],[689.5,883],[690,883.76],[690,885.26],[689.26,885.76],[688,885.76],[686.76,886.5],[686.76,887.76],[687.26,888],[687.26,890],[685.76,890.26],[684.76,891.26],[685.26,892],[685.26,893],[684.26,893.76],[683.26,894],[682.76,893.26],[682,893],[682,894.5],[680.5,894.76],[680.26,895.76],[678.26,896],[678.26,896.5],[677.26,896.76],[677,898.76],[675.5,898.76],[675,898],[674,898],[673.26,899],[670.76,898.76],[670.5,898.26],[669.26,898.26],[668.76,897.5],[667,897.26],[666.26,898],[665,898],[665,897.5],[664,897.26],[663.5,896.5],[663,894.76],[662,894.76],[661.5,895.26],[659.5,893.76],[658.76,892.26],[658,892.26],[657.5,893.26],[655,893],[654.76,892.5],[655.76,891.76],[655.76,891],[654.26,890.5],[655,888.76],[654.76,886.5],[654.26,886],[653,885.76],[652.26,886.26],[651.5,885.5],[650.5,885.5],[649.76,886.5],[648.5,887],[646.76,886.76],[646.76,885.5],[647.5,885.26],[647,884.26],[646.76,885],[645.76,884.76],[642.5,884.76],[642.5,884.5],[640.5,884.5],[640.5,883.5],[637.5,883.5],[637.26,882],[636.26,882.76],[635.26,882.76],[635.26,882.26],[633,883],[632.76,881.5],[630.76,882],[630.5,881],[629.76,880.5],[628.5,880.5],[628,879.76],[627,879.76],[627.26,879],[627.5,876.5],[627,875.76],[626,875.5],[625.5,874.76],[625.5,873.5],[626.26,873.26],[626.76,874],[629.26,875],[629.5,876.26],[630.76,876.76],[630.76,877.5],[631.76,878.26],[632.5,878],[636.26,878],[638,876.76],[638.26,877.26],[640,877.26],[641,876.26],[639.26,876.26],[639.26,876],[637.5,876],[637,874.5],[636.26,874.26],[636,875.5],[634.5,875.5],[634.26,876.5],[633.26,876.5],[633,875.26],[632,875.76],[631.26,875.26],[631.5,874.26],[631.26,872.5],[630,871.5],[630,870.5],[628,870.26],[628,870.76],[627,870.76],[626.5,870],[626.76,868.5],[626.76,866.26],[626.26,865.26],[625.5,865.26],[625.26,864.5],[625.76,863.26],[626.76,861.76],[626.76,861],[626,860.76],[625.5,860],[623.5,858.5],[624.5,858],[624.5,856.5],[626.26,858],[627.5,857.76],[627.5,859.26],[628.26,860.5],[628,862.5],[628.26,863.26],[629,863.76],[629,864.76],[629.5,866],[630.26,866],[631,866.76],[631,867.5],[631.76,867.76],[632.26,868.76],[635.26,868.5],[635.26,867.26],[636.26,866.76],[636,865],[634.76,864.26],[634.5,862],[635.26,861.5],[635.26,860.26],[636,860.5],[637,860.26],[636.76,859],[637.76,858],[637,857.76],[636.26,856.76],[636.76,855.76],[638.26,855.76],[640,857.76],[639.5,858.5],[640.5,858.76],[641.76,857.5],[642.26,857.5],[643.26,856.26],[644.26,855.5],[644.26,853.76],[643.5,853.26],[643.5,852],[644.26,852],[645,852.76],[646.26,852.5],[647,851],[646,851],[646.26,850],[647.26,849.26],[647,848],[647.5,847.76],[648.26,848.76],[649.76,849],[649.76,847.76],[650.76,847],[652.26,846.76],[651.76,845],[653,845.5],[653,846.5],[654.26,847.5],[654.76,846.5],[656.76,846.76],[657.76,845],[657.5,844],[656.5,843.76],[657.26,842.26],[658.26,842.26],[658.26,843],[659.76,842],[659.76,840.76],[659.26,839.76],[660.26,839.26],[659.76,838.5],[660,837.76],[660.76,837.76],[660.76,836.26],[662.26,836.5],[662.5,836],[663.5,835.76],[662.5,835.26],[662.26,833.5],[660.76,833.5],[661.26,832.26],[660,831.26],[660,830.5],[661.5,830.76],[661,828],[662,827.76],[661.26,826.76],[661,825.26],[659.76,824.76],[660,823.5],[661,823.5],[662,823],[662.5,821.76],[663.76,821.76],[663.26,820],[664,819.76],[664,818.5],[662.76,818],[662,819],[662,819.76],[661.26,820.76],[660.5,821],[660.5,822.26],[659.26,820.5],[658,820.76],[657.76,821.76],[657,822],[656.76,820.76],[655.76,821.5],[654.5,820.76],[654,819.5],[652.26,819.5],[652,820],[651,819.76],[650.5,818.26],[647.76,818],[647.76,817],[647,816.76],[646,818.5],[644.76,818.5],[644.5,817.76],[643.76,817.5],[642.5,819],[641.5,819],[640.76,818.26],[639.5,818],[640,817.26],[640,816.26],[639.5,815.76],[638.26,816],[638.26,815.26],[637.26,816],[635.76,816],[634.76,816.76],[633,816],[633,815.26],[632.26,814.76],[632,813.76],[631.26,813.5],[631,811.76],[630,811.5],[629.76,811],[628.26,810.5],[628.5,808],[627.76,807],[626.5,806.5],[626.26,805.76],[627,804.76],[627.26,803.5],[626.5,803],[625.76,803.26],[625.76,801.76],[624,801.26],[624.5,800.5],[624.76,799],[626,798.76],[626.5,796.5],[626.5,794.76],[627.5,793.76],[627.5,792.76],[628.5,793],[628.5,792],[630.26,791.26],[629.76,792.26],[629.76,794],[630,795],[628.76,795.5],[628.76,796.5],[629.76,798.26],[630.76,798.76],[630.5,800.76],[630,801.26],[630.26,802.26],[630.76,802.5],[631,803.5],[630.5,803.76],[630.76,805.76],[631.76,806],[632.26,805.5],[633.26,805.5],[633.76,806.26],[635.5,806.26],[637.5,807.26],[637.76,806.5],[639,806.5],[639.76,807],[642,807.26],[641.5,809],[642.26,809.5],[643.26,809.26],[643.26,808.5],[644.76,807.26],[645.5,805.76],[646,806],[646,807],[647,806],[648.26,805.76],[648.76,804.5],[649,802.5],[647.76,802],[647.26,802.5],[647,801],[649,800],[649,797.26],[649.26,796.5],[648.5,795.76],[648.5,794.5],[649,794.26],[649.5,792.5],[648.76,792.26],[648.5,791.5],[647,791.5],[645.76,790.76],[646,789.5],[645.5,789],[645.26,787.76],[646.5,787],[647.26,787],[646.76,786],[644.26,786],[643,786.5],[641.5,786.5],[640.76,787],[639.76,786.76],[637.5,786.76],[637,787],[637,785.76],[637.76,785],[635.76,784.76],[635.5,784.26],[634.5,784.26],[634,784.76],[634,785.76],[633.26,786.76],[630.76,787],[629.76,786.26],[628.26,786.26],[627.76,787.76],[626.76,788],[627.26,789.5],[626.5,790.5],[625,791],[625,790],[625.5,788.76],[624.76,787.76],[625.76,787],[625.76,785.76],[626.26,785.5],[626.76,784.26],[625,785],[623.76,786.76],[622.5,786.26],[622,787],[621.76,788.76],[620.26,788.76],[619.5,788],[618.26,788.26],[618.26,786.26],[618.5,784],[619,783.76],[619,781],[618.26,781],[617,783],[615,783],[615,782.5],[616,782.26],[617,780.5],[617,779.76],[618,779],[618,778],[617.5,777.5],[617.5,774.5],[616,774.5],[616,773.5],[616.76,773.26],[616.76,772.5],[615.5,772.5],[615.26,771.5],[613.76,771],[613.76,770.26],[615,770],[615.5,768.26],[614.5,768.26],[615,767.5],[614,766.26],[613.26,766.26],[613.5,763.26],[614.26,763.26],[615.76,762.26],[616,761.5],[617.26,761.26],[617.5,760.5],[616,760.76],[615.5,761.26],[612.76,761.26],[610.5,760.26],[610.26,758.76],[611.26,758],[611.26,757],[610.76,756.26],[609.26,757],[607.76,757],[607.5,755.5],[606.76,755.5],[606,754.5],[606.26,753.5],[606.76,753.26],[606.76,752],[605.5,751.76],[604.26,752.26],[604,749.76],[602.26,749.5],[602.26,748.5],[602.76,748.26],[603,747],[601.26,746.26],[601,744.76],[602.26,744],[602.5,742.26],[603.76,741.76],[603.5,740],[605.5,740],[607.5,740],[608.5,740.76],[609.26,740.76],[609.5,741.76],[611,742.26],[611.26,743],[613,743.26],[614.5,745],[615.26,745.26],[615.76,746.26],[616.26,746.26],[617.26,747.76],[617.76,748],[620,748],[620.26,747.26],[621.76,747],[622.76,747.76],[622.76,748.26],[623.76,749.26],[625.26,749.5],[625.5,750.76],[626,751.5],[627,751.26],[627,751.76],[628.5,753],[630.26,753.5],[630.5,752.76],[631.5,752.26],[633.26,752.26],[634.26,751.5],[635.5,751.76],[635.76,752.26],[637,752.5],[638,752],[638.5,752.5],[638.5,753.5],[639.5,753.76],[639.5,753.26],[640.76,753],[641.26,753.26],[642,752.76],[642.26,751.76],[645,751.26],[645.76,751.76],[647.5,751.76],[648.26,751],[651.26,751],[651.26,750.26],[652,749.76],[652,748.5],[653.5,748],[653.76,747.26],[655.5,747.26],[656.5,746.76],[657,745.5],[658,745.5],[657.76,742.76],[658.5,742.26],[658.5,741],[660.76,740],[660.5,738.26],[661,737.26],[661.76,736.76],[663,737],[664.5,735.5],[666.26,735.26],[666.76,736],[667.5,736],[668.26,735.26],[669,735.5],[671.76,735.5],[672.26,735.26],[672.76,736],[673.76,736.26],[673.76,736.76],[674.76,736.5],[679.26,736.5],[680.5,736.26],[680.5,738],[681.26,738.26],[682,740],[683.26,740.76],[684.26,740.76],[685,741.5],[689,741.5],[689.76,742.5],[690.76,742.5],[691.76,744],[693.5,745],[693.5,745.5]]],[[[624,791.76],[624,792.26],[622.26,792.26],[621.26,792.5],[621.26,791.5],[623.5,790.5],[624,791.76]]],[[[621.5,852],[621.76,850.76],[622.76,851.5],[622.76,852.5],[623.26,853.26],[624,853.26],[623.5,854.26],[624,854.5],[624,855.5],[623.26,855.76],[622.5,856.76],[621.5,856.5],[621.5,854.5],[621.26,854],[620.26,853.76],[620.5,852.76],[621.5,852]]],[[[625.26,791.76],[625.26,792.5],[624.5,792.26],[625.26,791.76]]],[[[624.26,811.76],[623.5,810.26],[624.5,810.26],[625.5,811.26],[625.26,812.5],[624.5,812.5],[624.26,811.76]]],[[[626.76,811.76],[626.76,811.26],[628,812],[628.5,813],[629.26,813],[629,813.76],[627.5,813.76],[627.5,813],[626.76,813],[626.76,811.76]]],[[[624.26,873.26],[624.5,871.5],[625.26,871.5],[625.5,872.5],[625,873.26],[624.26,873.26]]],[[[631.26,792.5],[631,791.76],[631.76,791.5],[631.26,792.5]]],[[[630.76,796.76],[630,797.26],[630.26,796.5],[630.76,796.76]]],[[[632.76,802.5],[632.26,801.26],[633.26,801.26],[633.5,801.76],[636,802.26],[637,801.76],[637.5,803.26],[638.5,803.5],[637.26,805],[636.26,804.76],[635.76,804],[634,804.26],[632.76,802.5]]],[[[634.26,858],[633.5,858],[633.5,857.26],[635,857.26],[634.26,858]]],[[[632.26,859.26],[633,858.5],[633.76,859],[633.76,860.26],[633.26,861],[631.26,861],[632.26,859.26]]],[[[640.76,803.5],[639.76,803.76],[639.76,803],[640.76,803.5]]],[[[683.5,895],[683.5,895.5],[682.5,895.5],[683,894.5],[683.5,895]]],[[[687.26,890.76],[687.5,891.26],[686.26,891.26],[686.5,890.5],[687.26,890.76]]],[[[689.76,886],[689.76,886.76],[688.76,886.76],[688.76,886.26],[689.76,886]]]]},"properties":{"id":"k19","key":"k_pentos","name":"Pentos","counties":43,"color":"#dfe3d7","owner":null,"ownerCountryId":null,"notes":""},"id":"k19"},
{"type":"Feature","geometry":{"type":"MultiPolygon","coordinates":[[[[868,822.76],[868.26,821.26],[869,820.76],[868.5,820.5],[868.76,819.26],[868.26,818.5],[869,818.26],[869,817.26],[870,816.76],[869.76,815.5],[868.26,814.26],[868.5,813.5],[868.5,811.26],[868,811],[868,809.76],[869,809.5],[869,808.26],[870,807.5],[873.26,807.5],[874.26,807.76],[875.26,806],[876.26,805.26],[876.26,802.5],[875.5,802],[876.26,801.26],[876.26,800.5],[875.26,799.5],[876.76,799.26],[877.26,798.5],[877,795.76],[879.76,794.76],[881,793.76],[882.5,793.5],[883.76,793],[884.26,792.26],[885.76,791.5],[886.76,791.5],[887.5,791],[890.26,791],[890.26,790.76],[892,790.5],[892.26,790],[894.5,789.26],[895.5,788.5],[896.5,787],[896.76,785.5],[896,785.76],[894.76,787.76],[894.26,787.76],[893,789],[892.26,789],[890.76,790],[889.76,790.26],[887,790.26],[886.26,790.76],[884.5,791],[883,792.26],[881.76,792.5],[881.26,793],[880.26,793],[879.26,793.5],[878.26,794.5],[877.5,794.5],[876,795.5],[876,797.76],[875.5,798.5],[874.26,798.26],[872,798.26],[872,798.5],[869.76,798.5],[866,801],[865.26,801],[864.76,801.76],[863,801.76],[862.5,800.76],[861.26,800.76],[860.5,799.76],[859.76,800.26],[858.5,800.5],[857.26,799],[856.5,799],[856.26,798.26],[855,798.5],[854,798.5],[853.76,798.5],[853.76,797],[855.26,795.26],[856.76,794.5],[857.26,793.26],[858,792.26],[859.26,791.76],[859.26,790],[859.76,789.76],[859.76,788.76],[860.26,788.26],[860.26,787],[859,785.76],[858.26,785.76],[857.5,785],[856.26,785],[856.5,784.26],[856.26,782.76],[856.26,781],[856,780],[856.5,779.5],[856.5,778.5],[857.5,778],[857.5,776.76],[857,775.76],[857,774.5],[857.5,773.5],[859.26,772],[859.5,771],[859.5,769.26],[860,768.26],[860.26,765.26],[861,764.26],[862.26,763.5],[862.26,761.5],[863.26,760.76],[863.5,759],[864.5,757.26],[864.76,755],[864.26,754],[865.5,753.76],[865.5,753.26],[867.26,753],[867.5,752.5],[868.76,752.5],[869.26,752],[872,751.5],[872.5,750.26],[873.26,750],[873.26,747.26],[874,746.76],[874,745.26],[875.26,744.5],[875.26,743.5],[877,742.5],[877.26,741.76],[878.5,741.5],[879.5,740],[879.26,738],[880,736.76],[881.26,735.76],[881.76,734.26],[882.5,733.5],[881.76,732.26],[882.5,731.76],[882,729],[883.26,728],[884,727.76],[883.76,725.26],[884.76,724.5],[884.76,723.5],[883.76,722.26],[883.5,720.76],[884.26,720],[885.76,720],[886,718.5],[886.5,718.26],[886.5,717.26],[885.26,716.26],[884.5,715],[883.5,714.5],[884.26,712],[884.26,709.5],[885.26,708.76],[885.26,707.76],[884.76,707.5],[884.76,705.5],[885.5,704],[886.26,703.26],[886.26,701.76],[885.5,699.76],[885.5,696.76],[886.26,695.76],[886,693.26],[884.76,693],[884.76,692],[885.5,691.26],[887,691],[889,691.26],[890,690.5],[890,691.76],[892.5,691.76],[893.76,692.26],[893.76,693.26],[895.26,694.26],[895.26,694.76],[896.76,696.5],[897.5,696.76],[898.26,696],[899.5,696],[900,696.76],[901.5,696.5],[903,695],[902,694],[902.26,693.26],[903.76,692.76],[904,691.76],[903.5,691.26],[903.5,688.76],[903.26,687.26],[904.76,686.5],[903.76,686.26],[904,684],[904.76,682.5],[906.5,682.5],[907,681.76],[909,680.26],[909.5,679],[910.26,678],[911.26,677.26],[911.5,679.5],[912.26,679.5],[913.5,677.5],[914.5,677.26],[914.76,676.5],[916.76,676.5],[917.5,676.26],[917,675.5],[918.26,675.5],[919,674.26],[920,673.76],[920.5,673],[922.26,673],[923,673.5],[924,673.5],[925.5,672.76],[925.5,671.76],[925,671.5],[924.5,669.76],[923.5,668.76],[924.76,669],[925.76,668.26],[927.26,668],[928.5,666.5],[929.76,666.26],[930.26,665],[931.26,664.5],[931.76,665.26],[931.5,666.5],[936.76,666.5],[935.26,667.26],[935,668],[934,668.5],[933.26,669.5],[933.5,671],[934.5,671.76],[936,672],[936.76,671.26],[936.76,670.5],[937.5,670.26],[938,669.5],[939.5,669.5],[939.76,670],[942,670],[943.5,670.26],[943.5,669.5],[945,669],[946,668.26],[946.26,667.26],[947,667],[947.76,666],[948,667],[948.76,667.5],[950,665.26],[951.76,664.26],[952,664.76],[953.5,665.26],[954.26,664],[955,664],[955.5,663],[956.5,662.76],[956.76,662.26],[958,662.26],[958.5,660.76],[959.5,659.76],[960.76,659.76],[962,659],[962,658],[961,657.5],[960.76,656.76],[959.5,656.76],[960.26,655.76],[962.26,655.76],[964.26,654.5],[965,654.5],[966.5,653.5],[966.26,653],[966.76,651.26],[968,649.5],[968.5,650.26],[969,650],[971.76,649.76],[972,651.26],[972.76,651.76],[972.76,653.76],[972.5,654.5],[973.26,655.76],[973,658.26],[976,659],[977,660],[978,660.26],[980,660.26],[980.26,659.76],[981.5,659.76],[981.76,662.26],[982.76,662.76],[983.26,664],[983.26,665.26],[982.5,666.26],[983,667.5],[984.76,667.5],[985.26,668.5],[985.76,668.5],[985.76,670.5],[986.26,670.76],[986.26,672],[987,672.5],[987.26,675.26],[987.76,675.76],[989.5,676],[989.5,677.76],[987.5,678.76],[987.26,679.5],[986.5,680],[984.5,680],[983.26,681],[981.76,681],[981.76,682],[981,682.5],[981.5,682.76],[981.5,686],[980.76,686],[980.5,687.5],[979.76,688],[978,688],[977,688.76],[976.26,690],[975,689.5],[970.5,689.5],[969.5,690.5],[969.5,692],[968.5,693.5],[967.5,694],[966.5,693.76],[963.5,693.76],[963,694.5],[963,695.5],[962.26,696.26],[962.26,697.5],[961.5,698.5],[960.26,698.5],[959.76,699.5],[958,699.76],[958.26,700.76],[959,701.5],[959,704],[958.5,706.5],[958.26,706.5],[958.26,708.26],[958,708.26],[958,710.5],[957.26,712.26],[956.76,712.26],[955.5,713.5],[953.76,713.76],[954,714.5],[953,715],[953,715.76],[953.76,716.5],[953.76,718.26],[953.5,719.26],[954.76,720.5],[954.76,722.5],[955.76,722.76],[956,723.26],[957,723.5],[957,725],[954.5,726.76],[954,727.76],[955.26,728.76],[956,729],[956.26,730.5],[955.5,730.5],[956.26,731.5],[956.26,733],[955.5,734.26],[955.5,736],[955.26,736.5],[956,736.76],[957,738.26],[957,739.76],[955.5,741.26],[955.5,741.76],[954.26,743],[954.26,747],[954.5,748.5],[956.26,748.5],[957.76,748],[958,748.5],[958,750.26],[958.76,751.26],[960.5,752],[960,753.76],[958.26,755.26],[957.76,756.26],[957.26,756.26],[956.26,757.76],[957.76,759],[957,759.5],[955.76,761.26],[954.5,761.76],[955,762.76],[956.76,763.5],[956.5,765],[956.76,765.5],[957.76,765.76],[959,769.26],[959.5,769.5],[959.26,770.5],[958,771.76],[958,774],[957.76,775.26],[957.26,776],[957.26,777],[956.76,777.26],[956.76,779.26],[956.5,780],[957.26,781],[957.26,782.76],[954.76,784.26],[954.76,785],[954,785.5],[954.76,788.26],[955.26,788.5],[955.26,790.26],[955,790.5],[953,790.5],[951.26,791.5],[951.26,792],[950.26,792.76],[950,793.5],[949.26,793.5],[948.76,794.26],[947.5,794.5],[947,795.26],[945.26,795.76],[945.76,796.5],[947.76,797.5],[948.76,798.76],[949,799.5],[947.76,800],[947.26,801.5],[946.26,802],[946.26,802.76],[944.5,805.26],[943.76,807.26],[943.26,807.5],[943.5,809.76],[941.76,811.26],[941.76,812.5],[941.26,812.76],[941.26,813.76],[940.76,814.76],[939.5,815.76],[939.5,819],[942,819.5],[942.26,820.76],[942,821.5],[940.26,821.5],[939.26,821.26],[938.26,822],[938.26,823.5],[938.76,823.76],[938.76,826.5],[940.26,827.5],[940.76,828.26],[942,828.5],[942,831],[942.26,832],[943,832.5],[943.26,833.5],[943.76,833.76],[944.26,835.26],[944.76,835.5],[945.5,837.5],[946,837.76],[946.26,838.76],[947.26,839.76],[947.26,841.76],[947,841.76],[947,843.76],[946.26,844.76],[946.26,846.26],[946.76,846.5],[949.26,846.5],[949.76,847.76],[951,848],[951,850],[951.26,851.26],[952.76,851.26],[953.5,853],[955,853.5],[954.76,855.26],[953.5,856.76],[953.76,858],[952.5,858.76],[952.5,860.5],[951,862],[950,862],[949.5,863],[948,864.5],[946.5,864.5],[946,865.26],[944.26,865.5],[944.26,865.76],[941.5,865.76],[940.5,865.5],[940.26,866.5],[939.76,866.5],[938.5,868.76],[937.76,869.76],[937.5,869],[935.76,869],[935.26,869.26],[934.26,868.26],[933,868.26],[931.5,869],[929,869],[928,869.76],[926.5,869.76],[926.26,869.5],[924,869.5],[921.76,869.26],[921.76,868.76],[919.76,867.26],[919.76,864],[917.76,863.76],[917.5,863],[916.5,863.5],[915.5,863.5],[915,862.76],[913,862.5],[912,863.26],[912,863.76],[910.76,863.26],[909.76,864.26],[908.26,864.76],[906.76,864.76],[906.26,864.26],[904.5,864.5],[903.76,864],[904,863.26],[902.76,861.5],[903.5,861.26],[903.26,860.5],[902.26,860.26],[902,860.76],[901,860.76],[900.76,860.26],[899.76,860],[900,858.76],[897.76,858.5],[896.76,857.76],[896,856.5],[896,855],[895.26,855.76],[893.5,856],[893,855.5],[892,855.5],[890.76,856.5],[889.76,856.5],[888.76,857.5],[887,857.5],[886.5,856.76],[885.26,856.26],[884.26,856.26],[883.76,856.76],[882.76,856.76],[882.26,856],[881,856],[880.76,856.76],[880,856.76],[879.26,856],[877.76,856.26],[877.26,857.26],[877.26,856.5],[877.5,856],[879,855.76],[879.26,854.76],[878.5,853.26],[877.76,853.26],[877.76,851.5],[876,851.5],[875.26,851],[875,849],[875.26,848.26],[873.26,846.76],[873.26,846],[874,845.76],[874.76,844],[875.26,844],[875.5,843],[876.26,843],[875.76,842],[875.26,840],[874.5,839.5],[874.26,838.26],[875.26,837.5],[874.76,836.76],[873.76,836.26],[874.26,835],[874.26,834],[873.76,833.76],[874,833],[873.5,832.76],[873,832.5],[872.76,832.26],[871.76,832],[871.5,831.76],[872,831],[872,829.5],[873.26,828.26],[873,828],[872.5,827.76],[872.26,827.5],[871.76,827.26],[871.76,827],[871.5,826.76],[871,826.5],[870,826.26],[869.26,826],[869.5,825.26],[869.26,825],[869.26,824.5],[869,824.26],[868.76,824],[868.76,823.76],[868.5,823.5],[868.26,823.26],[868,822.76]],[[896,766.26],[896.76,766.26],[897.5,765.26],[897.26,763.26],[896.76,762.76],[896.76,761],[896,761.5],[895.5,762.5],[895.5,763.5],[895,764],[893.5,764],[892.76,764.76],[893,765.26],[894.76,765.26],[896,766.26]],[[887.26,755],[888.76,755],[889.26,753.76],[890.26,753.76],[891.26,753],[893,752.5],[894,751.26],[895.5,750.76],[896.26,750],[898,749.26],[897.76,748.76],[896.5,749],[894.76,749],[894,748.26],[892.76,748],[892.26,747.26],[891,746.76],[890.5,747.5],[889.26,748],[888,749],[888,750],[887.26,750.76],[886.26,750.76],[885.26,751.76],[884,751.76],[883.5,752.26],[884.26,752.76],[884.26,753.5],[885,754.5],[887.26,755]],[[919.5,856.5],[920.26,856.5],[921.26,855.76],[922,855.76],[922.5,855],[923.5,855],[924.5,855.5],[924.76,856.26],[925.26,856],[925.26,855],[924.76,854.5],[925,853],[924,852.5],[924,851],[923.5,849.76],[924.26,849.26],[924,848.76],[922,848.26],[920.76,849.26],[919.76,849.26],[919.5,850],[918,850.76],[918.26,853],[918.76,855],[918.26,855.5],[918.26,856.5],[919.5,856.5]],[[926,832],[927.5,832],[930.26,830.26],[931,829],[933.76,829],[934,828.76],[934.26,826.76],[935.5,825.5],[935.5,825],[934.26,825.26],[933,826],[931.26,826],[930.76,825],[930.76,823.5],[929.26,823],[929,822.5],[927.76,823],[927.76,822.26],[925,822.26],[924.76,822.76],[923.76,822.76],[923.76,822.26],[922.26,822.26],[922.26,821.76],[920.76,822.5],[920.76,823.5],[919.5,823.5],[917.76,824.5],[917.76,825.26],[918.5,826],[922.5,826],[922.5,826.5],[924,826.76],[924.26,827.76],[925,828],[924,829],[924.76,829.5],[924.76,830.5],[925.26,831.5],[926,832]],[[933.76,705.26],[934.76,705],[934.5,704.5],[936,702.76],[937.76,702],[939.5,702],[940.76,700.76],[939.5,699],[937.76,698.5],[937.5,697],[936.76,696.76],[936.26,696],[936.26,694.5],[935.5,693.76],[933.26,693.76],[933.76,694.26],[933.26,695.26],[933.5,696],[933,697.76],[932.5,698.5],[931.5,697.76],[931.76,698.76],[931.26,699.76],[932,699.76],[932.26,700.5],[933,700.76],[932.76,703.26],[932.26,703.5],[932.5,704.76],[933.76,705.26]],[[927,709.5],[927.76,709.76],[928,709.26],[929.5,708.26],[930,706.76],[929.26,706.76],[928.5,706],[927.5,706.26],[927,707.26],[924.5,707],[924.5,707.76],[925.26,708.76],[927,709.5]],[[931.76,724],[932.5,724.26],[933.26,723.76],[936,723.76],[936.5,722.76],[936.26,721],[935.26,720.26],[934.76,719],[934.76,717.76],[936.26,718],[937.76,716.5],[936.76,715.5],[936.76,714.26],[937.26,713.5],[938,713.5],[938,712.76],[937.26,712],[936,711.76],[934.26,711.76],[934.26,711],[933.5,712],[932.76,712],[932.26,713],[930.76,712.76],[930.26,714],[929.5,713.76],[927.5,714.26],[926.76,715.26],[926.5,716.5],[925.5,716.5],[924.5,717.26],[923.76,717.26],[923.5,718],[924,718.26],[924.5,719.76],[927.26,720],[929,721],[929.26,722],[929.76,722],[929.76,723],[931,723.26],[931.76,724]]],[[[926.76,870],[926.5,870],[926.5,869.76],[926.76,870]]],[[[927.76,870.26],[927,870],[927.76,870],[927.76,870.26]]],[[[928.76,872.5],[928.5,872.5],[928.5,871.76],[929.26,871.76],[929,872.5],[928.76,872.5]]],[[[905.26,681.76],[904.76,681.26],[905.76,680.5],[905.26,681.76]]],[[[922.26,671.26],[922.26,672],[921.26,672],[922.26,671.26]]],[[[932,662.5],[932.5,661.76],[933.26,661.76],[932.76,663.26],[932,663.26],[932,662.5]]],[[[935,665.26],[935.5,664.26],[937,664.26],[937.26,665.26],[935,665.26]]],[[[960.5,652.76],[961.26,652],[961.26,651.26],[962.26,650.76],[963,651.26],[963,654],[962.76,654.26],[960.5,654.26],[960,655],[959.26,655],[959.76,653.5],[960.5,652.76]]],[[[957.5,656.76],[957.26,656],[958.5,655.5],[958.5,656.5],[957.5,656.76]]],[[[963.5,649.76],[963.5,649.26],[964.76,649.26],[965,651.26],[963.5,652.26],[963.5,649.76]]]]},"properties":{"id":"k20","key":"k_qohor","name":"Qohor","counties":53,"color":"#e7dbdd","owner":null,"ownerCountryId":null,"notes":""},"id":"k20"},
{"type":"Feature","geometry":{"type":"MultiPolygon","coordinates":[[[[721,740.26],[721.26,740.26],[721.5,742],[722.26,742.5],[724.76,742.5],[725.5,743.26],[726.76,743.76],[727.5,744.76],[727.76,746.5],[728.26,747],[728.5,749],[729.5,749.5],[729.76,750.5],[730.5,751.76],[732,752.5],[733.76,752.5],[734,752.76],[734,754.5],[733.26,755.26],[733,756.26],[731.76,757.26],[731.76,758.26],[733.5,760],[734,760.76],[734,762.76],[733.26,763.5],[733.26,764.26],[732.5,765.76],[732.76,767.26],[733.76,768.5],[733.76,770.76],[733,770.76],[731,770],[730,769],[729,768.5],[727.76,768.76],[725.26,768.5],[724.5,769],[721.5,769],[721,768.5],[720,768.5],[719.5,767.76],[718.5,767.76],[717.5,766.76],[717.5,766.26],[716.5,765.5],[716,764.5],[714.76,764],[714.5,763.26],[713.76,762.76],[712.5,761],[711.76,760.76],[709,760.76],[707.76,761],[706.5,760.5],[704,760.5],[703.76,760.26],[703.76,759.26],[703.26,758.76],[703.5,757.5],[704.26,756.76],[704.5,754.76],[705.5,754],[704,751.76],[704.5,750.5],[704.76,749],[705.5,748.26],[705.5,747.5],[706.76,747],[707,746.5],[708.76,746.76],[709,746],[710,746],[710.5,745.5],[710.5,743.76],[711,743.5],[711.26,742.5],[712.5,741.76],[713,742.26],[715,742.26],[716,740.5],[716.76,740.26],[718,740.76],[718.26,740],[719.5,739.26],[720.26,740.26],[721,740.26]]],[[[733.5,745.26],[734,745.76],[733.76,747.26],[736.26,748],[737.5,747.5],[738,748.5],[740.26,749.5],[740.76,751],[741.5,751],[742,751.76],[741.76,753.26],[742.76,753.5],[743.26,755.76],[742.76,756],[742.76,758.26],[744,758.5],[744.5,758],[745.76,758.26],[747,760],[748.26,760.5],[748.26,762],[748.76,762],[748.76,763],[750,763.76],[750,764.76],[751.26,765.5],[751.26,766.76],[751.76,767],[752,768],[751.76,768.76],[753.5,769.26],[753.76,770],[755.26,770.5],[755.5,770],[757.5,770.76],[758,770],[759.26,770.26],[759.26,771],[761.76,771.26],[762.26,770.76],[762.5,771.5],[763.26,771.76],[763,772.26],[763,774],[764,773.5],[765,773.5],[766,774],[766.5,774.76],[767.26,775],[767.26,775.76],[768.5,776.76],[768.5,777.5],[769.5,777.76],[769.5,778.5],[771.26,779.76],[771.26,780.26],[773.76,780.5],[774.76,779.5],[776.26,779],[778.26,780.26],[779.5,780.76],[781,780.5],[781.26,780],[782.26,780],[783.26,781],[785.76,781.26],[785.26,781.76],[785.76,783],[785.76,786.26],[786.26,787.26],[787.26,788],[787.26,789.76],[789,790.76],[789.76,791.76],[789.76,795.5],[790,795.5],[790,798.5],[790.26,798.5],[790,800.76],[790.5,801],[790.76,802.76],[789.76,803],[789.5,803.76],[788.5,804.5],[788.5,805],[784.5,805],[783.5,804.76],[783.26,804.26],[781,804.26],[780.26,803.76],[778.26,803.76],[777,805],[775.76,805.26],[775,806.26],[773.5,805.5],[772,805.5],[771.26,806.26],[769.76,806.26],[769.26,805.5],[768,804.5],[767.26,804.5],[765.76,802.76],[764.76,802.5],[764.5,802],[763.5,802],[762.76,801.5],[761.5,801.5],[760.5,800.76],[759.5,800.5],[759.26,800],[758.26,800],[757.26,798.76],[756.76,798.76],[756.5,797.26],[754.76,796.26],[754.76,793.76],[754.26,793.5],[753.76,792.26],[753.76,789.26],[753,788.5],[752.76,787.5],[751.5,787],[750,787],[749.5,786.26],[747.76,786.26],[747.76,786],[745,785.5],[744.76,785],[743.26,784],[742.76,782.76],[742,782.26],[742.26,781],[742.26,777],[741.76,776.5],[739.26,776.5],[738,776.26],[737,775.5],[736.26,775.5],[736.26,774.26],[735.26,773.26],[735.26,769.76],[735.5,768.76],[734.26,767.5],[734,766.26],[734.5,764.76],[735,764.5],[735,762.5],[735.26,762.5],[735.26,760.76],[735.5,760],[734.76,759.76],[733.76,758.5],[732.76,758.26],[733,757],[733.76,756.76],[734.26,756],[734.26,755],[734.76,755],[735.5,754],[735.5,752.76],[734.26,751.76],[732.26,751.76],[730.26,750.26],[730.26,748.5],[730,748.5],[730,746.76],[729.26,746.26],[729.26,745.5],[730,745.5],[730,745.26],[733.5,745.26]]],[[[873.76,833.76],[872.5,834.76],[871.76,834.76],[871,835.5],[870,835.5],[869.26,836.5],[869.26,837.26],[867.76,838],[867.26,841.26],[866.76,841.26],[866.5,844.26],[865.5,845],[864.76,845],[864,846],[863,845.76],[862.76,846.5],[861.5,846.5],[860.76,847.76],[860.76,848.76],[859.76,849.5],[860.26,849.76],[860,851],[860.5,851.26],[860.5,852.76],[862,853],[862.26,852.5],[863.76,854.26],[864.5,854.26],[864.76,853.5],[865.76,853.5],[866.5,854.76],[868.26,854.76],[869.5,855],[870,856],[871.5,856],[872,857],[872,858],[872.76,858.76],[874.5,858.5],[874.76,858],[876.26,858],[877.26,857.26],[877.76,856.26],[879.26,856],[880,856.76],[880.76,856.76],[881,856],[882.26,856],[882.76,856.76],[883.76,856.76],[884.26,856.26],[885.26,856.26],[886.5,856.76],[887,857.5],[888.76,857.5],[889.76,856.5],[890.76,856.5],[892,855.5],[893,855.5],[893.5,856],[895.26,855.76],[896,855],[896,856.5],[896.76,857.76],[897.76,858.5],[900,858.76],[899.76,860],[900.76,860.26],[901,860.76],[902,860.76],[902.26,860.26],[903.26,860.5],[903.5,861.26],[902.76,861.5],[904,863.26],[903.76,864],[902.76,864.76],[902,864.76],[901,865.5],[900.26,865.5],[899.26,866.26],[899.26,867.26],[898.76,867.26],[897.76,868.76],[896,868.76],[895.26,869.26],[895.5,871],[894.76,871.5],[894.5,872.26],[893.76,872],[892.76,872.26],[892.26,873],[890.5,872.76],[889.76,873.26],[889.76,874],[889,874.26],[889,875],[888,875.5],[888,876.26],[886.5,877.26],[886.26,878],[885.5,878.5],[884.26,878.76],[883.76,877],[882.76,877.26],[882.5,877.76],[881.26,878],[880.5,879],[878.5,879.26],[877.76,878.76],[877.76,877.5],[877,878],[876,879.5],[873.5,879.26],[873.26,879.76],[872,879.5],[872,881.26],[869.26,882.26],[869.26,884],[869,884.76],[869.5,885.5],[870.76,886.5],[870.5,888.5],[869.76,889.26],[869.5,890.76],[869,891],[868.5,892.5],[867.76,893.26],[866.5,893.76],[865,894],[865,893.5],[864,893.5],[863.26,892.5],[862.76,892.5],[860.76,894.76],[859.76,895],[859.76,896],[859.26,896.26],[859,897.76],[858,898],[857.76,898.5],[856.76,898.5],[856,899.76],[856,900.76],[856.5,900.76],[856.5,902],[856,902.26],[856,904],[855.5,904.26],[855.5,907.26],[855.26,908],[855.26,910.26],[856,911],[856.26,912],[857.26,912.26],[857.5,914.26],[855.76,915.26],[855.76,917],[856.26,918],[856.26,919.26],[856.76,919.76],[856.5,920.76],[853.76,920.76],[852.76,922],[851.76,922.76],[849.5,922.76],[848.76,922.5],[848.76,923.5],[848.26,924.5],[847.5,925],[846.26,925.26],[844.5,925.26],[843.26,925.5],[843.26,926.26],[842.5,927.26],[840.26,927.26],[840,928.26],[839.26,929],[839.76,930.26],[839.76,935.76],[840.26,936.5],[840.26,939.26],[841,940.26],[841,942.76],[842.5,943.76],[842.5,944.26],[843.5,945],[843.76,947.26],[841.5,948.76],[841.5,949.26],[840,951],[840,953.26],[838.76,954.26],[838.5,956],[837.76,957.26],[837,957.26],[836.5,958],[835.76,958.26],[834.76,958],[832.5,958],[831.26,958.5],[830.26,960.26],[829.76,960.5],[827.26,960.76],[826,959.26],[825.26,959],[825.26,958],[824.76,957.76],[822.5,955.26],[821,954.26],[821,952],[820.5,951.5],[819.26,949.26],[818.76,949.26],[818.26,948.26],[816.5,945.76],[816,944.5],[816.26,942.5],[817,941.26],[817.26,939.76],[817.26,935.76],[817.76,935],[817.76,932.26],[818,932.26],[818,930.5],[817.5,929.5],[817.5,928.26],[818.5,926.76],[819,925.5],[819.5,923.26],[820.5,922],[820.76,919.5],[821.26,918.76],[821.26,917],[820.76,915.5],[819.76,913.76],[819.76,912.76],[819,912.26],[819.26,911],[819.26,908],[820.26,906.76],[821.26,906.5],[821.76,905.76],[823,905],[823.5,903],[824.76,901.76],[825.26,900.26],[825.26,898.26],[824.76,897.26],[822.76,895.5],[821.76,893.26],[820,890.5],[820,888.76],[820.26,888.76],[820.76,887],[821.26,886.26],[823.26,884.5],[823.76,883],[825,881.26],[825.26,879.5],[826,879],[826.76,877],[827.26,876.76],[827.5,875.76],[827.26,874.5],[827.26,870.26],[827.5,870.26],[827.5,866.76],[827.76,866.76],[827.76,865],[828,863.5],[828.5,862.76],[828.5,858],[828.26,858],[828.26,854.26],[827.5,853.5],[827.5,851.76],[828.26,850.26],[828,849.26],[828,847.5],[828.26,846.5],[828.76,846.26],[828.76,844.76],[830,842.76],[832,840.5],[834,839],[834.26,838.26],[834.26,835.5],[834.76,834.76],[834.76,833.26],[835.76,832.5],[835.76,831.5],[837.26,830],[839,829.76],[839.26,829.26],[841,829.26],[841.26,828.76],[842.76,828.76],[843.26,827.5],[844,826.5],[844.76,826.5],[846.26,825.26],[847.26,825.26],[847.5,824],[848.26,822.76],[848.26,821.5],[848.76,820.26],[849.76,819.76],[851.5,819.76],[851.5,819.5],[853.5,819.5],[853.76,819],[855.26,819],[855.76,818.26],[855.76,817.26],[856.5,816.26],[856.76,814.76],[857.76,814],[857.76,813.26],[859,812.5],[859.5,811.5],[859.76,809.26],[859.26,808.76],[859.76,807.26],[860.26,807],[861,805.76],[862,805.76],[862.76,805.26],[863,804.26],[863.76,803],[868,801.26],[868.26,800.76],[869.26,800.5],[869.76,799.76],[871,799.76],[872,799.26],[874,799.26],[875.26,799.5],[876.26,800.5],[876.26,801.26],[875.5,802],[876.26,802.5],[876.26,805.26],[875.26,806],[874.26,807.76],[873.26,807.5],[870,807.5],[869,808.26],[869,809.5],[868,809.76],[868,811],[868.5,811.26],[868.5,813.5],[868.26,814.26],[869.76,815.5],[870,816.76],[869,817.26],[869,818.26],[868.26,818.5],[868.76,819.26],[868.5,820.5],[869,820.76],[868.26,821.26],[868,822.76],[868.26,823.26],[868.5,823.5],[868.76,823.76],[868.76,824],[869,824.26],[869.26,824.5],[869.26,825],[869.5,825.26],[869.26,826],[870,826.26],[871,826.5],[871.5,826.76],[871.76,827],[871.76,827.26],[872.26,827.5],[872.5,827.76],[873,828],[873.26,828.26],[872,829.5],[872,831],[871.5,831.76],[871.76,832],[872.76,832.26],[873,832.5],[873.5,832.76],[874,833],[873.76,833.76]]],[[[797,782.26],[797.5,782.5],[797.76,782.76],[798,783],[798.26,783.26],[798.76,783.5],[798.76,783.76],[801,783.76],[801.76,784],[802.5,784.26],[802.5,784.5],[803.26,784.5],[803.5,784.5],[803.76,784],[804.76,783.76],[805,783],[806.5,783.26],[807,782.5],[808,783],[809,781.5],[810,781.5],[809.5,780.26],[810.26,780.26],[810.26,779.5],[809.5,779],[810,777.76],[809.5,777],[811,777],[811,775.76],[812,775.5],[812,774],[812.5,773.76],[812.5,772.76],[813.26,772.26],[813.26,771.26],[814,770.76],[815.26,770.76],[815.76,770],[817.26,769.5],[817.5,769],[819.76,770],[820.5,769.5],[820.26,771],[821.26,771.76],[820.26,772.26],[821,773.26],[820.76,774.5],[822.5,775],[825.26,775],[826.26,774.26],[827,773],[828.26,773.26],[828.26,774],[829.5,774.5],[830,776.5],[831,777.26],[832.76,777.5],[833.26,776.76],[834.5,777],[834.76,778],[835.76,778.26],[835.5,779.76],[836.26,780.26],[837.26,780.26],[837.26,782.5],[837.76,782.5],[838.26,783.76],[839,784.5],[839,786],[839.76,786.5],[839.76,787.5],[840.5,788],[840.26,789.5],[841,789.76],[841,790.76],[840.5,792],[841,793],[840.26,793.26],[840.26,794.5],[839.76,794.76],[839.76,795.76],[842,796.76],[844,796.5],[844.26,797],[845.76,796.76],[846.26,796],[847.26,795.76],[847.5,795.26],[849.26,794.76],[850.26,795.26],[850.76,794.26],[851.76,794.26],[851.76,794.76],[852.76,794.76],[853,794.26],[854,794.26],[854,795],[853.26,795.26],[852.5,796.5],[852.5,799.5],[852.26,799.5],[851.76,801.5],[850.5,802.26],[850.5,807.5],[849.76,808.5],[848.5,809.26],[848.76,811],[847.76,811.76],[847.76,812.76],[847,813.26],[847,814.76],[846,816],[846.26,818],[847,819.26],[847,821.76],[846.5,822.26],[846.26,823.76],[845.26,823.76],[844.5,825],[843,825.26],[842.26,826.5],[841.26,827],[840.26,827],[839.5,827.5],[839.26,827],[837.5,827.5],[836.5,829],[834.26,829],[833.76,829.5],[833.76,831.26],[833.5,831.26],[833.5,834.26],[833,834.76],[833,836.26],[832.5,836.76],[832,838.26],[830.76,838.26],[828.76,840],[828,840],[827.26,841],[826.26,843.5],[825.5,843.5],[825.26,844.26],[823.26,845],[823,845.5],[821.5,845.76],[820.76,844.76],[820,844.76],[819.76,844],[818.76,844],[818.26,843],[817,843],[816.76,842.5],[814.26,842.5],[813.26,842.26],[813,841.5],[812,840.5],[812,838.5],[811.5,837],[813.26,836.26],[813,834.26],[813.76,832.76],[813.76,830.26],[813.5,829.5],[812.26,828.5],[811,828],[809.76,827],[809.76,825.5],[809,825],[809,823.26],[808,822.76],[807.76,821.26],[806,820.5],[805.26,819.5],[804.26,819.26],[804,818.76],[802.26,818.26],[801.26,817.5],[799.76,817.26],[797,817.26],[796.26,816.26],[795.5,816.26],[794.76,815.26],[793.26,814.5],[793.26,812.5],[793,811],[793.76,810.26],[794,809],[794,807.26],[793,805.76],[793,803],[793.26,802.26],[792.26,801.5],[792,800.76],[792,799],[791.5,798.5],[791.5,795.76],[791.26,795.76],[791,793.5],[791.5,793],[791.5,791.5],[789.76,790],[789.76,789.5],[788.5,788.26],[788.5,787.5],[787.76,786.76],[788.5,786.26],[789.76,785.76],[791.5,783.76],[792.76,784.26],[793,783.76],[793.76,784],[794.5,783.26],[796,783],[797,782.26]]],[[[733,813.26],[733,812.76],[732,812.76],[731.76,812.26],[729.5,811.5],[729.76,810.26],[729.5,809.26],[728.26,808],[728,807],[727.26,806.76],[727.26,805.5],[725.76,805],[726,802.5],[725.5,801.26],[724.5,800.76],[723.5,800.76],[722.5,800.26],[722.5,799.5],[721.26,799.5],[721.26,797.5],[720.76,796.76],[719.5,796.5],[719,796],[719.5,793.76],[718.26,791.76],[718.26,791.26],[717,790.26],[715.5,789.5],[715.26,788],[714.76,787.76],[714.76,786],[714,785.5],[712.26,785.5],[711.5,784.76],[711.76,783.76],[711.76,781.5],[711.26,781.26],[711.5,779.76],[711,779.26],[709.26,779],[709.26,777],[708,776.76],[708,776],[707,775.26],[707.26,773.5],[706.5,772.5],[706.5,771.26],[705.76,770.76],[704,770.76],[703.26,769.76],[702,769.76],[701.26,768],[701,766.76],[702.5,765.5],[703,764.76],[703,762.26],[703.5,761],[706,761],[707.26,761.5],[710.26,761.5],[711.5,761.26],[713.26,762.5],[713.5,763.5],[715.26,765],[715.26,766],[716.26,766],[716.26,766.76],[717.76,767.76],[717.76,768.26],[719,768.5],[720,769.26],[720.76,769.26],[721,770.26],[723,770.26],[723,770.5],[725.5,770],[728.26,770],[729,769.76],[730.26,771.26],[732,771.76],[733,772.5],[733.76,772.5],[735,774.5],[735,775.76],[735.5,776.76],[736.76,777.76],[737.26,777.5],[739.5,777.5],[740.5,778],[740.5,779.76],[740.76,779.76],[740.76,782.76],[742.26,784.76],[743.5,785.5],[744.5,787.26],[746,787],[746.26,787.5],[748.5,787.5],[749.26,788],[751,788],[751.26,788.76],[752.5,790],[752.5,793.26],[753,793.76],[753,796],[753.26,797.26],[754.26,797.5],[755.26,798.76],[755.5,799.76],[757,800.5],[757.26,801.26],[758.26,801.26],[758.76,802],[759.76,802.26],[760.26,803],[762,803],[763.5,803.26],[764,804.26],[764.76,804.26],[765.76,805],[766.76,806.5],[767.76,806.5],[768.76,807.5],[770,807.5],[770.26,808],[771.5,807.76],[772,807],[773,806.76],[774,807.5],[776,807.76],[776.5,807],[778,807],[779.26,806],[779.26,805.26],[780.26,805.26],[781.5,806],[783,806],[783.5,806.5],[787,806.5],[787,806.26],[789.76,806.26],[790,805.76],[791.5,806],[792.26,808.26],[792.26,810],[791.76,810.26],[791.76,811.5],[791,812.26],[791,814.76],[791.5,815.76],[791.5,817],[793,817.26],[794.26,817.76],[795,818.76],[800.76,818.76],[801.5,820.26],[802.5,820.26],[803.26,821.26],[804.5,821.26],[806.5,822.5],[806.5,823.26],[807.76,824.26],[807.76,825.76],[808.5,826.26],[808.5,828],[809.5,828.76],[809.5,829.26],[811.5,830.5],[811.5,831.76],[810.76,833],[810.76,833.76],[810,834.76],[810,836],[809.26,837],[809.26,839],[811.76,843.5],[812.26,843.5],[813.76,844.5],[815.26,845],[816.26,845],[817,845.5],[817.26,846.5],[818,847.5],[818,849.26],[818.26,849.26],[817.76,851.5],[817.26,851.76],[816,853.5],[815,854.26],[815.5,855],[815.5,856],[816.76,856.26],[817.5,857.26],[818,858.5],[818.76,859],[819.5,861.5],[820,861.76],[820.26,862.76],[820.26,866.26],[820.5,867.5],[821.5,868.26],[822.5,870.5],[822.5,872.5],[823.26,874],[823.26,876.26],[823.5,876.26],[823.5,878],[823.26,878],[823.26,880],[822,881],[822,881.5],[821,882.26],[819.5,884.26],[819,884.26],[818,885.5],[817.76,886.5],[816.76,887.76],[816.76,889.5],[816.5,890.76],[818,892.5],[818.5,893.5],[819.5,896.5],[820.5,897.5],[820.76,898.5],[821.26,898.76],[821.26,900.5],[821,901.26],[820.26,901.76],[820,902.76],[819.5,902.76],[818.5,904],[816.5,905.5],[815.76,906.5],[815.26,908.26],[815.26,913],[816.26,914.5],[816.76,915.76],[817.5,916.26],[817.76,917.26],[817.76,919.26],[817,921.76],[815.76,922.26],[814.76,922.26],[814,921.5],[814,920.5],[813.26,920],[813.5,918.26],[812.76,917.76],[811.76,917.76],[811.5,917],[810.26,916.26],[808.26,916.26],[808,915.76],[806.76,916.26],[804,916.26],[803.26,916.76],[801.5,916.76],[801.26,915.76],[800,915.26],[800.26,914.26],[801,913.76],[801,912.5],[802.26,911.5],[802.5,911.5],[803.5,911.5],[803.76,912],[805.26,912],[806,911.5],[806.5,912.5],[808.5,912.26],[808.5,910],[808.26,910],[808.26,908.26],[807.76,907.76],[807.26,906],[806.5,905.76],[806.26,905],[804,905],[803.5,905],[802.76,904.26],[803,902],[803.5,901.26],[802.5,900.76],[802.26,899.76],[801.26,900.26],[800.5,899.26],[800.26,898.26],[799.5,897.76],[797.76,897.5],[798.26,896.76],[798.26,895.26],[797.5,894.5],[796.26,894],[796.26,893],[797.26,892.26],[797.26,891],[795.76,890],[794,888.5],[793,888.5],[792.26,889.76],[791.5,889.76],[791.26,889],[789.5,888.5],[789.5,889.26],[788.5,889.5],[788.26,890],[787,890.26],[786.26,889.76],[786,889],[784.76,889],[783.76,887.76],[782.76,887.5],[782.5,886.76],[781.5,886.76],[781.26,886],[779,884.26],[779,883.26],[779.5,882.76],[779,882],[778.26,881.76],[777.76,878.76],[777.26,878.5],[776.76,877.26],[775,877],[775,875.5],[774.5,875.26],[773.76,875.26],[773,874.5],[773,873.5],[772,872.26],[770.26,872.26],[769.5,871.26],[770,870],[770,866.5],[769,866.26],[769,865],[767.76,864],[767.26,863.26],[767.26,862],[765.76,861.26],[766.5,860],[765.76,859.26],[765.5,857.76],[764.76,856.26],[763.5,855.5],[763,854.76],[762.26,854.5],[762.26,851],[763,849.5],[761.5,849.26],[761.76,848],[761.76,846],[763,845],[762.5,843.76],[761.76,843.26],[762,842],[763,841.26],[763,840.26],[762,839.76],[762,838.76],[761.5,838.5],[761.26,837.5],[760.76,837.26],[760.76,836.26],[761.76,835.76],[761.76,834.76],[762.26,834.26],[762,833],[761.26,832.26],[761.26,831.26],[760.76,830.26],[759.76,830],[761,828.5],[761.26,826],[760.5,825],[759,825],[758,824.26],[757.26,822.5],[756,822.26],[756,823.5],[754.5,824],[753.76,822.76],[752.26,821.76],[747,821.76],[747,821.26],[745.26,821],[744.5,821.76],[743.26,821.5],[743,820.76],[743,819],[742.26,818.5],[741.26,818.5],[739.76,818],[738,816.76],[735.5,816.76],[734.76,815.76],[733,814.5],[733,813.26]]],[[[863,801.76],[862.26,802.5],[861,804.76],[859.76,804.76],[859.26,805.5],[858.5,805.76],[858.5,806.76],[858,807.76],[858,811],[857.76,811.76],[856.5,812.5],[856.5,813.26],[855.26,813.5],[855.26,815.26],[854.5,816.26],[854.5,817.5],[853.26,817.5],[853,818],[849.26,818],[848.26,819],[847,816],[847.76,815.26],[848,813.76],[849,813],[849.76,811.76],[849.5,809.76],[851.26,808.5],[851.76,807.76],[851.76,806],[851.26,805.26],[851.26,803.76],[852.26,803],[853,800.76],[854,800],[854,798.5],[855,798.5],[856.26,798.26],[856.5,799],[857.26,799],[858.5,800.5],[859.76,800.26],[860.5,799.76],[861.26,800.76],[862.5,800.76],[863,801.76]]],[[[817.76,855.5],[818.76,855.5],[819.76,854.76],[819.76,855.76],[820.26,856],[820.26,857.26],[818,857],[817.76,855.5]]],[[[821.76,862],[823,862.26],[823.26,863.5],[822.26,864],[822.26,865],[821.5,864.5],[821,862.5],[821.76,862]]],[[[824.76,851.26],[824.26,850.5],[825,850.26],[824.76,851.26]]],[[[826.26,851.26],[825.5,851.26],[825.26,849.5],[826,849.26],[826.26,848.5],[827.26,849],[827.5,850.5],[826.26,851.26]]],[[[825,856.76],[825,855.76],[825.5,855.5],[826.26,854.26],[827,854.5],[827,855.76],[827.5,856],[827.26,857],[826.5,857.5],[825,857.5],[825,856.76]]],[[[827.5,861],[826.5,861.76],[825.5,861.26],[826,860],[826,859],[827.26,859],[827.5,861]]],[[[825.26,865.5],[824.76,865.5],[824.76,864.5],[825.26,865.5]]],[[[823.26,866.5],[822.76,865],[824.26,865.26],[824.26,866],[825,866.5],[824.76,867.76],[824.26,868.5],[823.26,868.26],[823.26,866.5]]],[[[827.76,862.26],[827.26,862.76],[827.26,861.76],[827.76,862.26]]]]},"properties":{"id":"k21","key":"k_rhoyne","name":"Rhoyne","counties":32,"color":"#e8e0e0","owner":null,"ownerCountryId":null,"notes":""},"id":"k21"},
{"type":"Feature","geometry":{"type":"Polygon","coordinates":[[[2270.26,21.76],[2270.26,20.5],[2271.26,20.76],[2273.5,20.76],[2273.5,22.26],[2272.5,23],[2273.76,24.5],[2274.5,24.5],[2274.5,22.5],[2274.26,22.5],[2274.26,20.76],[2275,20.76],[2275.26,21.76],[2275.26,24.26],[2276.5,24.26],[2276.26,23.5],[2276.26,20.5],[2278.5,20.26],[2278.5,25],[2279,25],[2279,20.5],[2280.26,20.5],[2281.26,21.5],[2281.26,20.26],[2282,20.26],[2282,23.26],[2281.76,24.76],[2282.26,24.26],[2284,24.5],[2284.26,23.76],[2282.5,23],[2282.5,21],[2283,20.26],[2284.26,20.26],[2285,21],[2285,22],[2284.26,22],[2283.5,21.26],[2283.5,22.5],[2285,23],[2285,25],[2284.76,25.26],[2282.76,25.26],[2282.76,25],[2281,25.26],[2280.76,22.76],[2279.76,21.76],[2279.76,25.26],[2277.76,25.5],[2277.76,20.76],[2277,20.76],[2277,22.76],[2277.26,22.76],[2277.26,25],[2276.76,25.5],[2275.26,25.5],[2274.76,24.76],[2274,24.76],[2274,25.5],[2273.26,25.5],[2272.26,24.26],[2271.26,24],[2271,25.5],[2270.26,25.5],[2270.5,24.26],[2270.26,21.76]],[[2271,22],[2271.76,22.5],[2272.5,21.5],[2271,21.5],[2271,22]]]},"properties":{"id":"k22","key":"k_ruins","name":"Ruins","counties":1,"color":"#d2d5de","owner":null,"ownerCountryId":null,"notes":""},"id":"k22"},
{"type":"Feature","geometry":{"type":"MultiPolygon","coordinates":[[[[1321,937.26],[1318.26,938],[1317.26,938.76],[1315.76,938.76],[1314.26,939.26],[1313.26,940.76],[1311.76,941.26],[1311.5,941.76],[1310.26,942.5],[1308.76,944.5],[1308,944.76],[1306,944.76],[1306,945],[1303.26,946],[1302.26,946.76],[1301.26,948],[1299.76,948.76],[1298.76,948.76],[1298.5,949.26],[1297.26,949.5],[1296.76,950],[1293,950],[1292.26,951.5],[1291,951.5],[1289.26,952.5],[1288.76,953.26],[1286.76,954.5],[1283.26,954.5],[1283.26,954.26],[1281.5,954.26],[1281.5,954.5],[1277.5,955.76],[1276.26,957],[1275,957.76],[1273.26,957.76],[1271.76,958],[1270.5,958.76],[1269,959.26],[1267,959.26],[1266.26,959.76],[1263.76,960],[1263,959.26],[1260.26,958.76],[1259.76,959.26],[1257.5,959.26],[1257.5,959.5],[1255.76,959.5],[1254.26,960],[1254,960.5],[1252.76,961],[1249.26,963.5],[1247,963.5],[1247,963.76],[1245,963.76],[1244.26,962.76],[1243,962.76],[1242,963.76],[1241.26,964],[1237.76,963.5],[1236.5,962.26],[1235,962.76],[1231.5,962.76],[1230.5,963],[1230,964.76],[1229.26,965.26],[1227.5,965.5],[1227,966.5],[1226.26,967],[1226,967.76],[1225.26,968],[1223.5,967.76],[1223.26,967],[1224.26,966],[1224.26,964],[1224,963],[1223,962.26],[1222,962.26],[1221.5,963],[1220.26,963.5],[1219.76,964.26],[1219,964.5],[1217.26,964.5],[1216,965],[1215.5,965.76],[1215.5,967.5],[1215.26,968.76],[1212.5,969],[1211.26,968.26],[1209.26,968.26],[1209,967.76],[1206.76,968.76],[1206,971],[1204,971.26],[1203.5,970.76],[1203.5,969.5],[1202.76,969],[1201.76,969],[1201.5,969.5],[1200.26,969],[1200.76,967.26],[1201.76,966],[1203.26,965],[1203,963.76],[1201.5,964],[1200.76,965],[1199.26,965.26],[1199,964.26],[1199.76,963.76],[1199.5,962.26],[1198.5,962.26],[1197.5,962.76],[1197,963.5],[1197,964.76],[1194.76,965.76],[1194.26,966.5],[1196,967],[1196.5,966.26],[1197.5,966.26],[1197.76,967.26],[1198.5,967.76],[1198.5,968.5],[1197.76,969],[1197.76,970],[1199.5,970.5],[1199.76,971.5],[1198.76,972.26],[1197.5,972.26],[1197,972.76],[1197.26,974.26],[1195,976.26],[1195,976.76],[1193.5,976.5],[1193.26,976],[1191.5,976],[1191,976.76],[1189.26,977.76],[1189.26,978.5],[1188.5,978.26],[1187.5,977],[1186.26,977],[1184.76,977.76],[1184.26,981],[1182.5,981],[1182,980.5],[1180,980.26],[1180,979],[1179.5,978],[1180,977.76],[1180,976.76],[1179.5,975.5],[1179,975.26],[1179,974.26],[1178,973.5],[1178,971.5],[1177.5,970.5],[1179.26,970],[1179.5,969],[1180,969],[1179.76,967.5],[1178.76,967.5],[1178,966.5],[1178,965.26],[1177.26,965],[1177.26,964],[1178.26,963.76],[1178,962],[1177,962],[1177.26,960],[1176.26,959.5],[1176.26,958.76],[1175,958.76],[1174.5,957.5],[1173.26,956.5],[1173.26,955.76],[1174.5,955.26],[1174.5,954.5],[1173.76,954.26],[1174.26,953.76],[1174,951.5],[1175.26,951.5],[1175.76,950.76],[1175.26,950.5],[1175.26,949.5],[1175.76,949.26],[1175.76,947.26],[1175.76,946.76],[1178.5,946.76],[1182.5,949],[1182.76,947.5],[1183.76,946],[1184.5,945.76],[1184.76,944.76],[1185.26,944.76],[1186.5,943.26],[1188.26,942.76],[1188.76,942],[1189.76,941.5],[1200,941.5],[1200,941.26],[1202,941.26],[1205,940.5],[1206.5,940.5],[1207.5,940],[1209.26,940],[1210.5,939.76],[1211.26,939.26],[1214,939],[1215.26,938.5],[1216.76,938.5],[1219,938],[1219,938.5],[1220.5,939.5],[1222,939.76],[1222.5,940.26],[1223.5,940.26],[1224.76,941.26],[1226.26,941.26],[1226.26,940.76],[1227.26,939.76],[1228.76,939.76],[1229,940.26],[1230.26,940],[1230.76,940.76],[1232.5,940.5],[1232.76,942],[1232.26,942.26],[1232.76,943.5],[1233.76,944],[1234,945.26],[1236,944.5],[1237.76,945.26],[1239,945.26],[1239.5,944.76],[1240.76,946.5],[1241.76,946.5],[1243.5,945],[1243.5,944.5],[1244.5,944.5],[1245.26,945.26],[1245.76,946.5],[1247.5,946],[1248.26,945.26],[1249,945.26],[1249.5,946.26],[1250.26,946.26],[1250.76,944.76],[1252.76,944.5],[1253,944],[1254.5,944],[1255.26,945.76],[1256.26,946],[1256.76,945],[1257.5,944.5],[1258.5,944.76],[1258.5,945.5],[1259.76,945.26],[1260.5,944.26],[1260.5,943.5],[1261.26,943],[1262.5,943.26],[1263.5,942.26],[1265,942.26],[1265.26,942.76],[1267,942.76],[1267.76,943.26],[1269,942.26],[1270.26,942.26],[1271,942.76],[1272,941.76],[1272,940.76],[1273,940.5],[1273.5,941.26],[1275,941.26],[1275.5,940.5],[1278.26,940.5],[1278.26,939.5],[1277.76,938.5],[1279,938],[1279,937.5],[1280,937.5],[1280.76,938.5],[1281.76,938.5],[1282.26,938],[1283.5,938],[1284.26,939],[1285.26,939],[1286.26,939.76],[1286,940.5],[1285.26,940.5],[1285.26,941.5],[1286.5,941.26],[1288.76,941.26],[1289.76,940.5],[1292.26,940.5],[1293.26,939.5],[1296,938.5],[1297.26,937.26],[1298,937.26],[1299.76,936.26],[1301.26,936.26],[1302.26,935.76],[1304,933.5],[1306,933.26],[1306.5,932.26],[1308.5,931],[1309.76,929],[1311,928.26],[1312.26,926.76],[1314.26,927],[1315,928.5],[1316.26,928.5],[1316.26,929.26],[1317,928.76],[1317.76,929],[1317.5,931.26],[1317.76,931.76],[1318.76,931.5],[1319,932.5],[1319.76,932.76],[1319.5,934.26],[1320,935],[1321,935.5],[1320.76,937],[1321,937.26]]],[[[1250.76,1182.76],[1250,1182.5],[1249,1183.76],[1248,1184],[1247.26,1184.76],[1245.26,1184.76],[1244.5,1183.76],[1243.5,1183.76],[1243.26,1183],[1242.5,1182.5],[1240.26,1182.26],[1239.5,1182.76],[1236.76,1182.76],[1236.76,1183.76],[1234.76,1183.76],[1233.76,1183.5],[1233.26,1184],[1231.5,1183.5],[1231.5,1181.26],[1230.26,1180.76],[1228,1180.76],[1227.76,1180.26],[1224.26,1180.26],[1222.5,1180],[1222.5,1179.5],[1220.76,1179.5],[1219.26,1178],[1219.26,1176.5],[1220.26,1175.5],[1220.26,1174.5],[1218.26,1173.26],[1218.26,1171.26],[1217.26,1171],[1216.76,1171.76],[1214.76,1171.76],[1214.5,1171.5],[1214.5,1169.76],[1213.76,1169.26],[1213.76,1168.5],[1215.26,1168.26],[1215.5,1167.76],[1216.76,1167.5],[1217.26,1167],[1218.76,1167],[1219.5,1166],[1219.76,1164],[1221.5,1163.76],[1222,1163.26],[1223,1163.26],[1221.5,1161.26],[1220.5,1160.76],[1221,1160],[1223.26,1160],[1224.5,1159.76],[1224.76,1159.26],[1224.76,1157.5],[1224.5,1156.76],[1222.76,1154],[1222.26,1154],[1221.26,1152.76],[1220,1152.26],[1219.76,1150.76],[1219,1151.26],[1217.5,1151],[1216,1149.5],[1214.5,1148.76],[1214.5,1147.76],[1214,1147.76],[1213.5,1146.76],[1213.5,1145.5],[1210.76,1145.5],[1210.26,1144.76],[1209,1144.5],[1208,1145.5],[1205.26,1145.26],[1204.76,1144.76],[1205,1143.26],[1203.26,1143],[1202.26,1142],[1203.5,1142],[1204.76,1140.76],[1204.76,1140],[1203.26,1139.26],[1203.26,1138.26],[1201.76,1137.26],[1201.76,1136.76],[1199.76,1136.76],[1199,1136],[1196.76,1136],[1195.26,1135.5],[1195.26,1134.76],[1196.26,1134.26],[1196.76,1133.5],[1196.5,1132.5],[1196.5,1129],[1195.26,1129],[1194.26,1131.76],[1192.76,1131.76],[1192.76,1132.76],[1192.26,1132.76],[1191.76,1133.76],[1191,1133.76],[1190.76,1133],[1188.76,1133.26],[1188.5,1132.76],[1186.76,1132.5],[1186.76,1132],[1185.76,1132],[1184.76,1131],[1184,1131.26],[1184,1130.5],[1182.5,1129.76],[1180.5,1129.76],[1180,1128.76],[1180,1124.76],[1179,1124.5],[1178.76,1125.26],[1177.5,1125.26],[1177.5,1124.26],[1176.5,1124],[1176.26,1124.5],[1173.76,1124.5],[1174,1122.26],[1173,1122],[1173,1120.5],[1172.26,1120.5],[1172.76,1118.76],[1173.26,1118],[1171.5,1117.76],[1171,1115.76],[1171,1114.26],[1170,1113.76],[1168.26,1114.5],[1168.26,1113.76],[1166.76,1113],[1166.76,1111.76],[1168.26,1111.26],[1168.5,1109.76],[1168,1109.5],[1167.76,1108.5],[1166.26,1107.76],[1166,1106.5],[1166.76,1106.76],[1168.76,1106.5],[1169.76,1105.26],[1169.26,1104.5],[1167.76,1104.5],[1167,1105],[1165.76,1105],[1165.26,1104.5],[1164.26,1104.5],[1163.76,1104],[1161.76,1104],[1161.5,1104.5],[1159.76,1104.26],[1159.76,1102.5],[1159,1102],[1158.76,1100.5],[1157.26,1100],[1157.5,1098.26],[1156,1098.26],[1155.5,1096.76],[1154.5,1096.26],[1154.26,1095.5],[1154.76,1095],[1155,1093.26],[1153.76,1092.76],[1152.76,1091.5],[1150.5,1091.5],[1149.76,1090.26],[1149,1090.26],[1148.5,1089.26],[1148.5,1088],[1147.76,1088.26],[1146,1088.26],[1144.76,1088.5],[1145.26,1087.5],[1145.5,1086],[1145.26,1084],[1145.76,1083.26],[1145.76,1081.5],[1146.5,1080.5],[1145.76,1080],[1145.5,1078.5],[1144.76,1078],[1143.76,1078],[1143.76,1077],[1142,1076],[1142,1075.26],[1144,1073.76],[1144.26,1072.26],[1141.5,1070],[1141.76,1069],[1140.5,1069],[1139.5,1068.26],[1139.5,1067.26],[1140.26,1066.5],[1139.76,1066.26],[1139.26,1065],[1138.26,1064.5],[1138.26,1063.76],[1139.5,1063.76],[1140.76,1064.26],[1141.26,1065],[1142,1065],[1142.5,1065.76],[1145.26,1065.76],[1147.26,1068],[1148,1068],[1148.76,1067.26],[1150.5,1067],[1151,1066.26],[1153.26,1066.5],[1154,1067.5],[1156.76,1067.5],[1157.76,1068.26],[1159.5,1068],[1160,1067],[1160.26,1065.5],[1161.76,1065.76],[1162.5,1066.5],[1162.76,1067.76],[1163.26,1068.26],[1165.26,1068.26],[1165.5,1068.5],[1167.26,1068.5],[1167.76,1068.26],[1167.76,1069.26],[1168.76,1069.26],[1168.5,1070.26],[1169.26,1070.5],[1170,1071.5],[1172,1071],[1172.26,1071.76],[1174.5,1072],[1176,1072.76],[1179.26,1072.76],[1179.76,1073],[1180.26,1071.5],[1182.5,1072.26],[1183,1072.76],[1183,1074],[1184.26,1074.5],[1186,1074.5],[1186.5,1076.26],[1188.26,1077.5],[1190.26,1077.5],[1190.26,1076.76],[1192.26,1077],[1193.26,1076.26],[1195.26,1077.76],[1197,1077.76],[1198,1078.26],[1198.76,1079.5],[1199.5,1080],[1200.76,1080],[1201.5,1079.5],[1201.76,1078],[1204,1078],[1204.5,1077.5],[1206,1077.76],[1206.26,1077.26],[1207.5,1077.5],[1208.5,1075.5],[1209.5,1075.5],[1210.26,1076],[1210.26,1075],[1210.76,1075.5],[1211.76,1075],[1212.26,1073.76],[1213,1073.76],[1214.26,1074.76],[1215.76,1074.26],[1215.76,1073.26],[1216.76,1073.26],[1216.76,1070.26],[1215.26,1069.76],[1215.26,1068.26],[1214.5,1066.76],[1213.26,1066.26],[1214,1064.26],[1215,1064],[1215.26,1063.26],[1216.5,1062.5],[1217.26,1062.5],[1218.26,1060.76],[1218,1059.76],[1218.76,1059.5],[1218.5,1058.5],[1217.76,1058],[1216.26,1058],[1216.26,1057],[1217,1056],[1217.26,1054.76],[1218,1054.26],[1219.5,1054],[1220.76,1053],[1220.5,1051.5],[1221.5,1050.76],[1221.5,1049],[1221.26,1048],[1222,1047.76],[1223,1048.5],[1224,1048.5],[1224.76,1047.76],[1224,1046.76],[1224,1044.26],[1223.76,1043.76],[1222.5,1043.76],[1222,1044.5],[1221.26,1044.5],[1221.26,1043],[1222,1042.26],[1222.26,1041],[1223.5,1039.5],[1223.76,1037.76],[1223.26,1036.76],[1223.5,1035.26],[1223.5,1033],[1224,1032.26],[1224.76,1032.26],[1225.26,1031.5],[1226.26,1031.5],[1227.26,1032.26],[1228.76,1032.5],[1228,1031.26],[1227.5,1029.76],[1223.26,1029.76],[1222.5,1029.5],[1222.26,1028.26],[1221,1027.76],[1220,1026.5],[1218.76,1026.26],[1218.5,1025.76],[1216.5,1025.76],[1216.76,1025.26],[1216.76,1023.26],[1217,1023.26],[1217,1021],[1215.5,1019.5],[1216.5,1018.76],[1217.26,1017.76],[1217.26,1017],[1218.26,1016.26],[1218.26,1014.76],[1217.5,1014],[1217.26,1012.76],[1218.76,1012.5],[1220.5,1011.5],[1221.26,1010.5],[1220.76,1010.26],[1218.26,1010.26],[1217.5,1009],[1215,1010],[1214.76,1009.26],[1213.5,1008.76],[1214.26,1006],[1213.5,1006],[1213.26,1005.26],[1213.76,1004.26],[1211.26,1003.76],[1211,1003.26],[1211.26,1002],[1212.26,1001.26],[1212.26,1000],[1213.26,999.76],[1214,999],[1215.5,999.26],[1216,998.76],[1216.26,997.5],[1217.76,997.5],[1218.76,997],[1218.5,995.76],[1219.5,995.5],[1219.26,994],[1220.26,994],[1221.26,993.26],[1221.26,992.5],[1222,992.5],[1223.26,993.76],[1225,993.76],[1225.5,993],[1227.26,994],[1227.5,994.76],[1228.26,994.76],[1228.26,993.76],[1228.76,994],[1228.76,992.76],[1230.26,992.5],[1231,992],[1231.26,990.5],[1233.26,990.5],[1233.5,989.5],[1234.26,988.76],[1234.5,989.76],[1236,989.76],[1236,988.76],[1237.5,988.5],[1237.76,988],[1237.76,986.26],[1238.76,985.26],[1237,982.5],[1235.76,982.5],[1235,982],[1235,979.76],[1236,978.76],[1236.76,978.76],[1238.26,977.76],[1237.5,976.26],[1238.26,975],[1238.76,975.26],[1240.76,975.26],[1241.5,974.5],[1241.5,973.5],[1240.76,972.76],[1240.76,971.5],[1241.5,970.5],[1241.5,969.76],[1240.5,969],[1239.5,968.76],[1239.76,966.76],[1241.5,966.76],[1242.76,967.76],[1243.5,967.5],[1244,965.76],[1246.76,965.76],[1246.76,965.5],[1248.5,965.5],[1248.76,965],[1250.5,964.76],[1250.76,964.26],[1252.26,963.76],[1253.76,962.26],[1254.26,962.26],[1256,961],[1258,961],[1258,960.76],[1260.5,960.76],[1260.5,960.5],[1262.26,960.5],[1263,960.76],[1263.5,961.5],[1267.5,961],[1268.26,960.26],[1270,960.26],[1272.5,959.26],[1275.76,959.26],[1276.76,958],[1277.26,958],[1280.5,955.76],[1283.76,955.76],[1283.76,956],[1287.26,956],[1288.76,954.5],[1289.26,954.5],[1290,953.5],[1291,953],[1292,953],[1293,952.26],[1293,951.76],[1295,951.76],[1295,951.5],[1296.76,951.5],[1299.76,950.76],[1300.5,949.76],[1301,949.76],[1302.26,948.26],[1302.76,948.26],[1303.5,947.26],[1304,947.26],[1305.76,946],[1310.26,944.76],[1311.76,945.26],[1312.26,945.76],[1312.26,946.76],[1313,947.5],[1313,949],[1312.26,949.5],[1312.5,950.26],[1313.76,950.5],[1314,951.5],[1314.5,951.76],[1314.5,952.76],[1314,953.26],[1313,953.26],[1312.5,954.26],[1313.26,954.76],[1313.26,956.5],[1312.76,957],[1311.76,957],[1311.76,957.5],[1308.26,957.5],[1305.5,958],[1303.76,959.26],[1303.76,960.26],[1301.5,961.5],[1298.5,962.76],[1293.26,962.76],[1292.5,964],[1291.5,964.5],[1291.5,965],[1290.26,966],[1288,966],[1287.76,966.5],[1289.26,966.76],[1290.26,967.5],[1289.76,969.5],[1290.76,969.26],[1292,967],[1292.76,966.5],[1293,965.5],[1294.26,964.5],[1297.26,964.5],[1298.5,964.26],[1300.5,963.5],[1302.26,963.5],[1303.5,963.26],[1304.76,962.5],[1306,960.76],[1306,960.26],[1308,959],[1309.26,958.5],[1310.5,958.5],[1311.5,958],[1312.5,959.26],[1312.5,960.26],[1312,961.26],[1313.5,962.26],[1313.5,963.26],[1312.5,963.76],[1312,964.76],[1310.5,965],[1311.26,966],[1311.5,967],[1310.5,967.76],[1308.76,967.5],[1308.26,968.26],[1308,970],[1308.76,970],[1309.26,970.76],[1310.5,970.76],[1311,971.26],[1310.76,972.76],[1312,973.5],[1310.5,975.26],[1309.76,974.76],[1308.76,975],[1308.76,976],[1309.26,976.76],[1311.76,977.5],[1313.26,978.26],[1314.26,979.76],[1314.76,980],[1315.5,981.76],[1316.26,982.26],[1316.76,983.76],[1317.5,984.76],[1318.76,985.76],[1319,988.26],[1318.26,988.5],[1318,989.5],[1318,991.26],[1318.5,992],[1318.5,993],[1319.76,994.5],[1320,996],[1320.5,996],[1320,997],[1320,998.26],[1320.5,999],[1321.5,999.5],[1321.5,1002.26],[1320.76,1002.26],[1320.76,1005.5],[1319.76,1007],[1318.76,1007.5],[1317,1007.26],[1317,1008.76],[1316,1009.5],[1315.26,1009],[1314.26,1009],[1313.26,1009.5],[1313.26,1010],[1312.26,1010.5],[1310.5,1010.5],[1309.26,1010.26],[1308.26,1009.5],[1307.5,1010],[1307.76,1012.26],[1307.26,1012.5],[1307.26,1013.76],[1306.76,1014.26],[1304.26,1014.26],[1303.26,1013.26],[1302,1013],[1302,1011.26],[1301.5,1011],[1301,1009.5],[1300.5,1009.5],[1299.76,1008.26],[1299.26,1008.26],[1299.26,1010.5],[1300,1012],[1300,1015],[1300.26,1016.5],[1300.76,1017.5],[1300.76,1022.5],[1300.26,1023.5],[1300.26,1026.76],[1299.5,1027.76],[1298.26,1030.76],[1297.76,1031],[1297.5,1032],[1296.5,1032.76],[1296,1034.5],[1296.76,1035],[1296.5,1036.5],[1295,1037.26],[1295,1038.26],[1295.5,1038.76],[1295.5,1039.76],[1296,1040.5],[1295.5,1041],[1294.5,1041],[1293.76,1041.5],[1293.5,1042.26],[1292.5,1042.26],[1292,1041.76],[1290.76,1041.76],[1290.5,1040.26],[1289.26,1040.26],[1289.5,1038.5],[1289.26,1037.26],[1288.5,1035.5],[1288.5,1033],[1289,1032.76],[1289.5,1031.26],[1287.76,1030],[1287.26,1029],[1287.5,1027.5],[1287.5,1023.76],[1286.5,1021.26],[1285.5,1020],[1284.5,1020.5],[1284.5,1022.5],[1284.76,1022.5],[1284.76,1024.76],[1284.5,1024.76],[1284.5,1027.5],[1285,1028.26],[1285,1029.5],[1285.5,1030.26],[1285.5,1032],[1285.76,1032],[1285.76,1035.76],[1287,1038.26],[1287,1039.5],[1288,1041],[1287.76,1042.5],[1288.26,1043.26],[1288,1044],[1288,1047.26],[1287.5,1048],[1286.5,1048],[1284.5,1053],[1283.26,1053],[1283.26,1052],[1282.76,1051.26],[1282.76,1049],[1281.76,1047.5],[1281.5,1045],[1280.76,1043.5],[1280.5,1041.5],[1279.5,1042],[1279.5,1043],[1280.5,1044.76],[1280.5,1045.76],[1281,1046.26],[1281,1047.76],[1281.5,1048.5],[1281.5,1050.26],[1281.76,1050.26],[1281.76,1052.26],[1282.26,1052.76],[1282.26,1054.5],[1282.76,1055],[1282.76,1057.76],[1283,1057.76],[1283,1059.76],[1282.76,1059.76],[1282.76,1061.76],[1284,1064],[1284.26,1065.5],[1284.76,1066],[1285,1067.5],[1286.26,1070],[1286.26,1071.5],[1284.76,1072.26],[1283.5,1074],[1282.5,1074.76],[1281.26,1075],[1281.26,1075.5],[1279.5,1075.26],[1278.5,1076],[1278.26,1076.76],[1279.5,1077],[1281,1076.5],[1281.5,1076],[1283.5,1076],[1285.76,1074.76],[1287.26,1075],[1289,1076],[1289.26,1077],[1289.26,1078.76],[1290,1079.76],[1291,1080.5],[1290.5,1082],[1291.26,1082.26],[1291,1083.5],[1291.5,1083.76],[1291.26,1084.5],[1287.26,1086.26],[1287.26,1086.76],[1286.26,1087.5],[1284.5,1087.76],[1284,1088.26],[1282.26,1088.26],[1281.26,1088.76],[1279.76,1088.76],[1278,1089.5],[1277.5,1090.26],[1278.5,1091],[1279.5,1091.26],[1282.76,1091.26],[1284,1090.76],[1287,1090.76],[1288,1090],[1289.76,1090],[1291.76,1091.76],[1291.76,1093.5],[1291,1094.5],[1291,1097.26],[1291.5,1097.5],[1292,1099.76],[1292.76,1100.76],[1292.76,1104.26],[1292,1105.26],[1292,1106.76],[1291.5,1107.26],[1291.76,1109.26],[1291.26,1110.5],[1289.76,1111],[1289.5,1111.76],[1288.5,1111.76],[1287.26,1113.26],[1285.5,1113.76],[1285,1114.5],[1283.76,1115],[1282.26,1114.76],[1281.5,1115.26],[1279.76,1115.26],[1279.26,1115.76],[1277,1116],[1275.76,1115],[1275.76,1112.26],[1275,1111],[1275,1109],[1274.26,1108],[1274.26,1106],[1275.26,1105.26],[1274.76,1104.26],[1272,1104.26],[1270.76,1105],[1270.5,1107],[1271,1107.76],[1272,1108],[1272.26,1109],[1273,1109.5],[1273.5,1110.5],[1273.5,1113.76],[1274.5,1114.5],[1274.5,1116.5],[1274,1116.76],[1273.26,1119],[1272.76,1119.26],[1272.76,1120.26],[1272.26,1120.76],[1272,1122.26],[1271,1123.26],[1271,1125],[1270.76,1126.5],[1270.26,1127.5],[1269.26,1128.26],[1268,1128.26],[1267,1129.26],[1266,1129.5],[1265.76,1130],[1264.5,1130],[1264,1130.5],[1262.76,1130.76],[1261.26,1132.76],[1260,1132.76],[1259.76,1132.26],[1258.26,1131.5],[1254.5,1131.5],[1253,1131],[1252.76,1130.26],[1251.5,1129.26],[1250,1127],[1249.76,1126],[1249.76,1123.26],[1249.26,1122.26],[1249.26,1119.5],[1249.76,1118.76],[1249.5,1118],[1249.5,1115.5],[1249.76,1115.5],[1249.76,1113],[1250.76,1111],[1250.76,1109.76],[1249.76,1109.5],[1249.26,1110.26],[1247.5,1114.26],[1247,1117.5],[1246.5,1117.76],[1246.76,1119.5],[1246.76,1122],[1246.5,1122],[1246.5,1127.5],[1246,1128],[1245.76,1129.5],[1245.26,1129.5],[1245.26,1137.26],[1244.76,1138.5],[1246.26,1137],[1246.26,1135.26],[1246.76,1134.5],[1247,1133.26],[1247.5,1133],[1247.76,1132],[1248.5,1131.5],[1251.26,1131.5],[1251.5,1132],[1252.76,1132],[1254.76,1133.26],[1256.26,1133.26],[1257.5,1134],[1259.5,1134],[1260.5,1133.76],[1262.26,1133.76],[1262.76,1134.26],[1265.26,1134.5],[1266,1134],[1267.5,1134],[1268,1133],[1269,1133],[1269.5,1134.26],[1270,1134.26],[1270.26,1135.26],[1271.5,1135.5],[1271.5,1136.5],[1272.5,1137.26],[1272,1138.5],[1271.26,1139.5],[1272.5,1140.5],[1272.76,1141.76],[1273.26,1142],[1273,1144],[1272,1144],[1271.26,1145.5],[1270.5,1145.5],[1270,1146.26],[1268.26,1146],[1267.76,1146.76],[1268,1147.5],[1269,1147.5],[1269.5,1148],[1269.5,1149],[1270,1149.26],[1270,1150.26],[1268.26,1151.5],[1268,1153.76],[1266.26,1153.76],[1265.26,1155.5],[1265.76,1155.76],[1265.76,1157.26],[1264.76,1157.5],[1264,1157.26],[1263.76,1157.76],[1261.76,1157.76],[1261,1158.76],[1261,1159.5],[1259,1159],[1258.5,1158.26],[1256.76,1159.26],[1257,1160.26],[1257.76,1161],[1257.5,1162],[1257.5,1164],[1256.26,1164.76],[1256.26,1165.5],[1255.26,1165.5],[1254.5,1167.26],[1253.76,1167.26],[1253,1168.26],[1251.76,1169],[1251.76,1170.26],[1252.26,1170.26],[1252.26,1171.76],[1253.26,1172.5],[1253.26,1174.26],[1252.26,1174.76],[1252,1176],[1249.76,1176],[1249.5,1176.76],[1248.76,1177.26],[1248.5,1179],[1250,1179.26],[1250.5,1180],[1250.26,1181.5],[1250.76,1182.76]],[[1158.26,1079.76],[1158.76,1080.5],[1161.26,1081.5],[1163,1082],[1165.76,1083.5],[1167.5,1085.5],[1170.5,1088.26],[1170.5,1088.76],[1172.26,1090],[1173.5,1090.26],[1173.76,1090.76],[1177.5,1091.26],[1178.5,1092],[1179.76,1092.26],[1181.76,1094.26],[1183.26,1095],[1184,1095.76],[1184.76,1095.76],[1185.5,1096.76],[1186.76,1097],[1187.76,1098.26],[1189,1098.76],[1190,1100],[1191,1100.76],[1192,1100.76],[1192.76,1101.26],[1194.5,1101.5],[1196,1102.76],[1197.5,1102.76],[1198.5,1103.76],[1199.5,1104.26],[1201.76,1104.26],[1201.76,1104.5],[1203.5,1104.5],[1204.76,1104.76],[1207.26,1106.26],[1207.26,1106.76],[1209.5,1108.76],[1211.76,1109.76],[1213.26,1111.76],[1214,1111.76],[1215.26,1112.5],[1216.26,1112.5],[1217,1113],[1218.26,1113],[1219,1114],[1220,1114.26],[1221.76,1115.76],[1222.5,1115.76],[1223.5,1116.5],[1224.26,1117.5],[1225.26,1117.76],[1226,1118.76],[1226.5,1122.26],[1226.76,1122.26],[1226.76,1124.26],[1227.76,1125.26],[1227.76,1126],[1228.76,1127.76],[1228.76,1129.26],[1230,1131.76],[1230,1134],[1230.26,1134],[1230.26,1136.5],[1230.76,1137.26],[1231,1136.76],[1231,1134.5],[1230.76,1134.5],[1230.76,1130],[1230.5,1130],[1230.5,1126],[1230.26,1126],[1230.26,1124],[1230,1122.5],[1229.5,1122],[1229.5,1119.26],[1229.76,1119.26],[1229.76,1117.5],[1230,1116],[1229.5,1115.26],[1229.26,1112.26],[1229.5,1111.26],[1230.5,1109.76],[1230.5,1108.76],[1231.76,1107.26],[1231.76,1105.76],[1231.26,1104.76],[1230.76,1105.26],[1230.76,1106.76],[1229.5,1108.5],[1229.26,1109.5],[1227.76,1111],[1227,1113],[1226.76,1114.26],[1226.26,1115],[1224.5,1115],[1223.26,1114.26],[1222,1114],[1221.26,1113],[1219.76,1112.76],[1219.76,1112.26],[1218.5,1112.26],[1217.76,1111.76],[1216.5,1111.5],[1216,1110.76],[1214.76,1110.5],[1214.26,1109.76],[1213.5,1109.5],[1213.26,1108.76],[1212.26,1108.76],[1211,1107.5],[1210.26,1107.26],[1209.76,1106],[1209.26,1106],[1208.5,1104.76],[1208,1104.5],[1206.26,1104.5],[1206.26,1104],[1204.26,1103.76],[1203.5,1103.26],[1201,1103],[1199,1101.5],[1197.76,1101.5],[1197.26,1101],[1193.76,1100.5],[1193,1099.76],[1192,1099.76],[1191,1099],[1191,1098.5],[1189.26,1098.26],[1188.26,1096.26],[1186.76,1096],[1184,1093.76],[1182.76,1093.5],[1180.76,1091.76],[1180.76,1091.26],[1179.76,1090.5],[1178.76,1090.5],[1178,1090],[1175.26,1090],[1174.26,1089.26],[1173,1089],[1172,1087.76],[1171.5,1087.76],[1170.76,1086.76],[1170.26,1086.76],[1169.5,1085.5],[1166.76,1083],[1165.26,1082.5],[1164.5,1081.76],[1163.76,1081.76],[1162.26,1080.76],[1161.26,1080.76],[1159,1079.26],[1158.26,1079.26],[1156.26,1078],[1155.76,1078],[1156.5,1079],[1158.26,1079.76]],[[1250.76,1061.76],[1250,1063],[1250,1064],[1249.5,1065],[1248.26,1066],[1248,1067.26],[1247.26,1068.76],[1245.5,1069.26],[1245.26,1069.76],[1244.26,1070],[1243.26,1071],[1242.76,1072],[1242,1072.5],[1240.76,1072.5],[1240.26,1072],[1237.76,1072],[1235.26,1071],[1235.26,1070.5],[1234.26,1069.76],[1233.5,1069.76],[1232.5,1069],[1230.26,1069],[1230.76,1069.76],[1231.76,1069.76],[1233,1070.26],[1234,1071],[1234.26,1072],[1235.76,1073],[1237.26,1073],[1237.76,1073.5],[1239.26,1073.76],[1240,1074.5],[1240,1076.26],[1238.76,1078.26],[1238.76,1079.26],[1237.76,1080.76],[1237.5,1082],[1236,1083.76],[1236,1084.26],[1234.76,1085.5],[1234.5,1086.76],[1235.26,1086.76],[1237.26,1084.26],[1237.76,1084.26],[1238.76,1082.5],[1239.5,1082],[1239.76,1081],[1240.5,1080.5],[1241,1079],[1241.76,1078.26],[1242.76,1075],[1244.76,1072.26],[1244.76,1071.76],[1246.76,1070.26],[1248.26,1070],[1249.76,1069.26],[1251.26,1067.5],[1251.5,1066.76],[1251.5,1063],[1252,1062.5],[1252.26,1061.26],[1253.5,1060.26],[1254.26,1058.76],[1255,1058.26],[1255.5,1055.26],[1255.76,1055.26],[1255.76,1052.5],[1256,1052.5],[1256,1050.5],[1256.5,1049.5],[1257,1049.5],[1257.76,1047.26],[1258.5,1046.5],[1258.76,1045.5],[1258.76,1042.5],[1259.26,1041.5],[1259.26,1038.76],[1258.5,1038.76],[1257.5,1041.26],[1257,1041.5],[1257,1043.76],[1257.26,1043.76],[1257.26,1045.76],[1256.5,1047.5],[1255.5,1048.26],[1254.76,1050.5],[1254.76,1054],[1254,1055],[1253.26,1057.26],[1250.76,1061.26],[1250.76,1061.76]],[[1273,999.76],[1272.76,1001],[1272.26,1001.76],[1272.26,1003],[1271.76,1004],[1271.76,1005.5],[1271.26,1006.26],[1271.26,1007.26],[1270.76,1007.5],[1270.5,1008.5],[1269.5,1009],[1269,1010.5],[1268.26,1011.5],[1268.26,1012.5],[1266,1015.76],[1265.76,1017],[1265,1018],[1264.5,1020.5],[1264.26,1020.5],[1264.26,1022.26],[1266.5,1024.76],[1266.76,1025.76],[1268,1027],[1268,1029.76],[1268.5,1031],[1268.5,1032.26],[1269.26,1034.26],[1269.26,1037.76],[1269.5,1037.76],[1269.5,1041.26],[1269.76,1041.26],[1269.76,1043],[1270.26,1044.26],[1270.26,1047],[1270.5,1048.5],[1271,1049.5],[1271,1051.76],[1271.5,1051.76],[1271.5,1049],[1271.26,1049],[1271.26,1046],[1271,1046],[1271,1033.76],[1270.5,1032.5],[1270.5,1030.76],[1270,1029.76],[1269.76,1027],[1269,1025.5],[1268.26,1025],[1267.76,1023.76],[1267.26,1023.5],[1266.5,1021.5],[1266.5,1019.26],[1267,1018.5],[1268.5,1017.26],[1268.76,1016],[1270,1014.5],[1270,1012],[1270.5,1011.76],[1271,1010.26],[1271.5,1010],[1272.5,1007.5],[1273,1007.26],[1273.26,1005.26],[1273.5,1005.26],[1273.5,1002.76],[1273.76,1002.76],[1273.76,1000.26],[1274.26,1000],[1274.26,999],[1274.76,997.76],[1275.76,996.76],[1276,995.76],[1276.5,995.5],[1276.5,990.76],[1277,989.26],[1277.5,988.76],[1277.76,986.76],[1278.5,986],[1278.5,984],[1277.5,983.5],[1277.5,981.26],[1276.26,979.5],[1276,981],[1275.26,981.5],[1276.26,981.76],[1276.5,983],[1276.5,987.5],[1275.76,989],[1275.76,990],[1275.26,990.5],[1274.76,993],[1273.76,995.26],[1273.76,996.76],[1273,999.76]]],[[[802.26,911.5],[802,911.5],[801,910.5],[801.26,909],[801.76,908.76],[801.5,908],[801.76,906.5],[803.26,905],[803.5,905],[804,905],[806.26,905],[806.5,905.76],[807.26,906],[807.76,907.76],[808.26,908.26],[808.26,910],[808.5,910],[808.5,912.26],[806.5,912.5],[806,911.5],[805.26,912],[803.76,912],[803.5,911.5],[802.5,911.5],[802.26,911.5]]],[[[1110.26,1077.5],[1111,1076.76],[1113,1076.26],[1113.26,1077.26],[1115.5,1077.26],[1117.26,1078.5],[1119,1078.76],[1118,1079.5],[1118,1080.5],[1119.76,1081.5],[1119.76,1082.76],[1121.76,1083],[1122,1083.5],[1123.26,1083.5],[1124.5,1083],[1125.76,1085.26],[1126.26,1085.26],[1127,1086.26],[1125.76,1088],[1126,1088.76],[1125.5,1089],[1125.26,1090.26],[1126.5,1090.76],[1126.26,1092.76],[1127.76,1092.76],[1127.76,1093.26],[1129.76,1094.5],[1130.26,1093.76],[1132,1094.76],[1132,1095.76],[1132.76,1096],[1133.26,1097],[1134.5,1098.26],[1135.76,1098.26],[1136.26,1098.76],[1136.26,1100],[1136.76,1100.5],[1136.76,1101.76],[1136.26,1102.76],[1136.26,1104],[1137.5,1105.26],[1137.5,1105.76],[1136.5,1106.5],[1135.76,1106.5],[1135.26,1108],[1135.26,1111],[1135,1111],[1134.76,1113],[1131.76,1114],[1131,1115],[1129.5,1116],[1129.5,1117],[1128.26,1117.5],[1128.26,1119],[1127.5,1120.26],[1125.76,1121.26],[1125,1122.5],[1123,1122.5],[1122.5,1122.26],[1123,1120],[1124,1119.26],[1123.76,1118.76],[1124.76,1118],[1125,1116],[1124.5,1115.76],[1124.5,1113],[1124.26,1112.26],[1125.26,1111.76],[1125.76,1111],[1126.76,1110.76],[1126.5,1109.26],[1125.76,1108.76],[1126.26,1107.5],[1126.26,1106.26],[1125.5,1105.76],[1125.26,1105],[1124,1104.76],[1124.5,1103.26],[1125,1103],[1125,1101.26],[1124.5,1099.76],[1122.76,1100.26],[1122.26,1099.76],[1121.26,1099.76],[1121.26,1099],[1120.5,1099],[1119,1097.26],[1116.76,1097],[1116,1097.5],[1116,1096.5],[1115.5,1096.26],[1116,1094.76],[1114.76,1094],[1114,1094],[1114.76,1092.76],[1114.76,1090.5],[1114.5,1089.76],[1113.26,1090.26],[1112.76,1089.5],[1111,1089.5],[1110.76,1088.26],[1109.76,1088.26],[1109.5,1087.5],[1107,1087.5],[1105.76,1087.26],[1104.5,1087.76],[1104.5,1086],[1103.76,1086],[1104,1083.76],[1105,1083],[1105,1081.76],[1103.5,1081.5],[1103.5,1080],[1104.5,1079.5],[1106,1077.76],[1107,1077.76],[1107.5,1077],[1109,1077],[1109.26,1077.5],[1110.26,1077.5]]],[[[1114,1101.26],[1114.5,1100],[1116.5,1100.26],[1116.5,1100.76],[1118.5,1103.26],[1119.76,1103.76],[1119.5,1105.5],[1120.76,1106.26],[1120.26,1107],[1120.5,1108.26],[1119.76,1109],[1119.76,1110.26],[1119,1111.5],[1118,1111.5],[1118,1110],[1116.76,1108.76],[1116.5,1107.76],[1115.5,1107.76],[1114.76,1106.5],[1115.5,1104.76],[1115,1102.5],[1114,1101.76],[1114,1101.26]]],[[[1123.26,1125.76],[1122.26,1125.5],[1122.26,1123.5],[1124,1123.76],[1124,1124.76],[1123.26,1125.76]]],[[[1138.76,1106.76],[1137,1107.26],[1137.76,1106.26],[1138.76,1106.26],[1138.76,1106.76]]],[[[1198,1037.26],[1197.5,1037.5],[1197.26,1036.5],[1198,1036.5],[1198,1037.26]]],[[[1192.5,1135.26],[1191.76,1135],[1191.26,1134.26],[1192.5,1134.26],[1192.5,1135.26]]],[[[1193.26,1148.76],[1193,1148.26],[1193.76,1147.76],[1194.26,1148],[1196.5,1148],[1197.5,1148.26],[1197.26,1149.26],[1196.5,1149.5],[1194.76,1149.5],[1193.26,1148.76]]],[[[1198.76,1148.76],[1198.26,1148],[1199.5,1147.76],[1199.76,1148.26],[1198.76,1148.76]]],[[[1202,1151.26],[1202.5,1151.5],[1202.5,1152.5],[1203.5,1152.76],[1203.76,1152.26],[1205,1152.26],[1205.26,1153.26],[1206.26,1153.5],[1206.76,1155],[1207.76,1156],[1208,1157.26],[1208.76,1157.76],[1209,1158.5],[1211.5,1158.76],[1211.26,1160],[1211.26,1162.76],[1211.5,1164.26],[1212.26,1165],[1212.26,1166.5],[1211.26,1166.5],[1211,1166],[1210,1165.76],[1209.5,1165],[1208.26,1164.76],[1208,1164.26],[1207,1164],[1207,1163],[1205.5,1162],[1206,1160.26],[1205.26,1159.26],[1202.5,1158.76],[1201.5,1157],[1199,1157],[1199.26,1155],[1198.5,1154.5],[1198.5,1153.5],[1196.5,1152.26],[1195.76,1152.26],[1195.76,1151.5],[1196.76,1151.26],[1197,1150.76],[1198,1150.5],[1198.26,1150],[1200.76,1150],[1201.26,1149.76],[1202,1151.26]]],[[[1199,1028.5],[1199.76,1027.26],[1202.26,1027.5],[1203,1028.26],[1203.76,1027.76],[1206,1027.76],[1207.5,1027.26],[1207.76,1026.5],[1208.76,1026.5],[1209.26,1027],[1208.76,1027.76],[1209,1028.5],[1207.76,1030],[1206.26,1030.26],[1205,1032],[1205.76,1032.5],[1205.76,1033.76],[1206.76,1034.5],[1206.76,1035.26],[1204.76,1036],[1204,1036.5],[1204.26,1037],[1204,1038.76],[1202.5,1040],[1202.5,1041.26],[1201.26,1042],[1200.76,1043],[1200,1042.76],[1200.26,1042.26],[1200.26,1040.26],[1200.76,1039.76],[1200.76,1038.5],[1199,1038],[1198.26,1037],[1198.26,1035.76],[1198.76,1035.26],[1200.26,1034.76],[1200.76,1034],[1200.76,1033],[1201.26,1032.26],[1200.26,1031.5],[1199.26,1029.76],[1199,1028.5]]],[[[1215.26,994],[1215.5,993.5],[1217.5,993.76],[1217.76,995],[1216.76,995.76],[1214,995.76],[1215.26,994]]],[[[1214.26,996.5],[1214.5,996.76],[1212.76,996.76],[1212.76,996.26],[1214,996],[1214.26,996.5]]],[[[1209.76,1024.26],[1211,1023.76],[1211,1025.76],[1209.5,1026],[1209.76,1024.26]]],[[[1217.26,1219.26],[1216.26,1218.5],[1216.26,1217.5],[1217.26,1218.26],[1218.26,1218.26],[1217.26,1219.26]]],[[[1219,1224],[1218.5,1223],[1219,1221.26],[1218,1220.26],[1218.26,1219.26],[1219.26,1219.26],[1220,1218.26],[1219.76,1217.26],[1220.5,1216.5],[1220,1214.76],[1218.76,1214.5],[1220.5,1212.5],[1222.5,1212.5],[1223,1211.76],[1223.76,1211.76],[1224.5,1211],[1226.26,1211],[1227.5,1211.26],[1227.76,1210.5],[1229.76,1210.26],[1230,1209.76],[1232,1209.76],[1232.26,1209],[1233,1209],[1234.26,1210.5],[1235.26,1210.5],[1236,1209.76],[1237.5,1210],[1238,1210.5],[1238.76,1210.26],[1239,1209.26],[1240,1208.76],[1240,1208],[1240.76,1208.5],[1242.26,1208.5],[1243.5,1209.76],[1244.76,1209.5],[1245.76,1208],[1247,1208],[1247.26,1208.5],[1247.26,1211],[1247.76,1211.76],[1247.76,1214.26],[1247.26,1214.5],[1247.26,1215.76],[1246,1217.5],[1245.26,1217.5],[1244.76,1218.5],[1245.76,1218.5],[1246.5,1218],[1247.5,1218],[1247.76,1217.5],[1249,1217.5],[1248.76,1218.76],[1249.26,1219],[1249.26,1222],[1249.76,1223],[1251.26,1223.5],[1252,1224.5],[1251.26,1225],[1251.26,1226.5],[1249.76,1227.26],[1249.76,1228.26],[1248.76,1228.76],[1248.76,1229.76],[1249.5,1230],[1249.5,1231],[1251,1231.76],[1250.76,1233.26],[1251,1235.26],[1251.5,1235.76],[1252.76,1235.76],[1251.76,1237.26],[1250.26,1237.5],[1250.26,1238.26],[1248.76,1238],[1248.26,1235.26],[1247.76,1235],[1247.26,1233.76],[1245.5,1232.5],[1245.26,1231.26],[1244.5,1231.76],[1242.76,1231.76],[1243,1230.76],[1242.76,1229.26],[1242.76,1226.76],[1243.5,1226.76],[1244.26,1227.76],[1244.26,1226.26],[1242.76,1225.76],[1241.26,1225.76],[1240.5,1225.26],[1238.76,1225.26],[1238,1225.5],[1236.5,1227],[1233.5,1227],[1233.5,1224.5],[1232.5,1224.5],[1232.26,1223.5],[1230,1223.76],[1228.76,1225],[1226.5,1225.26],[1226.5,1223.76],[1226,1224],[1224.76,1223.5],[1224.76,1222.26],[1223.5,1222.76],[1223.5,1227.26],[1223,1227.76],[1223.76,1229],[1224.26,1229],[1224.26,1230.5],[1223.26,1230.76],[1222.26,1232],[1221.5,1232.5],[1220,1232.76],[1219.5,1233.5],[1218.76,1233.26],[1219,1232.76],[1218.26,1230.26],[1217.76,1230],[1217.5,1228],[1218.5,1227.76],[1219.26,1226.76],[1219.5,1224.76],[1219,1224]]],[[[1219,1233.76],[1220,1233.76],[1220,1233.26],[1221,1233.76],[1219.5,1234.5],[1219.5,1235.26],[1218.5,1234.76],[1218.5,1233.76],[1219,1233.76]]],[[[1222,1242.26],[1222.5,1240.76],[1224,1240.76],[1224.76,1241.76],[1225.5,1242],[1225,1242.76],[1225,1245.5],[1224.76,1245.26],[1222.5,1245.26],[1222.26,1245.76],[1221.26,1246],[1220.76,1244.5],[1220,1244],[1221.5,1243.5],[1221.5,1242.5],[1222,1242.26]]],[[[1232,982],[1231.5,980.76],[1232.5,980],[1234.26,979.5],[1234.26,980.5],[1233.5,981.26],[1233.5,982.5],[1232.5,982.5],[1232,982]]],[[[1236.26,1233],[1236.26,1232.76],[1239.76,1232.76],[1240.5,1233.76],[1240.26,1235.26],[1240.26,1237],[1241,1238],[1241,1238.76],[1240.26,1239.5],[1240.26,1240.76],[1240.76,1240.76],[1241.26,1242.26],[1240.5,1242.5],[1240,1244.26],[1239.5,1244.5],[1238,1244.26],[1238.5,1243],[1238.26,1241.76],[1237.5,1241.26],[1237.5,1240],[1236.5,1239.5],[1237.26,1238.76],[1237.26,1236.76],[1236.5,1235.76],[1235,1235.5],[1235,1234.5],[1236.26,1233.5],[1236.26,1233]]],[[[1240.76,1236],[1241,1235],[1242.76,1234.76],[1243.26,1235.5],[1243,1236.26],[1243.26,1237.76],[1242.76,1237.76],[1242,1238.76],[1241.5,1238.5],[1240.76,1236]]],[[[1248.5,1216.76],[1248.5,1216.26],[1249.76,1215],[1249.76,1216.76],[1249.5,1217.26],[1248.5,1216.76]]],[[[1252.76,1224],[1252.26,1224.26],[1252,1223.5],[1252.76,1224]]],[[[1251.5,1239.5],[1251.5,1239],[1252.76,1238],[1254.26,1239.5],[1255.5,1239.5],[1256,1240.5],[1255,1240.76],[1254,1242.26],[1253.76,1241.26],[1252.76,1241.26],[1252,1240.76],[1251.5,1239.5]]]]},"properties":{"id":"k23","key":"k_slavers_bay","name":"Slavers Bay","counties":39,"color":"#eae5e1","owner":null,"ownerCountryId":null,"notes":""},"id":"k23"},
{"type":"Feature","geometry":{"type":"MultiPolygon","coordinates":[[[[1134.26,1457.76],[1134.5,1457.26],[1136.26,1457.26],[1136.5,1456.26],[1136,1455.5],[1136.76,1455],[1138.5,1455],[1139.76,1456.5],[1141,1456.5],[1141.5,1457],[1142.26,1456.26],[1145.76,1456.76],[1144.26,1454.76],[1143.26,1454.76],[1143.5,1452.5],[1142.76,1451.5],[1141.76,1451.5],[1140.76,1451],[1140.26,1450],[1140.76,1449.76],[1143.26,1450],[1143.5,1449.26],[1145,1449.26],[1146.5,1448.76],[1146.26,1446.5],[1147.5,1446.26],[1148.26,1445.26],[1149.26,1445.26],[1150,1446.26],[1151.26,1446.5],[1150.76,1444.5],[1152.26,1444.5],[1152.76,1444],[1154,1443.76],[1154.5,1443],[1154.26,1441],[1153,1440.5],[1153.26,1439.5],[1154.26,1438.76],[1155.26,1438.5],[1156.26,1437],[1157.26,1436.76],[1158.26,1435.5],[1158.76,1435.5],[1159,1434.5],[1158.5,1432.76],[1157.5,1432],[1157.76,1431.26],[1156.76,1430],[1156.76,1428.26],[1158.76,1427.76],[1159.5,1426.76],[1159.26,1426],[1159.26,1422],[1158.76,1421.26],[1159.5,1420.26],[1160.5,1420.26],[1160.5,1419],[1161.5,1418.5],[1161.5,1417.5],[1163.5,1417.26],[1164.26,1416.26],[1163.76,1415.76],[1163.76,1414],[1164.26,1414],[1164,1411.76],[1165,1410.76],[1165.26,1409],[1166,1408.76],[1167,1407.26],[1167,1406.26],[1167.5,1406],[1167.76,1405],[1169.5,1405],[1169.5,1404.76],[1172.26,1404],[1172.76,1405.26],[1174.26,1406.5],[1176.26,1406.76],[1176.5,1406.26],[1178,1406.26],[1178.5,1407],[1180.5,1407],[1180.76,1405.26],[1181.26,1404],[1181.76,1404],[1183,1405.76],[1184.5,1405.76],[1185.26,1405],[1185.26,1403],[1185,1401.76],[1184,1400.26],[1182.26,1400.26],[1180.76,1400.76],[1179.76,1400],[1179.76,1399.26],[1181,1398.5],[1182.76,1398.5],[1183.76,1397.76],[1183.76,1397.26],[1185.76,1397],[1187.5,1394.26],[1188.5,1394.26],[1189.5,1394.76],[1190,1396.5],[1190.76,1397.76],[1191.26,1398],[1194.76,1398],[1196,1397.5],[1197.76,1397.5],[1198.5,1398],[1199.76,1399.76],[1199.76,1401],[1198,1402],[1197.76,1403],[1196.5,1403.76],[1196.5,1405],[1196,1405.26],[1195.76,1406.26],[1194.26,1408],[1194,1409.5],[1194,1412.26],[1195,1412.5],[1195.5,1413.26],[1198.76,1414.26],[1199.5,1415.26],[1200,1415.26],[1201,1416.76],[1201,1418.76],[1200.76,1420.26],[1201.26,1421.5],[1203,1422.5],[1206.26,1422.5],[1207.26,1423.5],[1207.76,1425.26],[1208.26,1425.5],[1209.26,1427],[1210.76,1427.76],[1210.76,1428.5],[1211.5,1429.26],[1213.5,1429.26],[1213.5,1429.5],[1215.26,1429.5],[1215.26,1429.26],[1217.26,1429.26],[1217.76,1429.76],[1217.76,1430.76],[1218.5,1432],[1220.76,1433.26],[1221.26,1434.26],[1220.5,1435.5],[1220,1435.5],[1219.26,1436.5],[1219.26,1438.76],[1218.26,1440.5],[1217,1441.5],[1216.76,1442.5],[1216.76,1444.26],[1216,1444.76],[1215.26,1446],[1215,1447],[1215,1449.5],[1215.76,1450],[1216.5,1452],[1217.5,1452.76],[1219.5,1452.76],[1219.5,1453],[1222.26,1453],[1223.26,1452.5],[1223.76,1453.5],[1224.5,1454],[1224.76,1455],[1225.26,1455.26],[1226.26,1456.76],[1227.5,1457.5],[1227.5,1458],[1228.5,1458.5],[1228.76,1460.26],[1229.5,1461],[1229,1462.26],[1228,1462.5],[1227,1463.26],[1226.26,1465],[1225.26,1465.26],[1225,1466.26],[1223.76,1466.26],[1223.26,1467.26],[1223,1469.5],[1222.5,1471],[1221.5,1471.76],[1221.76,1472.76],[1222.76,1473.5],[1223,1474.5],[1222.76,1475.26],[1222,1475.76],[1222.5,1477.26],[1223.26,1478.26],[1223.5,1481],[1224,1481.76],[1224,1482.76],[1222.26,1483.76],[1221.26,1485],[1218.5,1484.5],[1218.5,1484.26],[1216.76,1484.26],[1216.76,1484],[1212,1484],[1212,1483.76],[1210.26,1483.76],[1209.26,1482],[1208.5,1481.26],[1205.5,1481.5],[1205,1482.26],[1202.76,1482.26],[1201,1481.5],[1200.76,1484.26],[1199.5,1484.76],[1199.26,1485.26],[1198.26,1485.5],[1196.76,1486.5],[1193.76,1486.5],[1192.26,1486.76],[1190.76,1486.26],[1190.26,1485.5],[1189.26,1485.26],[1187.5,1483.26],[1187.26,1483.26],[1187.26,1481.5],[1187,1480],[1186.26,1479],[1185.76,1477.76],[1184.76,1477.76],[1184.5,1478.76],[1183.5,1480.26],[1183.26,1482.76],[1183.5,1482.76],[1183.5,1484.76],[1182.76,1486.26],[1182.5,1488.5],[1180.5,1488.76],[1180.5,1489],[1178.26,1489],[1177,1488],[1176.26,1488],[1175,1489.76],[1172.5,1492],[1171,1492.5],[1170.5,1493.26],[1169,1493.26],[1168,1493.76],[1166.5,1493.76],[1166.26,1494.26],[1163,1494.26],[1162.5,1495],[1161.76,1495],[1160.76,1495.76],[1160,1496.76],[1158.76,1496.76],[1158.5,1497.26],[1157,1497.5],[1156,1498],[1153.26,1501.26],[1151.5,1502.26],[1149.26,1502.26],[1147.76,1503],[1144.76,1503],[1143.76,1503.76],[1136.26,1503.76],[1135.5,1504.26],[1133.5,1504.26],[1132,1504.76],[1130.76,1506],[1129.26,1506.5],[1128.26,1507.76],[1127.26,1508.26],[1125.26,1508.26],[1124.76,1509.26],[1124.76,1511.5],[1123.5,1512.76],[1123.26,1513.5],[1120.5,1513.5],[1120.26,1515],[1121.26,1515.5],[1121,1516.26],[1121,1518.26],[1119.76,1519.76],[1118,1520],[1116.76,1521],[1117.76,1522],[1117.76,1524.26],[1118,1524.76],[1119.5,1525],[1120.26,1526],[1120,1527.5],[1120,1529.26],[1120.76,1530],[1122,1530.26],[1122,1533.5],[1123,1534.26],[1123,1536],[1103.76,1536],[1103.76,1535.5],[1105,1534.26],[1104.5,1532.5],[1103.5,1531.76],[1102.76,1530.26],[1101.5,1530.26],[1100.26,1530.76],[1098.76,1530.5],[1099,1528.76],[1097,1528.5],[1094.5,1525.76],[1096,1525.26],[1096,1524.5],[1096.76,1524],[1096.5,1522.76],[1095,1522.26],[1094.26,1521.5],[1092.26,1520.76],[1091.5,1519.5],[1089.5,1519],[1089.26,1518.26],[1088.5,1518],[1087.5,1516.76],[1087.5,1516],[1088.76,1516],[1090,1516.76],[1091.76,1516.76],[1092.5,1518],[1093.5,1519],[1096.5,1519.26],[1097.76,1521],[1099.5,1522],[1099.26,1523],[1099.26,1525.5],[1099,1526.5],[1099.5,1527],[1101.76,1526.5],[1102.26,1525.76],[1103.76,1526],[1104.76,1526.76],[1105.5,1526.76],[1105.76,1525.5],[1105.5,1524],[1104.5,1523],[1105,1521.5],[1102.5,1520.76],[1102.76,1520],[1104.26,1519.26],[1104.5,1518.26],[1104,1518.26],[1102.76,1516.76],[1101.5,1516],[1100.76,1515],[1098.5,1514.5],[1096.76,1513],[1093.26,1513],[1092.26,1512],[1090.5,1512],[1089.5,1512.26],[1088.76,1511.76],[1088.76,1510.5],[1089.5,1510],[1090,1509],[1090,1507.5],[1089,1507.26],[1087.5,1505.5],[1087,1504.5],[1085.76,1504],[1085.76,1503],[1086.26,1502.5],[1085.76,1501.26],[1084.5,1501.26],[1084,1500.5],[1083.5,1500.76],[1083,1502.5],[1081.76,1502.76],[1081.5,1502],[1079.26,1502.26],[1078,1503.26],[1074.5,1503.26],[1074.5,1502.26],[1077.76,1501],[1077.5,1500.5],[1077.5,1497],[1079.26,1496.26],[1079.26,1494.26],[1078.26,1493.26],[1077.26,1493],[1076.26,1491.76],[1075,1491],[1072,1491],[1071.26,1492],[1068.26,1493.26],[1067.26,1491.76],[1065.5,1491.26],[1065.26,1489.76],[1064.26,1489],[1064.26,1488.5],[1066,1488.5],[1067.5,1487.26],[1067.26,1486],[1067.76,1484],[1066.5,1482],[1065.26,1481.26],[1063.5,1481.26],[1063.5,1480.76],[1061.76,1480.5],[1060.5,1480],[1060,1479.26],[1060,1477.5],[1061,1476.5],[1061,1474.5],[1059.76,1473.5],[1059.5,1472.5],[1058.76,1472.26],[1058.76,1471.5],[1057.76,1471],[1058,1469.76],[1059.76,1468.26],[1059.76,1466.5],[1059,1465.26],[1057.5,1465],[1057.26,1464.26],[1055.5,1464.26],[1055.5,1463.26],[1056,1462.76],[1057.26,1462.76],[1059.26,1461],[1059,1459],[1060.5,1458.76],[1060.76,1458.26],[1063.26,1458],[1064.26,1456.76],[1065.26,1456.76],[1066.26,1456],[1066.5,1454.26],[1067,1454],[1066.76,1453.26],[1067,1452],[1068.5,1451.76],[1070.5,1451],[1070.5,1450.26],[1072.76,1448.76],[1073,1447],[1072.26,1446.5],[1072.26,1444.76],[1072.76,1443.5],[1074,1443.26],[1076,1443.5],[1076.26,1443],[1077.76,1442.26],[1077.76,1441.5],[1078.5,1440.26],[1079.5,1439.26],[1079.5,1438.5],[1080.26,1438],[1080.26,1437],[1078.76,1436.5],[1078.76,1435.76],[1079.76,1434.26],[1079.76,1433.5],[1080.76,1433.26],[1082.26,1432.26],[1082.5,1431],[1082,1430.76],[1082,1429.76],[1080.26,1428.76],[1080.76,1428],[1081.76,1427.5],[1082.5,1425.5],[1083.5,1424.76],[1084.5,1424.76],[1084.76,1424.26],[1084.76,1422.26],[1085.5,1421.26],[1087,1421.26],[1087.5,1422],[1089,1422.76],[1090.76,1422.5],[1091.5,1421],[1091.26,1420],[1092,1419.5],[1094,1419],[1095,1417.76],[1097.5,1417.76],[1098,1417.5],[1098.76,1416.26],[1100,1416],[1100.5,1417],[1100,1418.26],[1100,1421],[1100.5,1421.26],[1100.5,1422.26],[1099.5,1423],[1098.26,1423.26],[1098.5,1425.76],[1096.26,1426.5],[1097.26,1427.26],[1097,1427.76],[1098.5,1428],[1098.5,1429],[1099.26,1429.5],[1099.26,1430.76],[1099.76,1432],[1098.5,1433.5],[1098.5,1435.26],[1098.26,1436.76],[1099,1437.26],[1099,1438],[1098.26,1438.26],[1098.5,1439.26],[1098.5,1441],[1098.26,1441.26],[1096,1441.26],[1095.26,1442.26],[1095.26,1445.76],[1096.26,1446],[1096.26,1447],[1097.26,1447.5],[1097.5,1448.26],[1098.5,1449],[1098.5,1450.76],[1097.5,1451.76],[1098,1452],[1098,1453.26],[1100,1453.76],[1100.76,1455.26],[1100.76,1457.76],[1101.26,1457.76],[1102.26,1459.5],[1104,1459.26],[1104.26,1461],[1107.26,1460.5],[1108,1462],[1108.76,1461.76],[1110.76,1461.76],[1111,1461],[1111.5,1461.26],[1113,1461],[1113.5,1462.5],[1115,1462.5],[1115.26,1461.5],[1116,1460.26],[1118.26,1460],[1119.26,1460.76],[1122,1460.76],[1123,1460.76],[1124,1460.5],[1125,1462],[1125.76,1461.5],[1127,1461.5],[1128.26,1460.76],[1129.5,1460.76],[1130.5,1460.26],[1131.5,1460.26],[1132.26,1459.5],[1133.26,1459.26],[1134.26,1457.76]]],[[[1380,1407.76],[1380,1408],[1381.76,1408],[1382,1407.5],[1384.26,1406.5],[1384.5,1405.5],[1387.26,1405.76],[1387.5,1405.26],[1388.26,1405.5],[1388,1407],[1389.5,1407.5],[1389.76,1408.26],[1392,1407.5],[1392.76,1406.5],[1393.5,1406.5],[1394.76,1405.76],[1396.26,1405.5],[1398.26,1405.5],[1398.76,1406],[1399.76,1406],[1400.5,1407],[1402.26,1406.76],[1403,1405.76],[1404,1405.26],[1405.26,1405.26],[1405.76,1404.26],[1407.5,1404.26],[1408,1403.5],[1411,1403.26],[1412.5,1402.5],[1411.76,1401.26],[1410.5,1400.76],[1410.76,1400],[1411.76,1399.76],[1412,1399.26],[1413,1399],[1413.5,1398.26],[1415.5,1398.26],[1415.76,1397.5],[1416.76,1397.26],[1416.76,1396.26],[1418.76,1395],[1419.26,1393.5],[1420.26,1392],[1421.76,1392.26],[1422.76,1391.5],[1422.5,1390],[1423.26,1390],[1423,1388.26],[1424.5,1388.76],[1426,1388.26],[1427.26,1387],[1427.26,1386],[1428.26,1385.76],[1429.26,1385],[1429.26,1383.5],[1427.5,1383],[1427.26,1382.5],[1428,1382],[1428.76,1380.5],[1429.5,1380.26],[1428.5,1379.26],[1430.26,1378.5],[1430,1376.26],[1428.76,1376.5],[1428.76,1376],[1427.26,1375.76],[1426.76,1375.26],[1426.76,1371.76],[1427.5,1371.76],[1428.5,1371],[1429.26,1371],[1430,1369.5],[1429.5,1369.26],[1429.5,1366.76],[1429.76,1366.26],[1431,1366],[1431.26,1365.26],[1433.26,1364],[1432.26,1363.5],[1432.5,1361.76],[1432,1361.76],[1432,1360.76],[1433,1359.76],[1435.76,1359.5],[1436.76,1358],[1438.26,1357.5],[1438.5,1357],[1439.76,1357],[1441,1356.26],[1442.26,1354.76],[1442.76,1355],[1444.76,1355],[1445.5,1353.76],[1446.76,1353.26],[1449,1353.26],[1450.26,1354],[1450.26,1355],[1451.5,1355.5],[1453.26,1355.5],[1454,1354.76],[1455,1354.76],[1455.5,1355.26],[1457.26,1355.26],[1457.76,1355.76],[1460,1355.76],[1460.76,1355],[1463.5,1355],[1463.76,1354.26],[1465.5,1353.5],[1465.5,1354.5],[1466,1355],[1468.5,1355],[1468.5,1354.76],[1471.26,1354.76],[1472.26,1354.26],[1474.76,1354.26],[1475.26,1353.76],[1476.76,1353.5],[1477.76,1352.76],[1479.5,1352.5],[1480.26,1351.5],[1481,1351.5],[1481.5,1352.26],[1482.76,1352.76],[1488,1352.76],[1488,1352.5],[1491,1352.5],[1491.26,1353],[1494,1353],[1494.5,1353.5],[1495.76,1353.5],[1495.26,1354.5],[1495.26,1355.5],[1494.76,1355.76],[1496,1357.26],[1498,1357.5],[1498.5,1358],[1500.76,1357.76],[1501.5,1359.26],[1502.26,1359.26],[1503.76,1360.26],[1503.76,1360.76],[1502.5,1361],[1501.76,1360.5],[1499.5,1360.76],[1497.76,1362.26],[1497.76,1363],[1496.76,1363.76],[1497,1364.76],[1498.26,1364.76],[1499,1365.5],[1499,1367],[1499.76,1367.5],[1499.5,1368.26],[1497.76,1368.26],[1497,1368.5],[1496.76,1369.26],[1495.26,1369.5],[1494.5,1370.5],[1494.5,1371.76],[1493.5,1372.5],[1492,1372.26],[1491,1373.5],[1490.76,1375],[1490.26,1375],[1490.26,1376.26],[1488.76,1377.5],[1488.5,1378.76],[1487,1378.76],[1487,1381],[1486,1381.76],[1485.5,1383.26],[1484,1384.76],[1484,1387.76],[1483.5,1388],[1483.76,1389],[1484.5,1389],[1486,1387.5],[1487,1387.76],[1487.26,1390.5],[1486.76,1391],[1486.5,1392.5],[1484.5,1394.76],[1483.76,1394.76],[1483.76,1395.5],[1484.76,1396.5],[1485,1397.76],[1484.5,1398],[1485,1399.5],[1483.5,1400.5],[1483.5,1402.26],[1483,1403],[1484,1403],[1484,1402.26],[1484.76,1402],[1485,1402.5],[1485,1405.5],[1483.76,1407.26],[1484,1408],[1483.76,1409],[1484.5,1409.76],[1484.5,1411],[1484,1412.26],[1485.26,1413.26],[1485.26,1414.26],[1486,1415.5],[1486,1416.26],[1485,1417],[1484,1417],[1483,1417.76],[1483.5,1419],[1482.26,1419],[1481.76,1419.5],[1481.76,1421],[1482.76,1421.76],[1482.5,1423.26],[1481.5,1423.76],[1481.76,1424.76],[1482.26,1425],[1481.5,1426.26],[1479.5,1426.5],[1479.26,1427.26],[1478.5,1426.26],[1478,1426.26],[1476.26,1424],[1475.76,1423.76],[1473,1423.76],[1473.26,1424],[1475.5,1424],[1476.76,1425],[1478,1427],[1478.76,1427.26],[1478.76,1428],[1477.76,1428.76],[1477,1428.76],[1476.26,1429.5],[1475.5,1428.5],[1473.26,1427.5],[1471.26,1427.26],[1470.76,1426.76],[1471,1425.5],[1471.5,1425.26],[1471.76,1424.26],[1470.76,1425.26],[1470.5,1427],[1471,1427.5],[1473.5,1428],[1475.5,1429.26],[1476,1430.26],[1476,1431.26],[1474.76,1431.26],[1474.5,1431.76],[1473.5,1431.76],[1472,1431.76],[1471.26,1432.76],[1469,1433],[1467.5,1432],[1467,1430.76],[1467,1429.76],[1467.76,1429],[1467.5,1427.5],[1466.76,1426.76],[1466.76,1425.5],[1467.5,1424.5],[1468.76,1424.5],[1469.76,1423.76],[1469.76,1422.26],[1469.26,1421.76],[1468,1421.5],[1466.26,1421.5],[1465,1422.26],[1463,1422.5],[1462.5,1423.5],[1462,1423.5],[1460.5,1425.26],[1459,1425.5],[1458.26,1425.26],[1456.26,1423],[1455.26,1422.76],[1449.26,1422.76],[1448.5,1422.5],[1447,1420.76],[1445.5,1421],[1443.76,1420.5],[1443,1419.5],[1441,1418.76],[1440.76,1418.26],[1439.76,1418.26],[1438.5,1417.26],[1437.26,1417],[1436.5,1416.5],[1437.26,1414.76],[1439.5,1412.76],[1439.76,1411.5],[1441.26,1410.26],[1441.76,1407.5],[1442.26,1406.76],[1443.5,1406.5],[1443.5,1405.5],[1444.76,1404.76],[1445.5,1403.76],[1442.76,1403.76],[1443,1404.76],[1440.76,1406.76],[1440.26,1409.76],[1439.26,1410.5],[1439.26,1411],[1438,1412],[1437.76,1413],[1436.76,1413.26],[1435.5,1415.26],[1434.5,1416],[1433.26,1416.5],[1432.5,1418],[1430.5,1419.26],[1430.5,1419.76],[1429.5,1420.5],[1429.26,1421.26],[1428,1421.76],[1426.5,1424.26],[1425,1424.26],[1424,1423.76],[1422.76,1423.76],[1422.5,1423.26],[1418.26,1422],[1417.76,1421.5],[1416.76,1421.76],[1414.76,1421.76],[1413,1421.26],[1411.76,1420.5],[1409.76,1420.5],[1409.76,1420.26],[1407.76,1420.26],[1406.5,1420.5],[1406,1421],[1404.5,1421.26],[1397.26,1421.26],[1397.26,1421],[1395.26,1421],[1395.26,1420.76],[1393.5,1420.76],[1392.76,1420.26],[1391.76,1420.5],[1389.5,1420.5],[1388.26,1420],[1387,1420],[1384.76,1421.26],[1384.26,1422.76],[1382.5,1422.76],[1381,1420.26],[1378.5,1420.26],[1377,1419.76],[1376,1418.76],[1376,1416.5],[1376.26,1416.5],[1376.26,1414.5],[1374.76,1414],[1373.76,1412.76],[1373.26,1412.76],[1373.26,1411.26],[1374,1411],[1374.5,1409.76],[1375.26,1408.76],[1377.76,1408],[1379.5,1408],[1380,1407.76]],[[1454.26,1388],[1452.76,1389.76],[1452.5,1391.26],[1451.26,1392.26],[1451,1393.26],[1450.5,1393.5],[1450.26,1395.26],[1449.76,1396.26],[1448.5,1397.26],[1448,1398.5],[1447,1399.26],[1446,1399.5],[1445.76,1400],[1448,1400],[1448.5,1401.5],[1448.5,1399.5],[1449.26,1398.5],[1449.76,1398.5],[1450.76,1397],[1451.5,1396.5],[1452,1395],[1453.5,1395.26],[1455,1396.26],[1457,1396],[1457,1395.76],[1460.5,1395.76],[1460.76,1395.26],[1456.26,1395.26],[1455.26,1394.76],[1453.76,1394.5],[1453.76,1392.76],[1454,1392.26],[1455,1392],[1455.5,1391.26],[1455.5,1389.76],[1456,1389],[1456.26,1387.76],[1457,1387.26],[1457.26,1386.5],[1459.5,1385.5],[1459.5,1384.26],[1460.26,1383.76],[1461.26,1382.5],[1462.26,1380.5],[1463,1380],[1463.26,1379.26],[1464,1379],[1464.5,1378],[1464.26,1375.26],[1465,1374.26],[1465,1373.5],[1463.76,1374],[1463.76,1374.76],[1463,1375.26],[1462.76,1376.26],[1461,1377.5],[1461,1378],[1459.76,1379.26],[1459.76,1381],[1459.5,1381.5],[1457.26,1383.26],[1456.76,1384.5],[1456.26,1384.76],[1456.26,1385.76],[1454.5,1387],[1454.26,1388]]],[[[1237.76,1460.5],[1236,1459.76],[1233.76,1459.76],[1233.5,1460.26],[1230.26,1460.26],[1229.5,1459.5],[1229.26,1457.76],[1228.26,1456.76],[1226,1455],[1225.26,1453.26],[1224.5,1452.76],[1224,1451.76],[1222,1451.76],[1221.5,1452.26],[1220.26,1452],[1218.26,1452],[1217.26,1451.26],[1216.5,1449.26],[1215.76,1448.76],[1216,1446.76],[1217.5,1445],[1218,1441.76],[1219.76,1440.26],[1220,1439.5],[1220,1437.26],[1220.76,1436.26],[1222,1435.5],[1222,1433.5],[1221.76,1433.5],[1220.76,1431.76],[1220.26,1431.76],[1218.76,1430.76],[1218.5,1429],[1218,1428.5],[1212.26,1428.5],[1211.5,1427.76],[1211.5,1427],[1209,1425.26],[1208,1423.5],[1207.76,1422.26],[1207,1421.76],[1203.76,1421.76],[1202.26,1421],[1201.76,1420.26],[1201.76,1416],[1199.5,1413.5],[1196.26,1412.5],[1195.76,1411.76],[1194.76,1411.26],[1195,1408.76],[1196.5,1407],[1196.76,1406],[1197.26,1405.76],[1197.26,1404.5],[1199.26,1402.26],[1200.5,1401.76],[1200.5,1399],[1199.26,1397.5],[1199.76,1396.76],[1201.5,1395.5],[1203.76,1395.5],[1204.26,1395],[1205.26,1395],[1205.76,1394.26],[1205.5,1392.26],[1206.76,1391],[1206.76,1389],[1207.5,1388.76],[1208,1387.76],[1208,1386.5],[1209,1385.5],[1208.5,1384],[1208,1383.76],[1208,1382.5],[1208.5,1381.5],[1209.76,1381.26],[1210.26,1379.76],[1211.76,1379.26],[1212.26,1380],[1213,1380.26],[1213.76,1379.26],[1215.5,1378.76],[1215,1380.5],[1218,1382.26],[1219,1382],[1220,1382.5],[1220.26,1383.26],[1221,1383.76],[1220.76,1385.26],[1221.5,1385.76],[1221,1386.26],[1221,1387.5],[1223,1386.26],[1223.26,1385.26],[1224.76,1385.76],[1225.5,1386.5],[1225.5,1387.5],[1226.76,1387.76],[1227,1388.26],[1229,1388.5],[1229,1389.76],[1229.5,1389],[1231.26,1388.5],[1231.5,1390.26],[1232,1390.5],[1234.5,1390.26],[1235,1389.5],[1236,1389.5],[1236.26,1388.76],[1238.5,1388.76],[1239.26,1389.5],[1239.76,1391],[1237.76,1392.76],[1237.5,1394.26],[1236,1394.76],[1236,1396],[1238.26,1396],[1239,1395.5],[1240.76,1395.5],[1240.76,1395.76],[1243.26,1395.76],[1243.76,1395.26],[1244,1394.5],[1245.26,1393.26],[1247.5,1393.26],[1249,1394],[1249.26,1395],[1251.26,1395.26],[1252.5,1395],[1253.5,1395.5],[1253.76,1398],[1254.5,1399.26],[1256.5,1399],[1256.76,1399.76],[1259.5,1399.76],[1260.5,1400.26],[1260.76,1401.26],[1262.26,1402.26],[1264,1402.26],[1265.76,1403],[1267.26,1403.26],[1266.76,1404.26],[1266.5,1405.76],[1267,1405.5],[1269.26,1405.76],[1269.26,1406.5],[1270.5,1407],[1271.5,1408],[1272.76,1408.5],[1275,1408.5],[1276,1409.5],[1275.76,1410.76],[1275,1411],[1274.5,1412],[1275.5,1412.5],[1275.26,1415],[1274.76,1416],[1276,1417.26],[1276,1418.5],[1276.76,1418.76],[1278.5,1421.5],[1278.5,1422.5],[1279.26,1423.76],[1279.26,1425],[1280.5,1425.76],[1281.5,1425.76],[1282.26,1426.26],[1284,1426.26],[1286.26,1426.76],[1288,1428],[1289.5,1428],[1290,1428.5],[1294.26,1428.5],[1294.5,1429.26],[1295.76,1429.26],[1296.26,1430],[1297.26,1430.26],[1297.5,1431],[1301,1431.76],[1301.26,1433.26],[1300.5,1434],[1299.76,1434],[1298,1435],[1296,1435],[1295,1435.26],[1294.5,1436.26],[1294.5,1437.5],[1294,1438],[1292.5,1438],[1291.5,1437.5],[1289.26,1437.5],[1289.26,1437],[1287.76,1437],[1287.76,1437.5],[1281,1437.5],[1279.26,1438.26],[1278.76,1437.5],[1277.76,1437.5],[1277.76,1437],[1275.76,1437],[1275.76,1437.5],[1274.5,1437.76],[1274,1441],[1275.26,1442.26],[1275.5,1443.26],[1276,1443.5],[1275.76,1446.26],[1275,1447.5],[1275,1448.26],[1273.5,1448],[1271.76,1448],[1271.76,1447.5],[1269.76,1447.26],[1268.5,1448.5],[1267.26,1449],[1265.26,1449],[1262.5,1447.76],[1260,1447.26],[1258.5,1448],[1254.5,1447.26],[1253.76,1448],[1252.26,1448.5],[1251,1449.76],[1251,1451],[1250,1452.26],[1249.26,1452.26],[1248,1454],[1247.76,1456.5],[1247.5,1457],[1246,1458.26],[1243.5,1458.26],[1242.5,1457.76],[1241.26,1457.76],[1240,1458.5],[1238.76,1460],[1237.76,1460.5]]],[[[1076.76,1423.76],[1077.26,1423],[1078.76,1422.5],[1078.76,1423.76],[1078.26,1424.26],[1078.76,1425.76],[1076.76,1428],[1076.76,1428.76],[1075.5,1429.5],[1075.5,1432],[1074.5,1431.76],[1074.5,1431.26],[1073.5,1430.26],[1073.5,1427.76],[1073.76,1426.76],[1074.5,1426.26],[1074.5,1424.5],[1074.76,1424.76],[1076.76,1424.76],[1076.76,1423.76]]],[[[1077,1433.5],[1077.76,1432.76],[1077.5,1433.76],[1077.5,1435.5],[1077.26,1435.76],[1075.76,1435.5],[1076.5,1433.76],[1077,1433.5]]],[[[1060.5,1451],[1060.5,1450.26],[1064.76,1450.26],[1064.76,1452.5],[1063,1452.26],[1062.26,1453],[1062,1454.26],[1060.26,1454.26],[1059,1455.26],[1057.5,1455.26],[1057.26,1454.5],[1058,1454.5],[1058.76,1453.5],[1059.26,1453.5],[1060,1452.5],[1060.5,1451]]],[[[1051,1475.26],[1050.76,1474.76],[1051.26,1473.5],[1052.26,1473.5],[1053.5,1475.5],[1054.5,1475.76],[1054.26,1476.5],[1052,1476.5],[1052,1475.76],[1051,1475.76],[1051,1475.26]]],[[[1046.76,1477.5],[1046.26,1477.26],[1046.5,1475.76],[1048.26,1475.76],[1048.5,1476.5],[1049.76,1477.26],[1050,1478],[1050.5,1477.76],[1052,1478],[1054,1478],[1054.26,1479.5],[1055.26,1479.76],[1055.26,1480.26],[1056.26,1480.76],[1056.5,1481.76],[1057,1481.76],[1057,1483.26],[1056.5,1483.76],[1055.5,1483.76],[1054.76,1484.26],[1053.5,1481.76],[1052.26,1481.76],[1052,1482.26],[1050.5,1481.76],[1048.76,1481.76],[1048,1480.76],[1048,1480],[1047.26,1479.5],[1047.26,1478.26],[1046.76,1477.5]]],[[[1105.76,1416],[1106.26,1415.26],[1108.5,1414],[1108.76,1413],[1109.26,1413],[1109.76,1414],[1110.5,1414],[1111.5,1413],[1112.26,1413],[1112,1414.26],[1110.5,1415],[1109.76,1416],[1109.26,1416],[1109.76,1417.5],[1109,1418],[1107.26,1418],[1107.26,1418.26],[1105.26,1418.5],[1104.26,1420],[1103.26,1420.26],[1103.26,1418.5],[1103.76,1418.26],[1103.76,1417],[1105.76,1416]]],[[[1102.26,1430.76],[1103.5,1430.76],[1103.5,1432.5],[1104.5,1433.5],[1105.76,1433.5],[1105.76,1434.26],[1105,1434.76],[1103.76,1436.26],[1103.76,1437.5],[1103.26,1438.26],[1102.26,1438.26],[1102.26,1437.26],[1101,1436.5],[1100.76,1435],[1101.76,1434.5],[1101.76,1433],[1101.26,1433],[1101.26,1431.76],[1102.26,1430.76]]],[[[1112,1421],[1112,1420.5],[1113,1419.76],[1114,1419.76],[1114.5,1421.26],[1114.5,1422.26],[1113,1422.76],[1113,1423.26],[1111.76,1424.5],[1111.76,1426],[1109.5,1426.26],[1109.76,1425],[1110.26,1424.76],[1110.5,1422.5],[1111,1421.5],[1112,1421]]],[[[1109.76,1432],[1110.5,1431.5],[1113.26,1430.76],[1113.26,1432],[1112.5,1432.26],[1112,1433],[1110.76,1433.26],[1110.5,1434.5],[1109,1434.5],[1108.76,1432.76],[1109.76,1432]]],[[[1173.76,1391],[1174.5,1390],[1175.76,1389.76],[1176.26,1390.5],[1178,1391.5],[1178.5,1392.76],[1179.5,1393],[1180.26,1394.5],[1180.26,1396],[1182,1396],[1182.26,1396.5],[1183.26,1396.5],[1183.5,1397.5],[1182.5,1398.26],[1180.76,1398.26],[1179.26,1399.5],[1180,1400.76],[1181.76,1401],[1182.5,1400.5],[1183.76,1400.5],[1184.76,1401.5],[1185,1402.76],[1184.5,1403],[1185,1404.76],[1184.26,1405.5],[1183.26,1405.5],[1182.26,1404.5],[1182,1403.76],[1181,1403.76],[1180.26,1404.5],[1180.5,1405.5],[1180.26,1406.76],[1178.76,1406.76],[1178,1405.76],[1175.76,1405.76],[1175.26,1405],[1175,1403.76],[1174.5,1403.26],[1174.5,1402],[1173.5,1401.5],[1172.5,1401.5],[1171.76,1401],[1171.5,1400],[1171,1399.76],[1170.76,1398.5],[1171.76,1397.5],[1171.76,1395.5],[1173.76,1394],[1174,1393],[1173.76,1391]]],[[[1167.26,1400.5],[1167.76,1399.26],[1168.76,1399.26],[1170,1401],[1171.26,1401.5],[1171.26,1402.76],[1170.26,1402.76],[1169.5,1403.5],[1167.5,1403.5],[1167.26,1402.76],[1167.76,1402.26],[1167.76,1401],[1167.26,1400.5]]],[[[1164.26,1406.76],[1165.76,1406.26],[1165.76,1407],[1165,1407.76],[1163.76,1407.76],[1163.26,1408.76],[1162.26,1409.76],[1161.5,1409.5],[1162,1408.76],[1164.26,1406.76]]],[[[1163,1410.26],[1164,1408.76],[1164,1410.5],[1162.76,1410.76],[1163,1410.26]]],[[[1180.76,1380.26],[1180.76,1379.5],[1181.76,1378.5],[1181.76,1381],[1180.76,1381.26],[1180.76,1380.26]]],[[[1179.5,1383],[1179.76,1382.26],[1180.26,1383],[1181.26,1383],[1182.26,1384.76],[1183.26,1385.26],[1183.26,1387],[1184.26,1388.76],[1185.76,1388.76],[1186.5,1388],[1187.26,1389],[1187.26,1390],[1188.26,1391],[1188.26,1392.76],[1189.5,1394],[1187.26,1394],[1186.76,1394.5],[1185.5,1396.76],[1183.76,1397],[1183.5,1396.26],[1182.5,1396.26],[1182.26,1395.76],[1180.5,1395.76],[1180.5,1394.26],[1180,1393],[1178.5,1392],[1178.5,1391.26],[1176.76,1389.76],[1176.76,1389],[1176,1388.26],[1176.26,1386.76],[1176.76,1386.5],[1177.26,1385.26],[1178.26,1385],[1178.26,1384],[1179.5,1383]]],[[[1185.5,1378.76],[1184.26,1379],[1184.76,1378.5],[1185.5,1378.76]]],[[[1182.26,1382],[1183,1380.76],[1185,1380.5],[1185.76,1381.76],[1185.76,1383.5],[1185.5,1384.5],[1186.5,1385.26],[1186.26,1387.5],[1185.26,1387.5],[1184.76,1387],[1184.76,1384.76],[1183.5,1383.76],[1182.26,1383.26],[1182.26,1382]]],[[[1187.5,1386.5],[1187,1386.76],[1187,1385.26],[1187.5,1385.26],[1187.5,1386.5]]],[[[1192.76,1378],[1192.76,1378.76],[1191.76,1379.5],[1192,1377.76],[1192.76,1378]]],[[[1189,1378.76],[1189,1378.5],[1191,1378.76],[1191.26,1379.76],[1192.5,1381],[1192.5,1383.5],[1192.76,1383.5],[1193,1385.5],[1194.5,1386],[1196.26,1387.26],[1196,1388.76],[1194.76,1389.76],[1195,1391.5],[1194,1392.26],[1193.76,1393.26],[1192,1394],[1192,1394.76],[1193.26,1396],[1193.76,1397.26],[1192,1397.26],[1190.76,1396.26],[1190.26,1394.76],[1190.26,1393.5],[1189,1392.26],[1189,1390.26],[1188,1389.26],[1188,1387],[1188.26,1386],[1187.76,1385.5],[1187.76,1384.5],[1186.5,1383.5],[1186.5,1381.26],[1186.76,1381.26],[1187.5,1379.26],[1188,1378.5],[1189,1378.76]]],[[[1196.26,1377.76],[1196.76,1377.26],[1198,1377],[1198.5,1378],[1198.5,1379],[1200.26,1379],[1200,1380],[1200.76,1380.5],[1201.76,1380.5],[1202.26,1380],[1204,1379.5],[1206,1379.26],[1206.5,1380],[1206.5,1381.5],[1205.76,1382.76],[1205.76,1383.5],[1206.5,1384.5],[1207.26,1384.5],[1207.76,1385.5],[1207.76,1387.5],[1207.26,1388.5],[1206.5,1388.76],[1206.5,1390.76],[1205.26,1392],[1205,1394.76],[1204,1394.76],[1203.5,1395.26],[1201.26,1395.26],[1199.76,1396],[1199,1396.76],[1195.26,1396.76],[1194.26,1397],[1193.5,1396.5],[1193.5,1395.76],[1192.76,1395.26],[1192.26,1394.26],[1194,1393.5],[1194.26,1392.5],[1195.26,1391.76],[1195,1390],[1196.26,1389],[1196.5,1387],[1195.5,1386],[1194.76,1386],[1193.26,1385.26],[1193,1384.5],[1193,1380],[1193.5,1379.76],[1194,1378.26],[1196,1378.26],[1196.26,1377.76]]],[[[1195.76,1377.26],[1195,1377.76],[1195.26,1377],[1195.76,1377.26]]],[[[1193.76,1378],[1193.26,1378.26],[1193.5,1377.26],[1193.76,1378]]],[[[1208.5,1377.76],[1209.76,1378],[1209.76,1378.76],[1209,1380],[1208,1380.5],[1207.76,1381.26],[1207.26,1380.5],[1207.5,1378.5],[1208.5,1377.76]]],[[[1203.5,1379.26],[1201.5,1379.26],[1202.5,1378.76],[1203,1378],[1203.5,1378.26],[1203.5,1379.26]]],[[[1239.5,1388.5],[1240.76,1389],[1240.76,1388.26],[1242,1388.26],[1242,1389],[1242.76,1389.5],[1242.26,1389.76],[1242.5,1391.26],[1241.5,1391],[1241.76,1390.26],[1240.26,1390.26],[1240.26,1389.5],[1239.5,1388.5]]]]},"properties":{"id":"k24","key":"k_sothoryos","name":"Sothoryos","counties":121,"color":"#d4e2dc","owner":null,"ownerCountryId":null,"notes":""},"id":"k24"},
{"type":"Feature","geometry":{"type":"MultiPolygon","coordinates":[[[[830,653.5],[829.76,654.5],[830.5,655],[833,654.76],[833.76,654.26],[835,654],[836.5,653],[836.5,654],[836,655],[837.76,655.26],[838.26,654.26],[838,652.5],[839,652.5],[839,653.26],[840.26,654],[840.26,655.76],[842,657],[842.26,658.76],[843.76,659.26],[844,660],[844.26,659],[845,658.76],[845,657],[845.5,656.5],[846.5,656.5],[847.5,655.76],[847.5,655.26],[849,655],[849.26,654],[850.76,653],[851.5,651],[852.26,650.76],[853.26,649],[853,648.26],[853.26,647],[854.26,646.26],[854.26,645.5],[853.26,646.26],[851,647],[850.76,647.76],[849.76,647.76],[849,646.26],[847.76,646.5],[846.26,646.26],[845.5,645.26],[846,644],[847.76,643.26],[847.5,641.76],[849.26,641.5],[849.76,641],[851.76,640.26],[852.26,639],[852,638],[851.26,637.5],[851.26,636.5],[851.76,636.5],[852.26,635.5],[853,635.26],[853,634],[851,632.26],[851.5,631.26],[851.26,630.5],[851.76,630.26],[852,629],[852.5,628.5],[852.5,627.5],[853.26,627],[854,629.26],[854.76,629.26],[855,630.5],[859,630.5],[860.26,629.76],[859.5,627.5],[860.5,626.76],[860.5,626],[859.5,625.5],[859.76,624.26],[860.26,624],[860.76,622.26],[860,622],[859.26,620],[858.5,619.26],[858.26,618.26],[860.5,618.5],[861.5,620],[863.5,620],[864.5,620.76],[865.5,621],[865.76,621.5],[865.5,623.26],[866.5,624.76],[866.5,625.76],[868,626.26],[868.5,627],[868.5,628.26],[867.5,629],[867.5,630],[868,630.5],[869.76,630.5],[870.5,631.5],[871.76,631.5],[872.26,633],[874,632.76],[873.5,634.26],[874.26,634],[877.26,634],[878.76,633.76],[879.26,634.26],[880.5,634.26],[879.76,635.76],[880.26,636],[880.26,637],[879.5,637.5],[879.5,638.26],[878,639.76],[878,641.76],[878.76,642.5],[878.76,643.5],[879.5,643.76],[879,644.5],[879.5,645.26],[879,646.76],[878.26,647.26],[877.76,648.5],[876.76,649.26],[876.76,650.5],[875.26,650.76],[874.76,652.26],[875,654],[874.5,653.76],[874,654.5],[873.76,655.76],[872.76,657.26],[871.76,657.5],[871,658.5],[871,656.5],[871.26,656.5],[871.26,654.26],[871,654.26],[871,652.5],[871.76,652],[871.76,651.26],[870.26,651],[868,649],[867,648.5],[866.76,649.5],[866.76,651.5],[867.26,652.26],[867.26,653.26],[865.76,654],[866.26,654.76],[866.26,655.76],[866.76,656.26],[866.76,657.5],[866,658],[865.26,659.5],[865,661.5],[866,661.5],[866,662.5],[865.5,662.5],[864.76,664.26],[865.5,664.76],[865.76,666.26],[867.5,667.26],[868.5,667.26],[869.26,666.76],[868.76,667.76],[868.76,669],[870.26,669.76],[871.5,669.76],[873,669],[872.76,669.76],[873.76,670.5],[873.76,671.76],[875,673.76],[873.26,674.5],[873,676],[871.76,677],[870.76,678.5],[869.5,678.76],[869.5,679.5],[870.76,680],[872.76,679.76],[873,680.5],[875,680.5],[875.26,681.5],[878.76,681.5],[878.76,681.76],[880.76,681.76],[881.26,682.26],[881,683],[881,685],[880.76,685.5],[882.5,686.5],[884.5,686.5],[884.5,686.26],[886.26,686],[886.26,687.26],[886.76,687.26],[887.76,688.26],[887.76,690.26],[887,691],[885.5,691.26],[884.76,692],[884.76,693],[886,693.26],[886.26,695.76],[885.5,696.76],[885.5,699.76],[886.26,701.76],[886.26,703.26],[885.5,704],[884.76,705.5],[884.76,707.5],[885.26,707.76],[885.26,708.76],[884.26,709.5],[884.26,712],[883.5,714.5],[884.5,715],[885.26,716.26],[886.5,717.26],[886.5,718.26],[886,718.5],[885.76,720],[884.26,720],[883.5,720.76],[881.5,721.5],[879.76,721.5],[879,722.26],[879,727],[878.26,727.5],[877.26,727.5],[877,728.76],[877.76,729.5],[877.5,730.5],[877.5,732.5],[876.26,733.5],[876.5,734],[876.76,736.5],[877.5,737.5],[877.5,739.5],[877.26,739.5],[877,741.26],[876.5,741.5],[874,743.76],[873.26,745],[873.26,746.26],[872.5,746.76],[872.5,749],[871.76,749.26],[871.26,750.5],[869.26,750.76],[868,749.26],[867.5,749],[865.76,749],[863.5,750],[861,750],[859.76,749],[859.76,748],[859.26,747.76],[858.76,746.5],[857.5,745.5],[857.26,744],[855.5,742],[852.26,741.5],[851.5,740.5],[851,737.5],[850.26,737.26],[850.76,736],[850.76,735],[851.26,734.76],[851.26,732],[850.5,731.26],[850.26,729.76],[849.5,728.76],[849.76,726.26],[849.26,726],[849.26,725],[848.5,724.5],[848,723.5],[847,723.26],[846.76,722.5],[846,722.5],[845,721.26],[845,720],[844.5,720],[844.26,718.5],[843,717.76],[841.5,717.5],[841.26,716.76],[840.5,716.76],[840,715.5],[838.5,714.5],[838.26,713.5],[837.26,713],[836.76,711.76],[836.76,710.26],[835.5,709.76],[835.5,709.26],[834.26,708.76],[833.76,708],[833,708],[833,705.76],[831.76,704.5],[832,703.5],[832,700.26],[831,699.26],[831,697],[830.5,696],[827.26,694.76],[826.76,694],[826,692.26],[826,690.76],[826.5,690.26],[826.5,689],[826,688.5],[826,686.5],[825,685.5],[824.26,685.5],[824.26,684.76],[823,682.76],[823.26,681.26],[822.26,680.26],[822.76,679.26],[822.76,678.26],[822,677.76],[822,675.76],[823.26,674.76],[823.26,673.76],[822.5,673],[823,672.26],[823,670.26],[822.5,669.26],[821.26,669],[822,668],[822,667.26],[821,666.5],[820.5,665.26],[819.5,664.5],[819.5,661.76],[820.26,660.76],[820.26,660],[819.5,659.5],[819.5,656.76],[820.26,655.76],[820.26,654.76],[819,652.76],[819,651.5],[818.26,651.26],[817.76,649.76],[816.5,649],[816.26,647.5],[816.76,647],[816.5,646],[817.5,646],[818.26,646.5],[820.5,646.5],[821,647.5],[823,648.26],[824,649.26],[826,649.26],[826.26,650.26],[827.76,651],[827.76,652],[828.76,652],[830,653],[830,653.5]]],[[[847.5,649.26],[848,648.26],[848.76,648.26],[849,649],[848.5,649.5],[847.5,649.26]]],[[[867.5,658],[867.26,656.76],[868,656.76],[868,658],[867.5,658]]],[[[870.26,652.5],[869.5,652.76],[869.5,652],[870.5,652],[870.26,652.5]]],[[[871.5,660.26],[871.26,658.76],[872,659],[872,660.26],[871.5,660.26]]]]},"properties":{"id":"k25","key":"k_the_axe","name":"The Axe","counties":18,"color":"#dfd1d1","owner":null,"ownerCountryId":null,"notes":""},"id":"k25"},
{"type":"Feature","geometry":{"type":"MultiPolygon","coordinates":[[[[1007.76,1457],[1008.5,1456.5],[1008.5,1455.26],[1009.5,1455],[1009.5,1454.5],[1010.5,1454],[1013.76,1454],[1013.76,1453.76],[1015.5,1453.76],[1015.76,1454],[1016,1456],[1015.26,1456.5],[1014.26,1456.5],[1012.76,1457.76],[1012.26,1459],[1011.5,1459.26],[1008.26,1459.26],[1008,1459],[1007.76,1457]]],[[[1005.5,1461.76],[1005.76,1461.26],[1008.26,1461],[1008.26,1460.5],[1009.5,1460.5],[1009.5,1461],[1010.5,1461.76],[1010.5,1463.5],[1010,1464],[1008.5,1464.26],[1008.5,1465.26],[1008,1465.76],[1008.26,1467],[1010,1467.5],[1009.5,1470.76],[1008.26,1471],[1008.26,1471.76],[1007.5,1472.76],[1006.76,1472.76],[1006.76,1475.26],[1006.26,1476.5],[1004,1477],[1003.5,1474.76],[1004.26,1473.5],[1004.26,1471],[1003,1470.5],[1002.76,1469],[1003.5,1468.5],[1003.5,1464.26],[1005,1463.26],[1004.76,1462],[1005.5,1461.76]]],[[[999.26,1473.76],[998.5,1473],[999.76,1472.76],[999.26,1473.76]]],[[[998.5,1474.26],[999.76,1474.5],[1000.26,1473.76],[1001,1475.76],[1001.76,1475.76],[1001.76,1477],[1001,1477.5],[1001,1479],[1000.5,1479.5],[1000.5,1482.5],[999,1482.76],[996.76,1482],[997.26,1480.76],[997.26,1478.26],[995.5,1478.26],[995.26,1477.76],[996.26,1477.26],[996.26,1475.26],[997.26,1474.26],[998.5,1474.26]]],[[[1054.26,1396],[1054.76,1394.5],[1055.76,1395],[1056.76,1396.26],[1058,1397],[1059.26,1397],[1060,1396.5],[1060.5,1397.26],[1061.76,1397.26],[1063.76,1395.76],[1064.26,1395],[1065.5,1395.26],[1065.76,1398.26],[1065,1398.26],[1064.26,1399],[1061.76,1399.26],[1060.5,1400.76],[1059.26,1401.26],[1057.76,1401.5],[1057,1402.5],[1057,1404],[1053.5,1404],[1052,1404.26],[1051.76,1403.76],[1050.76,1403.5],[1050.5,1404],[1050.5,1405.76],[1049.5,1406.76],[1048.76,1407],[1048.26,1406.26],[1047.26,1406],[1047,1405.26],[1046.5,1405.76],[1043.76,1405.5],[1043,1404.5],[1043,1403.76],[1044,1403],[1044.5,1401],[1045.5,1400.5],[1045.5,1399.5],[1046.26,1399],[1046.26,1397.76],[1047.26,1397.76],[1048,1396],[1048.76,1396],[1050,1397.5],[1051,1397.26],[1052.76,1397.26],[1053.76,1396.76],[1054.26,1396]]],[[[1050,1419.5],[1050,1418.26],[1050.5,1417.76],[1051.26,1418],[1054.26,1418],[1055.26,1416.76],[1055.76,1417],[1057.5,1417],[1057.5,1415.76],[1060.26,1415.76],[1061.26,1415],[1062,1415],[1061.26,1415.76],[1060.76,1417.26],[1059.5,1417.76],[1059.26,1419],[1059.76,1419.76],[1058.26,1421.26],[1056.76,1421.76],[1054,1421.76],[1053.5,1421],[1051,1421],[1050.76,1420.5],[1049.26,1420.76],[1050,1419.5]]],[[[1052.26,1423.26],[1051.76,1422.76],[1052,1422],[1052.5,1422.76],[1054,1422.76],[1053.5,1423.76],[1052.26,1423.26]]],[[[1011,1466],[1011,1465],[1011.5,1464.5],[1011.76,1465.26],[1011.26,1466.76],[1010.5,1466.76],[1011,1466]]],[[[1078.76,1358.76],[1079,1358.26],[1081.5,1358.26],[1081.76,1358.76],[1085.26,1358.76],[1085.76,1359.26],[1088,1359.26],[1089,1359.5],[1090,1360.26],[1090,1360.76],[1092,1360.76],[1092.5,1359.76],[1093,1360],[1093,1361.26],[1094,1362.26],[1095,1362.5],[1094.76,1363.76],[1094.26,1363.76],[1094,1364.76],[1095.76,1366],[1096,1366.76],[1096.76,1366.76],[1097.26,1367.5],[1098,1367.76],[1098.26,1369.5],[1100,1370.26],[1102.76,1370.26],[1102.26,1371.76],[1101.5,1372.76],[1099,1372.76],[1098.5,1373],[1098.5,1374.76],[1098,1376],[1096.76,1376],[1096.5,1376.5],[1095.26,1376.5],[1094,1377.5],[1094.26,1378.76],[1095.26,1378.76],[1095.76,1379.5],[1095.26,1381.26],[1094.26,1381.26],[1093.76,1381.76],[1094.26,1383],[1094.26,1384.5],[1093.5,1384.76],[1092.76,1386.26],[1091,1386.26],[1090.26,1385.76],[1090,1384.26],[1090,1381.76],[1089.5,1380.5],[1089.5,1375.5],[1088.5,1375.26],[1089.76,1373.76],[1091.26,1373.26],[1091.5,1372.76],[1092.76,1372.5],[1093.5,1371.76],[1091,1370.76],[1091,1370],[1090,1370.5],[1089,1370.5],[1089,1370],[1086.76,1369.26],[1086.5,1368],[1085.26,1368],[1084.76,1366.5],[1084,1366.5],[1083.5,1365],[1082,1365],[1081,1366],[1078.5,1366],[1078.26,1366.5],[1077.5,1365.26],[1076.76,1365],[1076.76,1364.26],[1074,1364.26],[1073.5,1363.26],[1072.76,1363.26],[1072.26,1362],[1073.26,1362],[1073.5,1361.26],[1075.5,1360.76],[1075.5,1360.26],[1078.76,1358.76]]],[[[1071.26,1365.5],[1071.26,1364],[1071.76,1363.76],[1072.76,1364.5],[1072.5,1365],[1073.5,1365],[1074.5,1365.76],[1076,1365.76],[1076.26,1366.76],[1076,1367.76],[1074,1367.76],[1073.5,1369],[1072.76,1369.5],[1072.26,1367.26],[1072.26,1365.5],[1071.26,1365.5]]],[[[1075,1396.26],[1077,1396.5],[1077.76,1397],[1080.26,1397],[1081.5,1399],[1081.5,1399.76],[1083.76,1399.76],[1084.5,1399.5],[1084.5,1398],[1085.5,1397.76],[1086.26,1398.76],[1088,1398.76],[1088.5,1397.5],[1089.5,1397.5],[1089.5,1397],[1091,1396],[1091,1394.5],[1090,1394.26],[1090,1393],[1091.76,1393],[1091.76,1392.26],[1092.5,1392.26],[1093,1393],[1095.5,1392.76],[1097.5,1391],[1098.26,1391.5],[1099.76,1391.26],[1100,1392.5],[1101.5,1393.26],[1102.26,1392.76],[1102.76,1393.5],[1103.76,1393.76],[1103.76,1395.5],[1103,1395.5],[1102.76,1396.26],[1104,1396.26],[1104.76,1396.76],[1103.5,1398.5],[1102.5,1398.5],[1101.76,1399.26],[1100,1399.76],[1100,1401.26],[1100.5,1401.26],[1100.5,1402.26],[1099.5,1402.26],[1099.76,1405.26],[1098.76,1405.5],[1097,1405.5],[1095.76,1406.5],[1094,1406.5],[1093.26,1407.76],[1091.5,1408.76],[1090.26,1408.5],[1087.5,1408.5],[1087.5,1408.76],[1085.26,1409],[1086.26,1409.5],[1086.26,1411],[1085.26,1411.76],[1083.76,1411.76],[1083.5,1412.26],[1080.76,1412.26],[1079.5,1412],[1079.26,1411],[1080.26,1410.5],[1080.26,1408.76],[1080.76,1407.5],[1079.26,1407],[1079.26,1406],[1080.5,1405.5],[1080.5,1404.5],[1081,1403.5],[1080.26,1402.26],[1078,1402.26],[1077,1401.5],[1077,1400.5],[1077.5,1400.5],[1077,1399.5],[1075.26,1399.5],[1074.76,1399],[1073.5,1399],[1073.26,1398],[1072.5,1398],[1073.76,1396.76],[1075,1396.26]]],[[[1059.76,1413.26],[1060.5,1412.5],[1062.26,1412],[1062.26,1413],[1061.5,1413.76],[1060,1413.76],[1059.76,1413.26]]],[[[1056.5,1423],[1055.26,1423.26],[1055.5,1422.26],[1056.5,1423]]],[[[1082,1371.5],[1082.26,1371],[1083.5,1370.76],[1084,1370.26],[1084.5,1371.5],[1086.26,1371.26],[1086.76,1371.76],[1086.5,1373.76],[1087.5,1374.5],[1087.5,1375.5],[1087,1376],[1085.76,1376],[1086.26,1376.5],[1086.26,1377.5],[1085.76,1377.5],[1085.26,1379.26],[1084.76,1380],[1083.76,1380],[1084.26,1379.26],[1084,1377.26],[1083.5,1377],[1083.26,1375.76],[1084,1375.26],[1083.5,1373],[1080.76,1373],[1080.26,1372.76],[1080.5,1372],[1082,1371.5]]],[[[1117.26,1356],[1117.26,1355.5],[1120.5,1355.5],[1122.26,1353.5],[1122.26,1356.26],[1121.76,1356.5],[1121.5,1357.76],[1122,1358.5],[1121.76,1359.5],[1120.5,1359.5],[1120.76,1361.76],[1121.76,1362.5],[1121.76,1364.5],[1121.5,1364.5],[1121.5,1368],[1120.76,1368.76],[1120.5,1371],[1119.5,1371.76],[1119.26,1370.26],[1118.76,1370],[1118.76,1369],[1119.26,1368.5],[1119.26,1367.5],[1118.26,1366.5],[1118.26,1365.5],[1119,1365],[1119,1363],[1118.5,1362.5],[1118.5,1360],[1118,1359],[1117.26,1358.76],[1117.5,1357.76],[1117.26,1356]]],[[[1113,1375.26],[1112.76,1373.76],[1113.26,1374.26],[1116.26,1374.26],[1116.5,1375],[1119,1374.76],[1119,1376],[1120.5,1376],[1120.76,1377.26],[1122,1377.26],[1121.76,1374.76],[1124,1373],[1124,1371.76],[1123.5,1371.76],[1123.26,1370.26],[1123.26,1368],[1124.5,1366.76],[1124.5,1365],[1123,1364],[1123.5,1360.5],[1124.26,1360],[1125.5,1360],[1125.76,1361.26],[1127,1362.5],[1128,1362.5],[1128.26,1363.26],[1129,1363.5],[1129,1364.5],[1128,1366],[1128,1367],[1127.5,1368],[1128,1368.26],[1127.76,1369.26],[1127,1369.5],[1127.5,1370.26],[1127.5,1372],[1126.76,1372],[1126.5,1373.5],[1126,1373.76],[1125.76,1376],[1126.26,1376.26],[1126,1378.5],[1125,1379.76],[1125.5,1383.76],[1125,1384],[1125.26,1385.5],[1126,1385.5],[1126,1384.5],[1126.76,1384],[1126.76,1382.26],[1127,1381.26],[1127.5,1381.26],[1127.5,1378.76],[1127,1378.76],[1127,1377.26],[1128.26,1377],[1128.5,1376.26],[1129.26,1375.76],[1129.26,1374],[1130.26,1373.5],[1130.26,1372.76],[1131.26,1372.76],[1131.76,1372.26],[1131.76,1376.26],[1131.26,1376.5],[1131.5,1378.5],[1131,1378.76],[1131,1379.76],[1131.5,1380.26],[1131.5,1381.76],[1130.26,1382.5],[1130.26,1383.76],[1129.76,1384],[1129.26,1385.76],[1128.26,1386.5],[1127.5,1388],[1127.76,1389],[1128.26,1389.26],[1128.5,1390.5],[1127.76,1391],[1126.76,1391],[1126.5,1392.26],[1126,1393],[1125.26,1393.26],[1125,1394.26],[1122.5,1394.26],[1121.76,1394.76],[1122,1396.26],[1123.26,1397],[1122.76,1399.26],[1122.76,1400.76],[1122.26,1402.26],[1121.5,1402.5],[1121,1401.5],[1120.5,1398.26],[1119,1398],[1118.76,1397.26],[1117.76,1396.76],[1117.76,1392.76],[1117,1391.5],[1116,1391.5],[1115.5,1390.5],[1114.76,1390.5],[1114.5,1389.76],[1113,1389.76],[1112.26,1389],[1111,1389],[1110.76,1389.5],[1109.76,1389.5],[1109.26,1388],[1108.5,1387.26],[1108.5,1385.76],[1107,1385.26],[1106.76,1384.26],[1106.76,1382.5],[1107.5,1382.26],[1107.5,1383],[1108.76,1383.76],[1110.76,1383.76],[1110.76,1383.5],[1112.76,1383.5],[1113.26,1384.26],[1114.26,1384.5],[1114.26,1385],[1116,1385.26],[1116.5,1384],[1117.76,1383.76],[1119,1385.26],[1118.5,1384.26],[1118.5,1381.76],[1117.5,1381],[1117.5,1379.76],[1117,1378.76],[1116,1378.76],[1114.5,1377.76],[1113.76,1375.5],[1113,1375.26]]],[[[1106.76,1379.5],[1106.76,1377.26],[1107.26,1378.26],[1108.76,1378.76],[1109.26,1380.26],[1110.5,1380.76],[1110.26,1382.26],[1108.76,1381.76],[1108,1380.5],[1107.26,1380.5],[1106.76,1379.5]]],[[[1116,1427.76],[1115,1427.5],[1113.5,1425.76],[1114.5,1425.5],[1114.5,1425],[1116.76,1422.76],[1118.76,1421.5],[1118.76,1420.26],[1120,1419],[1120.76,1419],[1121.26,1418],[1121,1416],[1120,1415.5],[1119.76,1414.5],[1121.26,1414.5],[1121.76,1413.76],[1124.5,1413.76],[1125.5,1413.5],[1126,1412.26],[1127.26,1412.76],[1130.26,1412.76],[1130.76,1412.5],[1131.26,1410.76],[1132.5,1411.26],[1132.5,1412],[1134.76,1412.5],[1135,1413],[1136.26,1413],[1136.76,1413.5],[1137,1414.76],[1139.76,1415],[1140,1416.5],[1140.76,1416.5],[1141.5,1415.5],[1141,1415.26],[1141.26,1413.76],[1142.76,1413.26],[1142.76,1414.26],[1143.76,1414.76],[1143.76,1416],[1144.26,1416.5],[1144.76,1420],[1144,1420.26],[1143.76,1421],[1144.76,1421.5],[1144.76,1422.76],[1144.26,1423.5],[1143.5,1423.76],[1141,1423.76],[1140,1424.26],[1139.26,1426],[1137.5,1426.26],[1137.5,1427],[1135.76,1427],[1135.76,1426.76],[1134,1426.76],[1133.5,1427.5],[1132.76,1427.76],[1132.26,1428.76],[1133.5,1429.26],[1133.5,1431.26],[1134,1432],[1135.5,1432],[1135.5,1433.26],[1135,1433.26],[1134,1434.76],[1133,1434.76],[1132.5,1435.26],[1132.26,1436.5],[1126,1436.5],[1125.5,1437],[1124.5,1437],[1124.5,1436.5],[1123.5,1437],[1121.5,1437.26],[1121.76,1435.76],[1120.76,1435.5],[1118.5,1435.5],[1118.5,1436.5],[1117.5,1436.5],[1117.5,1436],[1116,1435.26],[1116.26,1433],[1117.5,1432],[1117.5,1431],[1118.5,1430.76],[1118.5,1429.26],[1120.76,1428.26],[1120.76,1427.5],[1118.26,1428],[1118.5,1426.5],[1117,1427],[1116.76,1427.76],[1116,1427.76]]],[[[1122,1405.76],[1122.76,1405],[1124.5,1404],[1124.5,1403.26],[1125.26,1402.26],[1125.26,1401.5],[1126.26,1401.5],[1126.5,1402.5],[1127.5,1402.76],[1128,1401.76],[1129.5,1401.26],[1129.5,1402.5],[1128.5,1403.76],[1127.5,1403.76],[1126.76,1404.5],[1126.76,1405.5],[1125.5,1406.5],[1124.76,1406.5],[1124.26,1407.26],[1123,1407.26],[1122.5,1407.76],[1121.26,1407.76],[1121.76,1407],[1122,1405.76]]],[[[1129.26,1387.5],[1129.76,1386.5],[1130,1387.5],[1129.26,1388.5],[1129.26,1387.5]]],[[[1127.76,1405.76],[1127.76,1404.76],[1129,1404.5],[1128.26,1406],[1127.76,1405.76]]],[[[1153.26,1363],[1154.26,1362],[1155.76,1361.76],[1155,1365],[1153.76,1366],[1153.76,1367.76],[1153.5,1369.26],[1154,1369.76],[1154,1370.76],[1152.76,1370.26],[1151.76,1370.5],[1151.5,1371.26],[1150,1372],[1148.76,1373.76],[1147.76,1373.76],[1147.76,1373.26],[1146.5,1372.26],[1146.5,1371.76],[1147.5,1371.26],[1147.76,1370.5],[1150.26,1366],[1150.5,1364.5],[1151.76,1364.26],[1153.26,1363]]],[[[1150.76,1373.5],[1151.76,1372.5],[1151.76,1374.76],[1150.76,1375.5],[1149.76,1375.5],[1149.76,1374.5],[1150.26,1373.5],[1150.76,1373.5]]],[[[1154.76,1399.5],[1154.76,1398.5],[1155.76,1398],[1156.76,1398],[1158.26,1400],[1158.5,1401.76],[1161,1401.5],[1162,1402.26],[1163,1401.76],[1163,1402.5],[1163.76,1402.76],[1162.5,1403.76],[1160.5,1404],[1159.76,1404.76],[1159.76,1405.5],[1158.5,1406],[1158.26,1406.5],[1156.26,1406.76],[1156,1406.26],[1155,1406.26],[1154.5,1405],[1153.26,1405],[1152.5,1404.5],[1152.5,1403.76],[1153.26,1403.5],[1153.76,1402.76],[1154.5,1402.5],[1154.5,1401.5],[1155.26,1401.5],[1155.26,1400.26],[1154.76,1399.5]]],[[[1200.76,1329.76],[1200.26,1329.76],[1200.5,1328.26],[1202,1328.5],[1202,1329.26],[1200.76,1329.76]]],[[[1195.76,1329.26],[1197,1329.26],[1198,1328.5],[1199.5,1328.76],[1199.5,1330],[1198.76,1330.26],[1197.76,1331.76],[1196.76,1331.76],[1196.76,1331.26],[1195.5,1331.26],[1194.5,1333],[1193.5,1333.26],[1192.76,1334.26],[1192.76,1336],[1192,1337],[1190,1337],[1190,1337.26],[1188,1338],[1187.76,1338.5],[1186.5,1339],[1185,1339],[1185.26,1338.26],[1185,1336.76],[1185.5,1336.5],[1185.5,1335],[1188.5,1331.76],[1189.26,1331.26],[1191.26,1331.5],[1191.76,1330.5],[1192.76,1330.26],[1192.76,1329.76],[1193.76,1329.76],[1195,1329],[1195.76,1329.26]]],[[[1239.76,1341.76],[1239.76,1340.76],[1242.26,1341],[1243,1341.5],[1244.5,1341],[1245,1341.5],[1246.26,1341.5],[1247,1342],[1249.5,1342],[1249.5,1340.26],[1250.26,1339.5],[1251,1339.5],[1251.5,1340.26],[1252.26,1340.26],[1253.76,1341],[1255.26,1340.76],[1255.76,1340.26],[1257,1340.26],[1256.76,1341.5],[1256.76,1343.26],[1257.26,1344],[1257.26,1346.26],[1256.26,1347.26],[1256.26,1349.76],[1256.5,1350.5],[1255.26,1351],[1255.5,1352.76],[1254.26,1354.76],[1253.76,1354.76],[1253.26,1355.76],[1252.26,1356],[1252.26,1353.76],[1252.5,1353.76],[1252.5,1352],[1251.5,1352],[1251.26,1350.5],[1249.26,1351.26],[1247.26,1352.5],[1246.5,1353.76],[1244.5,1354.76],[1243.26,1355.76],[1243,1357],[1242,1357.76],[1241.5,1359.5],[1239,1361.5],[1237.76,1361.5],[1237,1362.26],[1235.5,1362.26],[1235,1363],[1234.5,1364.76],[1233.5,1365.5],[1232.5,1365.26],[1233,1364],[1234,1363.5],[1233.5,1362],[1234.5,1361.76],[1234.76,1360.76],[1236.26,1360],[1236.26,1359.5],[1238,1358.26],[1238.76,1356.76],[1238.76,1356],[1240,1355],[1241.76,1353],[1243.5,1352.26],[1244.26,1351.26],[1244.26,1349.76],[1245,1349.26],[1245.26,1348.5],[1244.5,1348.5],[1244,1349.26],[1242,1349.76],[1240.76,1347.76],[1239.26,1346.5],[1239.26,1346],[1241,1344.76],[1240.5,1344.26],[1240.76,1343],[1239.76,1342.76],[1239.76,1341.76]]]]},"properties":{"id":"k26","key":"k_the_basilisk_isles","name":"The Basilisk Isles","counties":25,"color":"#d1dedf","owner":null,"ownerCountryId":null,"notes":""},"id":"k26"},
{"type":"Feature","geometry":{"type":"MultiPolygon","coordinates":[[[[519,772.76],[520.76,772.76],[521,774],[522.5,774.5],[522.5,775],[524.26,775],[524,777.26],[524.5,777.5],[524,778.5],[524.5,780],[525.5,780.5],[526.76,780.5],[526.5,782],[525.76,782.76],[525.76,784.26],[524.76,784.5],[522.76,785.76],[522.76,786.5],[521.26,787.5],[521.26,788.26],[520.26,789],[520.26,790.26],[520.76,791.26],[519.76,791.26],[519.76,792.26],[519,793],[518.76,794.26],[517.76,795],[517.26,796.26],[515.76,796.5],[514.76,796],[514.5,797],[513.76,798],[512.76,798.76],[512.76,799.5],[512,800],[511.76,800.76],[512.26,801],[512.26,802.76],[511.26,803.5],[511.26,804.76],[513,804.76],[512,805.26],[510.76,806.76],[509,806.76],[508.5,807.26],[508.26,809.26],[506.5,810.26],[506.5,811.26],[507.26,811.26],[507.26,812.26],[505.26,812.26],[505,813],[504,813.76],[503.26,813.5],[501.5,813.5],[501,814.76],[499.5,814.76],[498.26,815.5],[499.5,815.5],[499.76,816],[501.76,816],[502,817],[502,819],[502.5,818.76],[503.76,819],[503.76,820.76],[503,821.76],[503,822.5],[502.26,823.26],[502.26,824],[501.76,824.76],[500.76,825],[499,825],[498,824],[496.26,824],[496,823.5],[495.26,824],[494,824.26],[494,824.76],[491.76,824.26],[490,824.26],[488.26,824],[488.26,823.26],[486.76,823.26],[486,824.5],[485,824.5],[484.76,825],[483.5,825],[482.76,825.5],[481.76,825.5],[481,826],[480.76,825.26],[479,825.5],[478,826.26],[477,825.76],[476.26,826.76],[476,828.26],[475.5,828.76],[473.26,828.76],[473.26,829.26],[472.26,829.5],[472,830.26],[469.76,830.26],[469.5,831],[468,831],[467.26,830.5],[466.76,830.26],[464.76,830.5],[464.5,830],[463.5,830.26],[461.5,830.26],[459.26,828.5],[459.5,828],[459.26,825.76],[457.76,825],[457.26,824.26],[456.76,822.5],[456,822.76],[454,822.5],[453.5,821.26],[452.5,821.76],[450.76,821.5],[450.26,820.76],[449.26,820.76],[448.76,819.26],[447.76,819.26],[447.26,818.76],[446,818.76],[445.5,818],[444.5,818.5],[444,817.5],[443,817.5],[442,818.26],[442,819],[440.5,818.76],[439.26,818.26],[438.76,816.5],[436.76,816.5],[436.26,815.5],[435.26,815.5],[434.76,814.76],[433.26,814.76],[432.5,815.26],[431.26,815.26],[430.5,814.76],[430.5,814],[429.76,814],[429.76,813.26],[428,813.5],[427.76,814.26],[426.76,814.26],[426.26,813.26],[425,812.5],[425,811.5],[423.26,811.5],[422.76,813],[421.26,812.76],[418.76,812.76],[418.76,813.5],[417.76,813.5],[417.26,812],[416.5,811.76],[416.26,812.26],[413.5,812.26],[413.26,812.76],[411.76,812.5],[411.76,812],[410,812],[409.26,812.26],[408.5,811.5],[407.5,811.76],[405.26,811.76],[404.5,812],[404.26,811.5],[403.26,811.5],[402.5,811],[402.26,810.26],[401,810.26],[400.26,809.26],[399.26,809.26],[397.76,808.5],[397.5,808.5],[397.76,808],[395.5,807.76],[395,806.76],[393.5,806.5],[393.5,805.76],[392,805.5],[392,804.76],[390.76,804.5],[390.76,802],[389.76,801.5],[388.26,799.26],[387.5,799.76],[385.76,799],[385.5,798.26],[383.26,798.26],[382.5,796.5],[381.76,796.5],[381,795],[379.76,794.76],[379.26,794.26],[377.26,794.26],[376.76,794],[376.76,792.76],[376,792.26],[374.76,792],[374.76,790],[374.26,789.5],[374.26,788.5],[373.26,788.26],[373.26,787],[374,786],[375,786],[374.76,784.5],[375,782.76],[375,780.5],[375.5,780.26],[375.26,777.76],[374.26,776.5],[373.26,776],[372.76,774.5],[374.76,774.5],[375.76,774.76],[377,775.5],[378.26,775.5],[379.5,776.5],[381.26,776.5],[382,777.26],[383.26,777.5],[383.5,778.26],[384.5,778.5],[384.5,779],[385.5,779.5],[385.5,780.76],[386.5,781.76],[386.5,783],[387.5,784],[387.76,785],[388.5,785.5],[390,787.26],[391.26,787.26],[392.26,788],[393,788],[393.5,789],[394.26,789],[394.26,789.76],[395,790],[395.5,791],[396.26,791],[397,792],[397,793.5],[398,793.76],[398.26,795],[399.26,796.5],[400.5,797],[400.5,797.76],[401.26,798.5],[402.5,798.76],[403.26,799.5],[404.26,799.76],[407,799.76],[407.76,799],[409.76,799],[409.76,798.76],[411.5,798.76],[412.5,799.5],[414.26,799.5],[414.26,799.76],[417,799.76],[417.26,799.26],[418.26,799.26],[418.5,798.76],[420.26,798.76],[420.26,798.5],[422.26,798.5],[423.5,797.76],[424.76,797.76],[425,797],[426.76,796.76],[427,796],[428,795.5],[429,795.5],[429,796],[431.76,796],[433.26,795.76],[434,795.26],[434,796.26],[432.5,797],[432.26,798.26],[432.76,798.5],[432.76,799.76],[431.76,800],[431.5,800.5],[430.26,800.76],[430.26,801.26],[429.26,802.26],[430,803],[431,803.26],[431,804.5],[431.5,804.5],[431.5,806],[432.5,806],[433.5,806.5],[434.26,805.5],[435.5,805],[435.76,806],[436.76,806],[437,807.5],[437.76,808.26],[438,809.76],[438.76,809.76],[438.5,809],[438.76,807.5],[438.76,805.5],[439.5,804.5],[440.5,804.5],[442.5,804],[445.5,804],[446.5,803.5],[447.26,803.76],[449.26,803.5],[449,801.5],[451,803],[452,803],[453,802.5],[454,801.5],[455.5,801.76],[455.76,802.26],[457,802.5],[457.26,803.26],[457.76,803],[458.26,799.76],[461.76,799.76],[462.76,799.5],[463.76,798.26],[465,798.26],[466.5,799],[467.5,798.76],[469.76,798.76],[470.5,799.76],[472.26,799.76],[473,799.5],[473.26,798.76],[475.26,798.76],[475.26,797.76],[474.5,796.76],[473.76,796.76],[474.5,795.76],[476.26,795.76],[477.26,796],[477.5,795],[480.26,795],[481,794.26],[481.76,794.26],[481.76,795.5],[481,795.76],[480.76,796.76],[479.26,796.76],[479,798],[477.26,799.76],[477.5,801],[476.5,801.76],[475.26,802.26],[475.26,804.5],[476.26,804.5],[476.5,803.5],[477.26,803.5],[477.26,804.26],[478,804.26],[479.26,803],[480.26,803],[480.5,803.5],[481.26,803],[482.26,803.26],[482.26,805],[483,805.5],[483.5,804.5],[483.5,803.5],[485.26,802.5],[486.5,801],[487.5,801.76],[488.76,801.76],[489,801],[489.76,800.76],[490.5,801.76],[491.76,802],[493,801.5],[493.5,799.76],[494.5,799],[494.5,796.76],[495.76,796.76],[496.5,795.76],[497.5,795.26],[498.76,795.26],[499.76,794],[500.5,794],[501.5,792.5],[502.5,793.5],[504.5,793.5],[506.26,790.76],[507.26,790.76],[507.76,790],[508.76,790],[508.5,789.5],[509,787.26],[509.76,787.26],[509.76,786.5],[511,786.5],[511.5,786],[511.5,782],[512.26,781.26],[512,780],[511,779.5],[511.26,779],[512.5,779],[513,778.5],[515.76,778.5],[516.26,777],[517.5,776.76],[517.5,776.26],[518.5,776.26],[519,775.26],[519,773.76],[518.5,773.5],[519,772.76]]],[[[364.76,771.5],[364.76,769.5],[365.26,768.76],[366,768.76],[366,768],[367.76,766.76],[369.26,766.5],[369.5,765.76],[371.76,766],[372,765.26],[373,765.76],[376.26,765.76],[377.5,765],[377.5,764],[378.26,764.26],[378.76,763.76],[380,763.5],[380,760.26],[381,760.26],[381.26,759.76],[383.5,759.76],[384.26,758.26],[383.5,757.76],[383.76,756.76],[383.26,756.76],[382.76,755.5],[385.26,755.5],[385.5,758.26],[386.26,758.5],[386.26,761.76],[386.5,764],[387.5,764.76],[387.76,766],[388.76,766],[389.76,767],[390.5,767],[391.76,767.76],[392.26,769.26],[393,770],[393.26,771.26],[393.76,772],[393.5,773.26],[394,773.76],[394,776.26],[393.76,777.5],[394.26,778],[394.26,779.26],[395.5,780.5],[395.5,782.26],[395.76,782.26],[395.76,784],[396.76,784.26],[395.76,785.26],[395.76,786.26],[396.26,787],[397,787.26],[397,789],[397.26,789],[397.26,791],[396.26,790],[396.26,789.26],[395,788.76],[394.76,788.26],[393.5,787.76],[392.76,786.76],[391.26,786.76],[389.76,786.26],[389.5,785.5],[388.76,785],[388.5,784],[387.5,783.26],[387.5,782.26],[386.5,780.26],[385.26,778.26],[384,777.5],[383.5,776.5],[381,775.5],[379.76,775.5],[379.76,775],[378.76,774.5],[377.5,774.5],[376.26,773.76],[369.5,773.76],[368.26,772.76],[367.26,772.76],[366.5,771.76],[364.76,771.5]]],[[[386.5,755.76],[387.5,755.76],[387.5,755],[388.76,755],[389,755.5],[390.26,755.5],[390.76,754.26],[392.5,754.26],[392.5,754.76],[394.26,754.26],[394.26,754.76],[395.5,754.5],[396.26,753.5],[397.26,753.26],[399.5,753.26],[399.76,752],[401.26,751],[401.76,749.5],[403,749.5],[403.76,748.76],[403.5,747.5],[404,747.26],[404,746],[404.76,745],[405.26,745.26],[406.76,745],[406.5,742.5],[407.26,742.5],[407.5,741.5],[406.76,740.76],[406.76,739.5],[407.76,738.5],[407,737.5],[407,735.5],[406.76,735],[406.76,732.76],[408.26,732.76],[408.76,732.26],[408.76,731.26],[410.5,730.76],[411.5,730],[412.26,730.26],[414.5,730.26],[415,729],[416.5,728.76],[417.5,728],[417.76,727],[420,726.76],[421.5,727],[423.26,727],[423.76,726.26],[425,726],[425.76,725.26],[428.26,725.76],[430,725.76],[430,726.5],[430.76,726.5],[431,727.26],[432.5,727.5],[433.26,727],[434.26,727],[434.76,727.5],[436.26,727.5],[436.76,728.26],[438.76,728.5],[439.5,729.76],[439.76,731],[441,730.76],[440.76,729.76],[442,730],[443.26,730.76],[443.76,731.76],[444.76,732.5],[444.76,732],[446.26,732.26],[447,731.26],[449.26,731],[449.5,731.76],[450.5,731.5],[451,730.5],[452.5,730.26],[453,729],[452.26,728.5],[453.76,727],[455.5,727],[455.76,726.26],[456.5,726.76],[458.26,726.76],[459.26,726],[459.5,724],[461.5,723.76],[462.26,724],[462.26,722],[463,720.76],[464.76,720.5],[465.26,719],[464.76,718.5],[464.76,717.5],[464,717],[464,716.26],[464.76,715.76],[464.76,714.26],[465.76,713.76],[468.5,713.76],[468.5,714.5],[469.5,714.5],[470,714],[471,714.26],[471,715.26],[471.76,716.26],[472.26,716.26],[473.26,717.26],[475.26,717.26],[475.76,716.76],[477.5,716.76],[478.5,716.5],[478.26,717.76],[479,717.76],[480,718.5],[481,718.5],[482,717.76],[483.76,717.76],[484.5,716.76],[485.76,716.5],[486.5,717.26],[487.76,717.5],[488.26,717],[489.26,717.5],[490.76,717.76],[492.5,715.5],[492.5,714.76],[493.5,714.76],[494.5,714],[494.5,712.26],[495,712.26],[495.5,713.26],[496.5,713.26],[496.5,714.5],[497.26,714.76],[497.5,712],[498.5,712.26],[498.76,711.76],[499.76,711.76],[500.5,710.26],[502.26,710],[502.76,710.76],[504.5,710.76],[505.5,710],[507.26,709.5],[508,708.76],[508.26,707],[510.5,707],[510.76,706.5],[512.5,706],[512.76,705],[513.5,705],[514.26,706],[516.26,706],[517.26,706.26],[518.76,706],[519,705],[519,702.76],[519.76,702.26],[520.76,702.26],[520.76,701.76],[522.5,700.5],[523.26,701.76],[524.5,701.5],[524.5,700.5],[525.26,700.26],[525.26,699.26],[526.76,699.76],[528.26,697.5],[529.5,697],[531.26,696.76],[531.26,694.76],[532,693.76],[533.5,693.76],[535,692.5],[534.76,691.5],[535.26,690.5],[536.26,690.5],[537.5,691],[538.5,689.26],[540,689.26],[541,688.76],[541.26,687.76],[541.76,687.76],[542.5,686.76],[545.5,686.76],[545.26,688.76],[543.76,688.76],[543,690],[542,690.5],[541.5,691.26],[542,691.5],[542,692.5],[541,692.76],[541,693.5],[543,694.26],[542.26,695.5],[541,695.5],[540,696],[539.26,697],[540,697.26],[539.76,697.76],[538.26,698.26],[537,698.26],[537,700.26],[537.5,701],[538.76,701.26],[538.76,702],[538,702.5],[537.76,705],[539,705.26],[538.76,706.76],[537.26,707.5],[537,708.26],[536,709],[533.76,709],[533.26,710.5],[532.5,711.26],[532.26,712.26],[532.76,712.76],[532.76,714.5],[530.5,714.76],[530.5,715.76],[529.76,716.5],[530.5,716.76],[532.26,718.76],[533.26,718.76],[533.5,720.5],[534.26,720.76],[534.26,721.5],[532.76,721.76],[532.5,722.26],[531.26,722.5],[531.5,723.5],[531,724],[529.76,723.5],[529,724.5],[527.76,723.76],[526,723.76],[524.5,724.76],[525.5,724.76],[526,726.26],[527.5,726.5],[527.5,727.76],[526.76,728.26],[525.26,728.26],[524,727.76],[523.5,729],[522.5,729.76],[520.76,730.5],[520.76,731.26],[519.26,731.26],[518.26,730.5],[518,731.26],[515,731.26],[515,730],[512.26,729.26],[512,729.76],[511,730],[511,731.26],[510,731.26],[510,732.26],[509.26,732.26],[509.26,730.76],[508.76,730.26],[506.5,730],[505.76,731.26],[502.76,730.76],[502.26,731.26],[500.26,731.26],[500.26,731],[498.5,731],[497.5,731.26],[496.76,732],[496.26,731.26],[495.5,731.26],[495.5,732.26],[496,732.26],[496,733.76],[497.5,734.5],[497.5,735.5],[496.5,735.76],[496.76,737.5],[494,737.5],[493.76,737],[492.5,737],[491.76,738],[491,738.26],[489.76,738],[489.5,737.26],[488.26,737.5],[487.76,738],[486.26,738],[486.26,737],[484.76,737],[484.76,738],[483.26,738.26],[481,738.26],[480,737.26],[479.5,738],[478.26,737.76],[478.26,736],[477.76,736],[477,737],[476.76,739],[476,739.76],[476.5,741.26],[476.5,743.26],[475.5,744.5],[474,744.76],[473.5,745.26],[473.26,746.5],[472.5,746.5],[472.26,749.5],[472.76,751],[471.76,751.26],[471,752.5],[470.26,752.76],[468.5,752.5],[468.5,753.26],[467.76,753.26],[467.5,754.26],[465.76,754.26],[465.76,754.76],[464.76,755.26],[464.76,756.26],[465.26,757.26],[463.76,758],[463.76,758.5],[462.76,759.26],[462.76,760.5],[461.76,761],[462.26,762],[460.76,762],[460.26,762.76],[463.76,763],[463.76,762.26],[465,762.26],[465.26,761],[466.26,760.5],[467.5,760.5],[468.5,760],[468.5,759.5],[470.76,759.5],[471.76,758.26],[473.5,758],[473.76,757],[474.76,757.26],[475,758.76],[474.26,759.26],[473.26,759.26],[472.5,760],[472.5,761.5],[471.5,762],[471.5,763],[469.76,763],[469.5,763.26],[469.5,767],[468.5,767],[468.5,768.5],[467.5,768.76],[467.26,769.76],[468.5,769.76],[468.5,771.26],[467.5,772],[467.5,772.76],[466,773.26],[465.76,773.76],[464.76,773.76],[464.76,774.26],[463,774.5],[463,775.76],[461.5,776.26],[461,775.5],[460.76,776.5],[459.76,776.5],[460.26,777.26],[460,778.26],[458.5,779],[458,779.76],[459.5,779.76],[459,781],[459,783],[458,783.26],[458,784.5],[456.76,785.26],[455,785.26],[455,787],[454.26,787.5],[452.26,787.5],[450.76,789.26],[449.76,790],[450.26,791],[449.76,792],[448.26,792],[448,792.5],[446.5,792],[446.26,793],[445.5,793],[445.5,792.26],[444.76,792],[444.5,792.5],[443.5,792.76],[443.76,792],[444.5,792],[444.5,790.76],[445.5,791],[446.26,790],[446.5,789],[447.76,789],[448.26,787.26],[450.26,787.26],[450.26,785.5],[448.26,786.26],[447.76,787],[446,787],[444,789],[442.76,789],[442,790],[441,789.76],[441,789.26],[439.5,789],[438.5,790.26],[438.26,791],[436.5,791],[435.76,790],[434.5,789],[433.26,789],[433,789.5],[432,789.5],[432,788],[431,787.5],[430.76,788],[429.76,788.26],[429.76,790],[428.5,791],[429,792],[429,793.76],[428.26,794],[427,795.26],[426.26,795.26],[425.76,796],[424.5,796.26],[424.26,796.76],[422.5,796.76],[421.5,797],[421.26,797.76],[419,797.76],[417.26,798.5],[415.76,798.76],[412.5,798.76],[411.5,798],[408.76,798],[407.26,798.76],[405.76,799],[403,798.5],[401.26,797.26],[400.5,796],[399,795.26],[399,792.76],[398.76,792.76],[398.76,790],[398,789],[398,787.5],[397,786.76],[396.5,785.5],[397.5,785],[397.5,784],[396.26,783.26],[396.26,779.76],[395.5,779.5],[395,778.76],[394.76,777.26],[395.26,777],[395.26,776],[394.76,775.5],[394.76,773.26],[394.26,772.76],[394.26,770.76],[393.26,769.76],[393.26,768.76],[392.76,767.76],[391.5,767],[391.26,766.5],[388.76,765.5],[388,764.76],[387.5,763],[386.76,762.76],[387.5,761],[387,761],[387,758.26],[386.5,758.26],[386,757.26],[386.5,755.76]]],[[[453,790.5],[453,791],[451.76,791],[452.26,790.26],[453,790.5]]],[[[473,755.5],[473.26,754.26],[473.76,754.26],[473.76,756],[473.26,756.26],[473,755.5]]],[[[470.26,770.76],[469.26,771],[469.5,769.76],[471,769.76],[470.26,770.76]]],[[[473.26,796],[472,796],[472,795.26],[473.5,795],[473.26,796]]],[[[484,796.76],[484,797.76],[483.26,797],[481.76,797],[481.5,796.26],[482.76,796.26],[483.5,795.5],[483.5,796.5],[484,796.76]]],[[[484,796.76],[484,795.76],[485,795.76],[484.76,796.76],[484,796.76]]],[[[495.5,711.76],[494.5,711.76],[495.26,710.76],[496.26,711.5],[496.26,712.5],[495.5,711.76]]],[[[504.26,709.5],[504.26,710],[503,710],[503.26,709.26],[504.26,709.5]]],[[[511,808],[510.5,808.5],[510.26,807.76],[511,808]]],[[[511.76,809.76],[511.26,808.5],[512.76,809.26],[512.76,810.26],[511.76,809.76]]],[[[509.26,811.26],[510,811.26],[511,810.5],[510.76,812],[509.76,812],[509.26,811.26]]],[[[550,687.26],[551.5,686.26],[551,687.5],[550,688.26],[549.26,688.26],[550,687.26]]],[[[545.76,687.5],[546.5,686.76],[548,686.76],[547.76,687.76],[545.76,687.76],[545.76,687.5]]],[[[544.76,696.5],[543.5,696.5],[543.76,695.5],[545,695.5],[544.76,696.5]]],[[[545.76,696.26],[545.26,696],[546,695.5],[545.76,696.26]]],[[[538.5,714.76],[537,714.76],[537.5,713.76],[538.26,713.76],[538.5,714.76]]],[[[536,715.5],[535.26,715.5],[535.26,714.26],[536,714.5],[536,715.5]]]]},"properties":{"id":"k27","key":"k_the_crownlands","name":"The Crownlands","counties":68,"color":"#d3dce1","owner":null,"ownerCountryId":null,"notes":""},"id":"k27"},
{"type":"Feature","geometry":{"type":"MultiPolygon","coordinates":[[[[378.26,216.76],[378,216.76],[376.76,218],[375,218.5],[374,219.26],[372.76,220.76],[371.26,221.26],[369.76,223],[368.5,223.5],[365.76,225],[365.5,225.76],[360,225.76],[358.76,226],[358,225.5],[357.76,224.5],[360,223.76],[360,222.76],[359.5,222],[358.5,222],[358.5,221],[360.5,220],[361.5,220],[362,219.5],[363,219.5],[364.26,218],[365,217.76],[365.5,217],[366.26,216.76],[368.26,216.76],[369,216.5],[370.26,215],[371,214.76],[371.26,213.5],[370.26,213.76],[368.76,215.76],[368,216],[366.26,216],[365.5,216.5],[364.5,216.5],[364,217.5],[363.26,218],[361.5,218.5],[360.5,219.5],[359.5,219.76],[357.5,221],[357.5,222.5],[358.76,222.76],[358.26,223.5],[356.5,223.76],[356,224.26],[354.26,224.26],[352.76,225.26],[351.76,225.26],[351,226.26],[350.5,226.26],[349.5,227.26],[348.76,227.26],[347.76,228.26],[346,228.5],[345.5,229.26],[342.76,229.26],[342.26,230],[339.26,230],[339.26,230.5],[338.26,231.26],[338.26,231.76],[336.5,231.26],[335.76,232],[334.5,232.26],[333.5,233],[329.5,233],[328.5,231.76],[327,232],[326.5,231],[325.76,230.76],[322.76,230.76],[322.76,231],[320.5,231.26],[320.5,230],[319.76,230],[319,229.26],[314.26,229.26],[313.76,230],[312.76,230],[312.26,230.5],[310.76,230.26],[306.5,230.26],[305.76,229.5],[306,229],[307.76,229],[308.26,228.5],[307.5,228],[306.76,226.76],[306.26,227.26],[304.26,227.26],[303.5,226.26],[302.5,225.5],[301.26,225.5],[302.5,224.26],[302.5,223.5],[301.76,223],[300,223],[300,222.76],[298.26,221.76],[296.76,221.76],[295.76,220.76],[296.26,219.5],[296.26,218.26],[295.5,218],[296.5,216.5],[298.76,216.26],[299.76,215.5],[301.5,215.5],[301.5,214.26],[302.76,213.5],[302.5,212],[302,211.76],[302,210.76],[305.26,210.76],[305.5,210],[307.26,209.76],[308.5,209],[309.5,209],[309.5,208],[309,207.26],[310.5,207.26],[310,206.5],[308.76,206],[307.76,206],[307.26,205],[308.26,205],[309.5,203.76],[311.76,204],[311.26,205.5],[312.26,206],[315.5,206],[317,206.76],[316.5,207.26],[317,208],[320,208],[320,208.76],[320.76,209],[322.76,207.76],[325.5,208.26],[325.76,208.76],[326.76,208.76],[326.76,207.76],[327.76,208],[330,208],[328.5,207.76],[327.76,207],[326,206.76],[325.76,206.26],[324.76,206],[323,206],[322.26,205],[321,204.76],[321,204],[319.26,203.26],[317.5,203.26],[317.5,203],[315,203],[313.76,202],[314,201.26],[311.76,200.76],[311.26,200.26],[310.26,200.26],[309.26,201.26],[307.26,200.5],[306,200.5],[306.26,198.5],[304.5,198.5],[304.26,198.26],[300.5,198.26],[301,199],[300.5,199.26],[296.5,199.26],[296,200.26],[295,200.26],[293.76,199.26],[292,199],[291.76,199.5],[290.5,199.5],[289.5,200.76],[289,200.76],[289.5,202.26],[289,202.26],[289,203.76],[289.76,204],[290,204.76],[290.76,205],[289.76,205.5],[290.5,206.5],[288.76,206.5],[287.76,207],[287.26,206],[285.5,205],[284.76,204],[283.26,203.26],[283.26,201.5],[282.76,200.5],[282.76,197.5],[282.5,197.5],[283,195.26],[283.76,194.76],[283.76,191.5],[284,190.5],[285,190.76],[286.76,190.26],[288,188.76],[289,188.5],[289,188],[290,187.26],[290.5,186.26],[291.5,185.76],[292.76,186],[293.26,185.26],[294.26,185.26],[294,184.76],[294.5,184],[295.26,184],[295.76,184.76],[298,184.5],[298.76,183.26],[299.5,183.76],[302,183.76],[302.76,183.5],[303,182.26],[304.5,182.5],[305.26,181.76],[306.76,181.5],[306,180.26],[304.76,179.5],[305,178.76],[306.26,179.26],[308,179.5],[308.26,177.76],[307.26,177.5],[306.5,175.76],[305.5,175.5],[305.5,174.5],[304.76,174.26],[304.5,173.26],[303.76,172.76],[303.76,172],[303,171],[303,169.76],[302.5,169.26],[302.26,166.76],[301.76,166.76],[301.76,163.26],[302.5,162],[302.76,159],[303.5,157],[303.26,155.5],[303.26,153],[301.26,152.5],[301.5,150.5],[302.26,149.5],[303.5,149.5],[304.76,147.76],[303.76,146.76],[303.76,145.76],[302.76,143.76],[300.26,143.76],[300.26,143],[298.76,142.5],[298.26,141.5],[295.26,141.5],[294,140.26],[292.76,140.26],[292,139.76],[292,138],[291.26,138],[291,136.5],[290.26,136.5],[290.26,137.5],[287.76,137.5],[286.76,136.26],[285,135],[285.26,133.76],[285.26,131.5],[284.26,130.26],[283,129.5],[282.76,128.26],[282.76,126.26],[282,126.26],[282,124.5],[281.5,124],[282.5,123.5],[283.5,122.26],[285.5,121.76],[286.26,120],[287.76,120],[288.5,118.26],[288.5,116.5],[289.26,116.26],[289.5,115],[290.76,114.5],[291,113.5],[292.26,113.5],[292.26,111.5],[293,110.76],[292.76,109.76],[292.76,108],[293.76,107.5],[293.76,106.26],[294.76,105],[295.26,105],[295.26,103.76],[296,103.26],[296,102.26],[296.76,102],[297,101],[298,101],[298.26,100],[299,99.76],[299,98.26],[300,98.26],[300,97.26],[300.76,97],[300.76,96],[301.26,95.76],[301.26,94.76],[299.5,94.5],[298,96.5],[296.5,98],[296.5,99],[295.26,99.5],[295.26,99],[294,99],[293,97.5],[292,97.5],[290.26,95.26],[290.26,93.5],[289.76,93.26],[289.76,91.5],[290.5,91.26],[291.76,89.76],[292.5,89.5],[292.5,86.26],[293,86],[293,85],[291.76,84.5],[290.76,83],[290.26,82.76],[289.5,81],[288.76,80.5],[288.76,79.5],[289.26,78.76],[289.26,77.76],[289.5,77.76],[289.5,78],[292.26,78],[292.76,78.76],[296,80],[297,81.26],[299,82],[301.26,82],[302.26,83.5],[303,83.5],[304.5,84.26],[305.76,84.26],[306.26,85.26],[307,85],[307.26,83.76],[309,83.76],[309.5,84.26],[311.26,84],[311.26,83.5],[313.5,82.76],[315,81.5],[315.26,79.76],[316,78.76],[317.5,77.5],[317.76,76.5],[319,75.76],[321,77.5],[321.26,78.26],[321.76,78.26],[322,79.76],[322,83.26],[323.26,84.5],[323.26,86],[322.26,86.76],[322.5,88.26],[322.5,90],[322.26,90],[322.26,92.26],[322.76,93.76],[322.26,94],[322.26,96],[323.5,96.76],[323.5,97.26],[325.26,97],[326,98.5],[326.76,99],[326.76,100.26],[328,101.5],[329,101.76],[329.76,103],[331.26,104.5],[333.26,104.5],[333.5,104.76],[333.5,106.5],[332.76,106.5],[331,107.5],[331,110],[331.5,110.5],[332.5,110.5],[333.5,112.5],[334.26,113],[334.5,114],[335.26,114.5],[335.26,115.26],[337.26,116],[338.5,117.26],[339,118.26],[339,119.76],[338.26,120.5],[338.26,121.76],[338.76,122],[339.5,123.26],[342,124.26],[343,125.76],[344,126.5],[344,127],[345,127.76],[346.26,128],[347,128.76],[348.76,129.26],[349.5,130],[349.76,132.26],[350.26,132.76],[349.76,134.5],[348.5,134.76],[348,135.5],[346,135.26],[345.26,136.26],[344.76,137.5],[343.76,138],[342,138.26],[341,139.26],[340,139.5],[339.26,140.26],[339.26,141],[338.5,141.76],[338.5,143.26],[339.26,144.26],[340.26,144.5],[340.5,145],[341.76,145.5],[342,147.26],[343.5,148.26],[343,149.5],[343,151.26],[343.26,152.5],[343.76,153],[343.76,154.5],[342.26,155.76],[342,156.5],[341.26,156.76],[341,158],[341.5,158],[342.26,159],[343,159],[343.76,159.76],[343.76,160.5],[342.26,161.26],[341.76,162],[341.76,164.26],[343.5,166.26],[345.76,166.5],[346.76,167.26],[347.26,168.5],[348.26,168.5],[349,169],[350.5,168.76],[353.26,168.76],[353,171.26],[354.26,171.76],[354.76,172.5],[356.26,172.5],[357.5,172],[358.5,174],[359,174.26],[359,176.26],[359.76,177],[360.5,177],[361.5,178],[363,178.26],[364.26,180.26],[365.26,180.5],[366,181.26],[366,183],[366.5,183.76],[368.26,184.26],[369,186],[369.76,186],[370.5,186.76],[373,187],[373.26,188.76],[373,188.76],[373,191],[374.5,191.76],[376,194.26],[376.5,194.5],[376.76,196.5],[378.26,197.76],[378.26,201],[377.5,202],[377.76,203.5],[376.26,204.76],[376,205.76],[375.5,205.76],[374.26,207],[374.26,208.26],[374.76,208.5],[374.76,209.5],[374,209.76],[373.76,210.5],[374.5,210.76],[374.76,212.26],[375.5,212.76],[375.76,213.76],[377,214.26],[377,214.76],[378.26,215.5],[378.26,216.76]],[[351.26,219.5],[349,219.5],[349.26,220.5],[350,221.26],[350,223.76],[349.76,225.26],[350.76,225.26],[353.26,223.76],[353.26,222.76],[352,221],[352,220],[351.26,219.5]]],[[[292.5,218.26],[292,217.76],[294,217.26],[293.76,218.26],[292.5,218.26]]],[[[290,223],[290,222.5],[291,222],[291,222.76],[290,223]]],[[[304.5,203.76],[304.26,202.5],[305.5,202.5],[306,203],[308.5,203.26],[307.5,204.26],[304.76,204.26],[304.5,203.76]]],[[[303.5,204.76],[303.76,205.26],[303,206],[302.5,205.26],[303.5,204.76]]],[[[309.26,201.26],[310.26,201.26],[310.26,202],[309.26,202],[309.26,201.26]]]]},"properties":{"id":"k28","key":"k_the_frostfangs","name":"The Frostfangs","counties":23,"color":"#dae6e2","owner":null,"ownerCountryId":null,"notes":""},"id":"k28"},
{"type":"Feature","geometry":{"type":"MultiPolygon","coordinates":[[[[172.26,201.26],[172.26,199.26],[171.5,199.26],[171.26,198.26],[169.5,198.5],[168.5,199],[169,198.26],[170.26,198],[170.26,196.76],[169.76,197.26],[166.76,197.26],[166.5,196.5],[165.5,196.26],[165.5,195.26],[165,195.26],[163.5,196.26],[163.5,197.26],[162.5,197],[162.26,198.26],[160.5,198.26],[159.76,198.76],[160.5,197.5],[161,197.26],[161,196.26],[160.5,195.26],[159.5,195.26],[158.26,196],[158.5,195.26],[157.5,195.26],[156.26,193.5],[154.76,193.26],[154.76,190.26],[154,189.5],[153.76,188],[152.76,188.26],[152.26,187.5],[153.76,187.76],[153.76,187],[152,186.76],[152.26,185.76],[153.76,185.26],[154,185.76],[154.76,185.26],[155.26,185.5],[157.5,185.5],[158.26,184.26],[157.76,182.76],[159.26,182.76],[159.26,183.26],[160.26,183.26],[160.26,184.26],[160.76,184],[160.5,181.76],[161.5,181.5],[161.5,183],[162.5,182.76],[162.5,181.76],[161.5,181],[161,179.5],[160.5,179.26],[160.5,180.26],[159.5,179.76],[159,178.76],[159.5,177.76],[158,175],[155.26,175],[155.26,174.5],[156.76,174.26],[154.76,174],[154.76,172.76],[153.76,172.5],[155.26,170.5],[155.76,170.5],[155.5,169.26],[156.26,169.76],[156.26,170.76],[157,171],[156.76,168.76],[158.76,170],[159.5,169],[159.5,168],[160.76,167.5],[159.76,169.26],[160.76,169.26],[161.5,168.26],[161.5,167.5],[162.26,167.5],[162.5,168.26],[162.5,168.76],[163.5,168.5],[163.76,167.76],[164.76,167.76],[165.5,167.26],[165.26,165.5],[165.5,163.5],[166,162.76],[166.5,163],[166,163.76],[167.26,163.5],[167.26,160.5],[166.5,160.5],[166.5,162],[166,162.5],[165.76,160.5],[165.26,161],[165,160],[164,159.26],[163,159.26],[163.26,158.76],[162.26,158.76],[162.5,158],[163.5,158],[163.76,156.76],[165.76,156.76],[166.5,156],[166.5,155],[166,154],[164.5,152.76],[164.26,151.76],[163,152],[163.5,151.26],[162.5,151.26],[164.26,150],[163.5,149.76],[163.26,150.26],[161.5,150.26],[160.76,150.76],[161.5,149],[162.5,149],[162.5,149.5],[163.5,148.76],[163.5,148],[164.26,147.26],[165.5,147.26],[165,145.5],[163.5,144.5],[163.5,143.76],[162.76,143.76],[162.26,143],[161.5,143],[161.26,142.26],[160.5,142.26],[160.5,141.26],[161.26,141.26],[161.5,140.5],[160.26,140.76],[160,139.5],[160.76,138.5],[161.5,138.5],[162,137.5],[162.76,137.5],[162.26,139],[163.76,137.26],[164.5,137.26],[164.5,136],[165.26,136.26],[165,138],[165.5,138],[165.5,135.5],[164.76,135],[163.76,133.5],[165.76,133.26],[166,132.5],[167.26,131.5],[167.26,130.76],[168,130.26],[168.26,128.26],[170.26,128.5],[171.26,127.76],[173,127.76],[173,128.76],[174,128.26],[175.76,128.5],[176,127.5],[175,127.5],[175,127],[176,127],[176,126],[176.76,126],[176.76,126.76],[177.5,126.76],[177,126],[177,125],[177.5,124.26],[179,124],[179,123],[180,123],[180,122],[178,121.76],[175.76,121],[175.5,121.5],[174.76,121],[175,120.5],[174,120.5],[173,119.5],[173.76,119],[174,119.5],[174.76,119.26],[174.26,118.5],[175.76,118.76],[175,117.76],[176.76,117.76],[177.5,117.26],[178.76,117.26],[178.5,116.26],[179,115.76],[180,115.76],[180,118.5],[180.5,119.26],[181.76,119.26],[181,118.76],[181,118],[182.26,118.26],[182.26,119],[183.26,118.76],[185.26,119],[185.26,118.5],[186.26,119],[187.5,119],[187.5,118.26],[189,118.26],[189,119],[190.5,118.76],[190.5,118.26],[192.5,118.26],[193.76,118.5],[193.76,118],[192.5,118],[192.5,117.26],[193.5,117.26],[193.5,116.76],[192.26,116.76],[191,116.26],[191,115.5],[190.26,115.26],[190,114.26],[190.5,114],[190,113.26],[190.5,113],[190.26,112.26],[191.5,112.26],[191.76,112.76],[193,112.76],[193.76,112.26],[194,111.5],[196.5,111.5],[197,109.76],[197.5,110],[197.5,113],[197.76,113.5],[199,114.26],[199.5,115.5],[200.5,116],[200.76,116.76],[202.26,117.5],[203.76,117.5],[205.26,116.76],[205.5,116.26],[206.26,116.5],[206.5,116],[209,116.76],[209.5,117.5],[211.5,117.5],[212,117],[213.26,117],[213.5,116.5],[216,116.26],[216.76,117.26],[216.76,118.5],[216.26,119],[216,120.5],[215.26,120.76],[215.26,121.5],[216.26,122],[216.26,123.76],[218,124],[218.5,125],[218.5,126.76],[218.76,127.5],[220.5,128.5],[222.5,130],[222.76,130.76],[223.5,130.76],[224,131.5],[225.76,131.26],[226.5,131.76],[226.76,132.5],[229,133.26],[229.26,133.76],[231.76,134.5],[233,135.76],[234,135.26],[235.5,135.26],[235.76,137],[237.26,137.26],[237.76,138],[241,138],[241.5,137.26],[242.5,137],[243.26,136],[245.5,135.76],[247,136.26],[249.76,136.26],[251.26,136],[253,134.5],[254.76,134.26],[255.26,134.76],[259.5,134.76],[260,134],[260,132.5],[260.76,131],[260.76,130],[261.26,129],[262.76,128.76],[263.5,127.76],[264.5,127.26],[267.5,127.26],[269.76,129.26],[272.5,130],[273.5,128.5],[274.26,128],[274.5,127.26],[276,126.76],[276.76,125.76],[278,126],[279.5,125.5],[280.5,124.26],[281.5,124],[282,124.5],[282,126.26],[282.76,126.26],[282.76,128.26],[283,129.5],[284.26,130.26],[285.26,131.5],[285.26,133.76],[285,135],[286.76,136.26],[287.76,137.5],[290.26,137.5],[290.26,136.5],[291,136.5],[291.26,138],[292,138],[292,139.76],[292.76,140.26],[294,140.26],[295.26,141.5],[298.26,141.5],[298.76,142.5],[300.26,143],[300.26,143.76],[302.76,143.76],[303.76,145.76],[303.76,146.76],[304.76,147.76],[303.5,149.5],[302.26,149.5],[301.5,150.5],[301.26,152.5],[303.26,153],[303.26,155.5],[303.5,157],[302.76,159],[302.5,162],[301.76,163.26],[301.76,166.76],[302.26,166.76],[302.5,169.26],[303,169.76],[303,171],[303.76,172],[303.76,172.76],[304.5,173.26],[304.76,174.26],[305.5,174.5],[305.5,175.5],[306.5,175.76],[307.26,177.5],[308.26,177.76],[308,179.5],[306.26,179.26],[305,178.76],[304.76,179.5],[306,180.26],[306.76,181.5],[305.26,181.76],[304.5,182.5],[303,182.26],[302.76,183.5],[302,183.76],[299.5,183.76],[298.76,183.26],[298,184.5],[295.76,184.76],[295.26,184],[294.5,184],[294,184.76],[294.26,185.26],[293.26,185.26],[292.76,186],[291.5,185.76],[290.5,186.26],[290,187.26],[289,188],[289,188.5],[288,188.76],[286.76,190.26],[285,190.76],[284,190.5],[283.76,191.5],[283.76,194.76],[283,195.26],[282.5,197.5],[282.76,197.5],[282.76,200.5],[283.26,201.5],[283.26,203.26],[284.76,204],[285.5,205],[287.26,206],[287.76,207],[285.5,207.76],[284.26,207],[282.5,207],[282,208],[281.26,208],[281,208.76],[280,209.26],[280.26,210.5],[281,211],[281.26,211.76],[281,212.76],[279.5,213.26],[279.5,214.5],[278.5,214.5],[278.26,215],[279,215.5],[278.5,217.26],[277.5,217.5],[277.5,218],[275.76,219.5],[274.5,219.5],[274.5,218.5],[271.5,218.5],[271.76,219.26],[270,218.76],[269.5,219.5],[268.76,219.5],[267.76,220.5],[266.76,220.5],[267,221.5],[267.5,221.5],[267.76,223.76],[269,224.26],[269,224.76],[267.26,225.26],[267.76,225.76],[267.26,226.5],[266,226.5],[265.26,228],[264,228.26],[264.76,229],[264,230],[264,231],[263.5,231],[264.5,232],[264,233],[263,233.26],[261.26,233.26],[260.76,234],[259,233.76],[258,234.76],[256.76,234.76],[256.26,234.26],[256.26,230.5],[255,231.5],[255,232.76],[254.26,233.26],[254,234.76],[253.26,235.26],[253.5,236.5],[254.26,237],[254,237.5],[251.76,237.26],[250.26,238],[249.5,238.76],[250.26,239.76],[250.26,241.76],[249,241.76],[249.26,242.5],[247.5,243.26],[246.76,242.5],[244.76,243.26],[244.76,242.26],[245.26,241],[244.26,240],[243.5,241.5],[242.5,241.76],[241.26,243],[241.26,244.5],[240.76,244.76],[239,244.76],[238.5,245.5],[236.76,245.5],[237.76,244.26],[237.5,243.26],[236.76,242.76],[236.76,241.5],[237.76,240.76],[238.76,240.76],[238.76,239.26],[239.76,238.76],[239.76,238],[239,237],[237.26,237],[236,236.5],[235.26,235.26],[233,235.26],[232,235],[232,234],[232.5,234],[231.5,232.26],[230.26,232.5],[230,232],[228.26,231.5],[228,230.76],[227.26,230.76],[227.26,230],[228.26,230],[228,228.26],[229.5,227.5],[228,227.5],[227,226.26],[225.76,226.26],[225,225.5],[224,225.76],[223.76,226.26],[222.76,226],[221,226],[220,225.76],[220,225.26],[221.26,225.26],[222.5,224],[221.5,223.26],[219.76,223.26],[219.26,222.76],[217.5,222.5],[217.26,221.76],[216.26,221.5],[215.5,220.5],[213,220.26],[213,219.5],[213.76,219.5],[213.76,218.5],[213.26,218.26],[213.76,217.5],[211.76,217.5],[210.76,217],[210.26,217.5],[208.76,217.5],[208.5,217],[207.5,217.5],[206,217.5],[206,216.76],[204.5,215.76],[201.76,215.76],[203,214.76],[202.5,214],[201.26,213.76],[201.26,213.26],[200.26,212.26],[199.26,212],[199.26,209.76],[198.76,209.76],[199,208.26],[199.5,207],[198.76,206.26],[198.76,205.26],[197.26,204.5],[197.26,206],[195,205.76],[194.5,205],[193.5,205],[191.5,206],[191,205.26],[190.26,205.76],[190.26,207],[189,207],[188.5,206.26],[187.5,207],[186.5,205.5],[185,206],[184.76,205],[184,205],[182.5,207.26],[180.76,208.26],[179.76,207],[178.76,207.76],[178.26,207],[177.26,206.5],[176.76,207.26],[176,207.5],[175.76,206.76],[175,206.5],[173.26,206.5],[173,207],[171.5,207],[171.5,206.26],[170.76,206],[170.76,205.26],[172.5,205.26],[173.26,204.76],[173.26,203.76],[172.5,203.5],[172.5,202.76],[173.5,203],[173.5,204],[174,203.76],[174.26,202.26],[172.26,202.26],[172.26,201.76],[172.26,201.26]]],[[[158,140],[157.76,139.26],[158.76,138.76],[159.76,139.26],[159.5,140.5],[158,140]]],[[[159.76,166.5],[159.5,167.76],[158,169.26],[158,167.76],[158.76,167.76],[159.76,166.5]]],[[[152.5,172.5],[152.76,171.26],[153.5,171.26],[152.5,172.5]]],[[[153.76,174.76],[153.5,173.5],[154.26,173.26],[154.26,174.76],[153.76,174.76]]],[[[156.76,184],[156.76,182.5],[157.26,182.76],[157.5,184.76],[156.76,185],[156.76,184]]],[[[153.26,194],[153.76,193.26],[155.26,194.5],[154,194.5],[153.26,194]]],[[[156,195],[156.5,195.76],[155.76,195.76],[156,195]]],[[[159.5,196.26],[160.26,196.26],[160,197],[159.5,196.26]]],[[[165,131.76],[164.26,132.5],[164.26,131.76],[165,131.76]]],[[[162,144.5],[161,144.26],[161,143.76],[162.26,144],[163.26,144.76],[163.26,145.26],[162,144.5]]],[[[164,146.26],[163.76,145.5],[164.5,146],[164,146.26]]],[[[162.5,148.5],[162.5,147.26],[163.5,146.76],[163.26,148.26],[162.5,148.5]]],[[[164.26,154],[163.5,153.76],[164,153],[164.76,154],[165.5,154],[165.76,154.76],[164.5,154.76],[164.26,154]]],[[[164.5,163.26],[164,163.5],[164.5,161.76],[165.26,161.5],[165.26,162.76],[164.5,163.26]]],[[[164.26,167],[163.76,166.76],[165,166.5],[164.26,167]]],[[[162.5,168.26],[162.5,167.5],[163.26,167.26],[163.26,168],[162.5,168.26]]],[[[177.26,116.5],[178,115.76],[178,116.5],[177.26,116.5]]],[[[175.5,125],[176.26,124],[176.76,124],[176,125],[175.5,125]]],[[[171,127.76],[169.76,127.76],[170.5,127],[171.5,127],[171.76,127.5],[171,127.76]]],[[[166.76,130.76],[166.5,130.26],[167.26,129.76],[166.76,130.76]]],[[[165.26,131.76],[166.26,131.26],[166,132],[165.26,131.76]]],[[[172.26,208.26],[171,208.26],[172.76,207.26],[174,207.5],[174,208],[172.26,208],[172.26,208.26]]],[[[188.76,114.5],[188.5,113.26],[189.5,113.76],[189.5,114.5],[188.76,114.5]]],[[[192.76,206.5],[193.76,205.5],[193.76,207.26],[192.5,207],[192.76,206.5]]],[[[183,207.26],[184.26,206.5],[184.26,207.76],[183.5,208],[183,207.26]]],[[[185,207.76],[184.5,208],[184.5,207],[185,207.76]]],[[[195.76,109.76],[195.26,109.26],[196,109],[195.76,109.76]]],[[[195.76,111.26],[195.26,110.26],[196,110.5],[195.76,111.26]]],[[[207.76,218.76],[207.76,218.26],[208.76,218.26],[209.5,219.5],[208.26,219.5],[208.26,220.26],[207.26,219.76],[207.76,218.76]]],[[[215.26,225.76],[215,225.26],[216,225],[216.26,224.5],[217.26,225.5],[215.26,225.76]]],[[[230,248],[230,249.5],[228.76,249.5],[228,250.26],[228.5,249],[228.26,248.26],[230,248]]],[[[231,249.26],[231.5,248.26],[232,248.5],[232,249.5],[231,249.26]]],[[[233,245.5],[233.26,244.76],[235,244.26],[235,243.76],[236,243.76],[236,245.5],[233,245.5]]],[[[249.26,245],[248.5,244.5],[250.26,243.76],[250.26,244.5],[251.76,244.76],[251.5,245.5],[251,245.26],[249.26,245.5],[249.26,245]]],[[[276.76,221.5],[275.5,221.5],[276.26,220.5],[277.76,220.5],[277.5,221.26],[276.76,221.5]]]]},"properties":{"id":"k29","key":"k_the_frozen_shore","name":"The Frozen Shore","counties":33,"color":"#dbd5e1","owner":null,"ownerCountryId":null,"notes":""},"id":"k29"},
{"type":"Feature","geometry":{"type":"Polygon","coordinates":[[[352.5,63.5],[352.5,62.76],[351.76,62.5],[351.76,61],[352.26,60],[351.76,59.76],[351.76,56],[353.76,54.76],[353.5,52.26],[352.76,51.26],[351.76,50.76],[351.76,49.5],[350.76,48],[350.76,47],[350,46],[349,46],[348.76,46.76],[348,46.76],[348.5,47.76],[347.76,48.26],[347.76,49.5],[348.76,50],[349,51],[349.76,51.76],[348.76,52.5],[349.76,52.76],[349,53.26],[349.5,54],[347.76,55.26],[348,56],[347.5,57],[349,57.5],[349,59],[349.76,59.26],[349.76,60.76],[350.5,61.5],[350.76,62.76],[350.26,63],[350,64],[347.5,64],[346.76,64.5],[344.76,64.5],[343,64],[342.5,63.5],[341.26,64],[339.26,64],[338.26,63.76],[338,63.26],[337.26,63.26],[337.26,62.26],[336.76,62],[337.26,61.26],[337,60.5],[337,58.5],[337.26,58.5],[337.26,56],[337,54.76],[336.26,54.26],[335.26,52.26],[334,51.26],[332.76,49.76],[331.5,50.26],[331.5,51],[329.5,50.5],[328.5,49.76],[328.5,49.26],[327.5,48.76],[327.26,47.76],[326.26,47.76],[326,48.26],[323.76,48.26],[322.76,47.76],[320.5,47.76],[320.5,46.26],[319.5,46.26],[319.26,45.76],[318.26,45.76],[317.5,45],[316.76,45],[315.76,43.76],[315,44.26],[313.26,44],[313,43.5],[312,44.26],[311.76,45],[311,45],[310,46.26],[310,48],[309,48.26],[308.5,49],[307.76,49],[307.5,48.26],[306.76,47.76],[307.26,44.76],[308,44],[308.76,44],[309,43],[309.76,42.5],[309.76,40.76],[309,40.76],[308.76,38.5],[308.26,38.26],[308.26,37],[307.26,36.5],[307,35],[308.26,34.26],[309.26,34.26],[310,33.76],[311.5,33.5],[314,33.5],[315.5,33.76],[315.5,32.76],[316.26,32.5],[316.76,31.76],[317.76,31.76],[319,31.26],[319,30.76],[320.26,30.76],[320.26,30],[321.76,30],[323.26,29.26],[324.76,29.26],[324.76,28.76],[326.5,28.76],[326.5,29.5],[327.5,29.5],[327.5,27.76],[329,27.76],[329.76,27.26],[330,27.76],[331,27.76],[331.76,28.76],[333,28.76],[333,27.5],[332.5,26],[331.76,25.76],[332,24.5],[332.5,24.26],[332.76,23.26],[334,22.5],[335.26,22.5],[336.26,21],[337,20.76],[340.5,20.76],[341.26,19.76],[342.5,20],[342.76,19.5],[345.5,19.5],[345.76,20],[346.76,20],[347,19.26],[348,19.5],[350.26,19.5],[350.5,20],[351.5,20],[351.76,19],[352.5,18.5],[353,19.5],[354.5,19.26],[354.5,20],[357,20],[358,20.5],[358.26,20],[359.5,21],[360.5,21.26],[360.5,20.5],[361.76,19.5],[362,18.26],[363.76,16.76],[364.26,15.5],[365,15.5],[366.76,13],[367.76,13],[368.5,12],[369.5,11.26],[371,10.76],[372,9.76],[373,9.5],[373.26,9],[376,9],[376.5,8.5],[379,8.5],[379.26,8],[380.76,7.76],[382,7],[383.26,7],[384.5,6.26],[386.26,6],[386.76,5.5],[390.76,5.5],[390.76,5.76],[393,5.76],[394.76,6.76],[396.76,6.76],[399.26,7.5],[401.76,7.5],[403.26,8.26],[405,8],[406,8.76],[406,9.26],[407,9.26],[407.5,8.26],[409.5,8.26],[409.76,8.26],[410.5,9.5],[411.5,9.76],[411.26,11.76],[409.76,12.76],[410,13.76],[409.5,14.26],[409.76,15.76],[409.26,16.5],[406.76,16.76],[405.76,18],[405.76,18.76],[404.76,19.26],[405.26,20],[407.26,20],[407.26,21.76],[406.76,22],[407,24.5],[406,25],[405.76,26.5],[405.76,28.26],[405,29.26],[404.5,29.26],[403.76,30.26],[403.76,32],[403.26,32.26],[403.5,33.26],[403.5,35.5],[403.76,36.5],[405.26,36.5],[405.76,35.76],[405.76,34],[406,31.5],[406.5,31.26],[406.76,30.26],[408,30.26],[408,29.5],[410.5,27.26],[409.76,26.26],[409.76,23.26],[410.26,21.5],[411.5,22.5],[411.5,24.5],[412,24.5],[411.76,26.5],[412.5,26.76],[412.5,27.5],[413.5,28.26],[413.5,30.76],[413,31],[413,32.26],[412.5,32.26],[412.5,34],[411.5,35],[412.5,35],[412.5,34.26],[414,33],[414.5,30.26],[415,30],[414.5,29.26],[415,27.5],[414.5,27.5],[415.5,26.5],[415.5,25.26],[416,25],[416,23.5],[417,23.5],[417.5,22.5],[417.26,21.5],[416.5,21.5],[416,20.76],[416.5,19.26],[417.26,18.76],[415.5,18.26],[415.5,16],[416.26,15.5],[416.5,14.26],[415.76,13.5],[416.26,12],[415.5,12],[415.5,10.5],[414.76,10.26],[414,9.26],[414,8.5],[416.76,8.5],[416.76,8.76],[418.5,8.76],[418.5,9],[422,9],[422,9.26],[430,9.26],[430,9.5],[434,9.5],[434,9.76],[438.26,9.76],[438.26,10],[440.26,10],[442.5,10],[442.76,11],[442,11],[442.26,12],[441.5,12.26],[441.5,14.76],[440.5,15.5],[442.76,15.5],[443.76,16.26],[443.76,17.26],[444.76,17.5],[444.5,19.5],[443.76,20.26],[441.5,20],[440.76,20.5],[441.5,22.76],[442.26,23],[442.5,23.76],[442,24.26],[441,24],[440.5,24.5],[439,24.5],[437.76,25.5],[435.76,25.5],[436.26,26],[439.5,26],[439.5,25.5],[441.76,25.5],[441.76,25.26],[444.26,25.26],[445.26,25.5],[445,26],[445,27.76],[445.5,28.26],[447,27.76],[446.76,29.26],[446,29.5],[445.26,30.76],[444.5,31],[441.26,31],[439.76,31.76],[438.76,31.76],[437.76,32.26],[439,32.26],[440.5,33.5],[439.5,33.76],[439.26,34.26],[437.5,35.5],[435.76,36],[435.76,36.76],[435,37],[434.26,38],[434.76,38.76],[434.76,40.26],[433.76,40.5],[433.76,41.26],[432.26,41.76],[431.76,42.76],[430.26,43.26],[429.5,42],[428.5,42],[427.76,42.76],[427,42.76],[427.76,43.5],[427.76,44.5],[427,44.76],[427,45.76],[426.5,45.76],[426,46.76],[425.26,46.76],[424.5,47.76],[422.5,48.26],[421.76,48.76],[421.76,49.5],[419.76,50.76],[419.76,51.76],[418.5,52.26],[418,53.76],[417.5,53.76],[417,55.26],[415.76,56],[415.5,57.5],[416.26,57.76],[416.26,58.76],[414.76,58.76],[414.26,58.26],[411,58.26],[409.26,59],[406.26,62.26],[406,60.76],[405.26,59.5],[404.5,59],[404.26,57.76],[404.5,56.76],[403.76,56.76],[403.5,57.76],[403.26,57],[401.26,57],[400.5,56.76],[400,57.26],[399,57.26],[399,56.76],[397.76,56.5],[397.5,55.76],[396.76,55.26],[395.26,55],[395.26,54.26],[394,54.26],[393.26,52.76],[392.26,52.76],[391.76,53.5],[389.5,53.26],[388.76,54.5],[387.26,54.5],[387,56],[386.26,55.76],[386,55],[385.26,55],[384,52.76],[383,52.26],[383,51.5],[381.5,51],[381.5,50.5],[379.76,50.76],[379.26,51.26],[376,51.26],[375.26,51.5],[374.5,50.5],[373.76,51.5],[373.5,54.26],[373.76,55],[372.76,56],[372.76,57],[371,57.5],[370.5,59],[369.26,59.76],[369.76,60.76],[369.26,60.76],[369,62],[368,61.76],[367.5,62.26],[364.76,62.26],[364.76,62.76],[361.5,62.76],[361,62],[358.76,61.76],[357.26,62],[356.26,61.5],[356.26,63.5],[354.5,63.5],[353.5,64],[353.26,63.5],[352.5,63.5]],[[386.5,50.26],[387,50.5],[387.5,49.5],[388.26,49.26],[388.5,48.26],[389.5,47.76],[389.5,46.76],[391.26,46.76],[391.26,46.26],[390.26,45.76],[390.26,43.5],[389.76,42.76],[390.26,42],[391.26,41.76],[392,40.5],[390.76,39.76],[391.5,39.5],[391.26,38.5],[390.76,38.26],[391,37],[390.5,37],[389.5,38],[388,38],[389.5,38.5],[389.76,39.26],[389.26,39.5],[389.26,41],[388.5,41],[388.5,42.76],[387.5,43],[388,43.76],[388,44.76],[387.5,45.5],[386.5,46],[386.76,46.76],[386.5,47.76],[387,48.26],[387,49.5],[386.5,50.26]],[[371,37.26],[371.5,36.26],[374,36.26],[374,36],[375.76,35.5],[376.5,35],[376.5,34.26],[375.26,34.26],[375.26,31.26],[376.5,31],[376.76,30.26],[378.76,30.5],[378,29.5],[378.5,28.26],[381,28.26],[382,27],[382,25.76],[382.5,25.5],[382.5,24],[383.5,23.26],[383.5,22.5],[384.26,22.26],[384.26,21.5],[380.5,21.5],[379.76,22.5],[378,23.26],[378,22.26],[376.5,22.76],[374.76,23],[374.76,23.76],[373.26,24.5],[373,23.5],[371,23.5],[371,23],[368.5,23],[369,23.5],[368.26,24.5],[368,25.5],[366.26,25.5],[366.26,26],[365.26,26.5],[365,27.5],[363.26,27.5],[362.26,28],[361,28],[360.5,27.5],[360.5,28.76],[359.26,29.26],[359.26,30.76],[358.76,30.76],[358,31.76],[358,33],[358.5,33],[358.76,34],[357.5,34],[356,35],[355,34.76],[355,36],[354,36],[354.26,37.5],[353.26,38.26],[354.5,40],[358.5,40],[359,39.5],[360.5,39.5],[361.26,39],[360.5,38.26],[361.76,37.76],[361.76,37],[363,37.26],[362.5,38],[364.5,38],[364.76,37.5],[365.76,37.26],[366.26,37.76],[367.5,38],[369.26,38],[370,37.26],[371,37.26]],[[410.76,55.26],[411.5,55.5],[411.5,53.5],[412.5,52.5],[412,52.5],[411,50.76],[410.5,50.76],[410.5,51.76],[410,51.76],[410,53.26],[409.5,53.5],[409.76,54.76],[410.76,55.26]]]},"properties":{"id":"k30","key":"k_the_ice_lakes","name":"The Ice Lakes","counties":15,"color":"#d2ded0","owner":null,"ownerCountryId":null,"notes":""},"id":"k30"},
{"type":"Feature","geometry":{"type":"MultiPolygon","coordinates":[[[[144.26,610.26],[145.26,609.76],[147,609.76],[147.76,610.76],[147.76,611.5],[147,612],[146,612],[145.26,611.26],[144.5,611.26],[144.26,610.26]]],[[[143,612.26],[143,611.26],[144.5,611.5],[144.5,612],[143,612.26]]],[[[146.5,613.5],[147.26,613.5],[148.26,612.76],[149,611.76],[148.26,611.26],[148.76,609.76],[149.76,609.5],[150,608.76],[151.26,608],[152.76,608],[152.76,607.26],[153.5,606.76],[155.5,606.76],[155.5,606.5],[157.5,606.5],[158,608.5],[160.76,608.5],[160.76,607.26],[161.26,606.5],[162.26,606.5],[163,607.26],[162.5,609.5],[163,610.26],[161.26,611],[161.26,612.76],[159.26,612.76],[158.5,614.5],[156.5,614.5],[155.5,615.5],[155.5,616.26],[156.26,616.76],[156.26,618],[157,618],[156.76,618.76],[157.76,619.5],[157.5,621.76],[158.26,622],[158.26,624.76],[158,624.76],[158,626.76],[158.76,627],[159.5,628],[160.76,628.5],[160.76,630.26],[162,631.26],[165,631.26],[165.26,630.76],[166,631.76],[167.76,632],[167.76,631.26],[169,631.26],[169.5,630.5],[170.76,632],[172.76,630.76],[172.76,629.5],[174.26,629.5],[174.5,629],[176.76,628.26],[177,627.76],[178.5,628.26],[180,628.26],[180.26,627],[181,627.5],[182,627.5],[182.76,626.5],[184.26,626.76],[184,627.76],[184.76,628.5],[183.76,630.26],[184,631.26],[182.5,632.76],[180.76,633.26],[181,634.76],[180.26,635],[179.5,636.26],[180,636.5],[182,636.5],[182,637.5],[181,638],[180,638],[179.26,638.76],[179,640.76],[178.5,640.76],[178,641.76],[173.26,641.76],[172.5,641.26],[171.26,641.5],[170.26,642.5],[168.5,642.5],[168.5,642.76],[166.5,642.76],[165.76,643.5],[165,643.5],[164.5,645],[163.5,644.5],[162,644.5],[161.5,643.76],[159.5,642.76],[158.5,643],[156.5,643],[155.26,642.5],[154,643.5],[152.76,643.5],[152,644],[151.76,643.26],[151,643.26],[151,642.5],[150,641.76],[148.76,641.76],[148.26,642.76],[146.5,642.26],[146.5,638.76],[146.26,637],[145,636.76],[145.5,636],[145.5,635],[144.76,634.76],[144.76,632.76],[143.76,632.26],[144.26,631.5],[145.26,631.5],[146.26,630.5],[146.76,629],[146.5,627.26],[147.76,626.5],[147.76,625.5],[146.5,625],[146.26,624],[145,624],[144.76,623.26],[144,623],[143.5,622],[143.5,620.26],[142.76,619.76],[143.26,618.5],[144.26,618],[144.26,616.26],[145,615.26],[146,615],[146.5,613.5]]],[[[137.76,622.26],[138,621.26],[139.26,621],[140.76,621.26],[140.5,623],[137.76,623],[137.76,622.26]]],[[[141,623.26],[141.76,622.26],[143,623.5],[143,624.5],[142.5,625.26],[141.5,625.5],[141.5,624.5],[140.5,625],[141,623.26]]],[[[46.76,628.26],[46,627.5],[46.5,627.26],[49,627.26],[49.5,628.76],[47.76,629.26],[46.76,628.26]]],[[[139,630],[140,630],[140.26,629.26],[141,629],[141.26,629.76],[142.26,629.76],[142.5,630.5],[141.5,631.76],[140.76,631.76],[140.5,632.5],[139.5,633],[139.26,632],[139.26,630.26],[139,630]]],[[[49,629.76],[49.76,629.26],[49.5,630.26],[48.26,630],[49,629.76]]],[[[142.76,633.26],[143.5,632.76],[143.5,633.76],[142.5,634.26],[142.76,633.26]]],[[[154.26,604.5],[153,604.5],[153.76,603.26],[154.76,603.5],[154.26,604.5]]],[[[154,605.26],[154.76,605],[155.5,604],[155.5,603],[156.5,602.76],[159.26,603],[159.5,604.26],[157.76,604.5],[158.26,605.26],[157.26,605.76],[154.76,605.76],[154,606],[154,605.26]]],[[[155.76,650],[158.5,650],[159,650.76],[161.76,650.5],[162.76,650],[164.76,650],[165.5,648.5],[166,648.5],[166.26,649.76],[168,650.26],[168.76,651.76],[169.5,652],[169.5,653],[168.76,653.5],[168.76,654.26],[169.76,654.26],[169.76,655.26],[168.76,655.5],[167.5,657],[166.5,656.76],[166.26,656.26],[164,657],[164,657.5],[162,658],[161.76,657.5],[158.76,657.5],[158,656.5],[157.76,655.26],[156.5,655.26],[156.26,654.5],[156.76,654],[156.76,653],[156,652.76],[156.26,652.26],[155.5,651.26],[154.76,651],[154.76,650.26],[155.76,650]]],[[[152.76,652],[153.26,651],[154.76,651.5],[154.76,652],[152.76,652]]],[[[161.26,598],[163.26,598],[164,598.5],[164.5,597.76],[165.76,598.26],[165.76,599.26],[165.26,599.5],[163.5,599.5],[163.5,600],[162.26,600.76],[160,600.76],[160.5,598.76],[161.26,598]]],[[[158.26,600.26],[159,599.5],[159.26,601.76],[158.76,602.26],[157,602],[157.26,600.76],[158.26,600.26]]],[[[159.26,602.76],[159.76,601.5],[161.76,601.26],[162,602.5],[161,603.26],[159.26,602.76]]],[[[161.5,613.76],[162.26,612.76],[162.5,613.26],[162.26,614.76],[161.26,614.5],[160.76,613.76],[161.5,613.76]]],[[[158.26,615.76],[157.76,615.76],[159.5,614.5],[161.26,614.76],[161.76,615.76],[162.76,615.76],[163.26,617],[162.5,617.76],[160.5,617.76],[159.26,616],[158.26,615.76]]],[[[160.76,627.5],[159.76,627.26],[159.76,626.5],[161.26,626.26],[160.76,627.5]]],[[[162.26,604.76],[162.76,604.26],[164.26,604],[164.5,604.5],[165.76,604.76],[165.5,606.5],[164.5,606.5],[163.5,607],[163.5,606.5],[162.26,605.5],[162.26,604.76]]],[[[164.5,609.76],[163.5,610.26],[163.5,609.5],[164.26,609.26],[164.5,609.76]]],[[[167,613.76],[166.26,614],[166.76,615],[164.76,614.26],[164.76,612.76],[165.5,612.26],[165.76,611.5],[167,611.5],[167,612.5],[167.5,613],[167.5,614],[167,613.76]]],[[[163.5,621.76],[163.76,621],[165.5,621.76],[165.5,623],[164.5,623.26],[164.26,624],[163,624],[163,622.5],[163.5,621.76]]],[[[162.76,630],[163.5,629.5],[163.76,628.76],[165.5,628.76],[166.5,628.26],[166.5,629.26],[166,630],[164.76,630.26],[164.26,630.76],[162.76,630.5],[162.76,630]]],[[[166.5,604.26],[167,603.5],[169,603.5],[169,605],[168.5,605.76],[167.5,605.76],[166.5,605.26],[166.5,604.26]]],[[[171,603.76],[169.76,604.26],[169.76,603.5],[171,603.76]]],[[[168,612.5],[168.26,611],[169,610.76],[169.26,611.5],[170.26,611.5],[170.5,612.26],[169.26,613.5],[169.26,614.5],[167.76,614.26],[168,612.5]]],[[[170.26,615.76],[170.26,614.76],[171.5,615],[171.5,615.5],[172.5,614.76],[173.26,615.26],[173.26,616],[175.76,615.5],[175.76,615],[177.76,616],[177.76,617],[176.76,617.5],[176.5,618.5],[176,618.76],[176.26,619.76],[174.76,621],[174.76,622.26],[175.26,622.5],[174.76,624],[173.76,624.26],[173.26,625.26],[171.76,625.5],[171.76,626.76],[170.26,626.76],[170,626.26],[167.5,626],[167,624.76],[166.26,624.76],[166,624],[166.76,623.76],[166.76,622.76],[166,622.5],[166.26,622],[167.5,621.5],[167.5,620],[169,619.76],[170,619.26],[170,616.26],[170.26,615.76]]],[[[172.5,627],[172.5,626],[173.5,626.26],[172.5,627]]],[[[171,629.76],[171.26,629],[172.26,629],[172.26,629.76],[171,629.76]]],[[[176.76,619.76],[177.5,619.76],[177.5,618.76],[178,618.5],[178.26,619.76],[179,620.26],[178.76,621],[178,621],[178,622],[177.26,622.76],[176,622.26],[176.76,620.76],[176.76,619.76]]],[[[179,625.5],[179.76,624.76],[180.76,624.5],[181.76,625],[181,626.5],[178.5,627],[178.26,626.26],[179,625.5]]],[[[179.76,639.76],[180,639],[181.5,638.26],[181.5,639],[180.5,639.76],[179.76,639.76]]],[[[180.76,646.5],[182.26,646.76],[182.26,647.26],[183.5,647.5],[183.76,648.26],[184.76,648.26],[184.76,648.76],[186,648.5],[186.26,647.76],[187,647.5],[187.26,646.76],[188.76,646.76],[189,644.76],[188.5,644.5],[188.26,643.5],[189.5,643.26],[189.76,642.76],[189.76,641],[190.76,640.76],[192,640],[192.26,641],[194.26,641.26],[195.76,642.76],[197,643],[196.76,643.76],[194.26,643.76],[194,644.76],[195.26,645.76],[196,647],[194,646.76],[193.5,648.26],[192.5,648],[192.26,648.76],[192.26,651.5],[193.26,652.26],[193.5,654.26],[192.76,654.76],[192.26,656.26],[191.5,656.76],[190,656.76],[189.26,657.26],[188.26,656],[187.5,656],[187,655.26],[184.5,655],[183.26,656.5],[182,656.5],[181.76,657.26],[179.76,657],[179.5,655.76],[178,654.26],[177.76,653.5],[176.76,653.5],[176,653],[176,652.26],[176.76,651.26],[177.76,650.76],[178,649.5],[178,647.5],[178.5,647],[180,647.26],[180.76,646.5]]],[[[174,649.26],[175,648.76],[175,647.76],[175.5,647.76],[175.76,648.76],[176.26,649],[176.26,650],[175.5,651.76],[175.5,654],[174.26,653.76],[174,653],[172.76,652.5],[172.76,651.5],[173.5,650.76],[174,649.26]]],[[[176,655],[176.26,654.5],[177.76,654.26],[177.5,655.76],[176.5,655.76],[176,655]]],[[[183.5,626],[182.76,626],[183,625],[184.26,625],[183.5,626]]],[[[186,627.5],[186,626.5],[187.76,626.5],[188.26,627.26],[189.5,627.26],[190.5,628.26],[187.76,629],[187.26,628.26],[186.26,628.26],[186,627.5]]],[[[184.76,628],[184.5,627.26],[185.26,627],[185.26,628],[184.76,628]]],[[[186.26,630.76],[186,629.76],[186.5,629.26],[188.5,629.5],[188.26,630.26],[188.26,632],[186.76,632],[186.26,632.5],[185.26,632.5],[184.5,631.5],[186,631.26],[186.26,630.76]]],[[[183.76,633.76],[182.76,634],[182.76,633.26],[184.26,633.26],[183.76,633.76]]],[[[184,636.26],[184.5,635.76],[184.5,634.76],[185,635.26],[186.26,635],[186.76,636.26],[185.76,637.26],[184,637],[184,636.26]]],[[[183,637.26],[182.5,636.5],[183.26,636.5],[183,637.26]]],[[[184.76,638],[184.76,638.76],[183.76,638.76],[183.76,638],[184.76,638]]],[[[186.76,616],[186.76,615],[189.26,615],[190.76,614.76],[191.5,615.5],[193,615.5],[194.5,614.26],[195.5,612],[196,611.76],[196,610.76],[197.26,611.5],[198.76,611.5],[198.76,610.76],[199.5,610.76],[200,610],[200.76,610.26],[203.5,610],[204.76,610.5],[204.5,612.5],[204,612.76],[204,614.5],[204.5,615.5],[205,615.26],[204.76,616.76],[205.76,617],[205.76,618],[206.26,618.5],[207.26,618.5],[207.26,619],[208.5,619.5],[208.26,620.5],[209,621],[209,621.76],[207.76,622.26],[207,623.76],[205.5,624.26],[203.5,624],[203,625.76],[200.76,625],[198.26,625],[197.76,625.26],[197.76,624.26],[196.76,623.5],[195.76,623.5],[195.5,623],[196.26,622.76],[196.26,621.5],[195.5,621],[193.26,621.26],[193.76,622.26],[193,622.5],[192.5,623.5],[191.76,624],[191.26,623.26],[190.5,623.76],[189.26,622.76],[189,621],[188,621],[187,619.5],[187.5,618.76],[186.5,618],[186.5,616],[186.76,616]]],[[[194.76,624.76],[195,623.5],[196.5,624],[196.5,625.76],[197,626],[196.76,627],[194.5,627],[193.26,626.26],[193.76,625.5],[194.5,625.76],[194.76,624.76]]],[[[194.26,640.26],[194.5,639],[196.26,639],[196.5,639.76],[197.5,640.5],[196.26,641],[194.5,641],[193.76,640.76],[194.26,640.26]]],[[[194.26,652.26],[193,651],[195,651.26],[195,652],[194.26,652.26]]],[[[193.5,655],[194.26,654.76],[195,655.26],[194.76,656.5],[194.26,657.26],[193.5,657.26],[193,656.5],[193,655.26],[193.5,655]]],[[[203.5,592.76],[204.76,593],[205.76,592.26],[206.26,592.76],[207.76,593],[207.5,594],[208.5,594],[208.5,594.5],[209.76,594.76],[209.76,595.26],[211.5,595.26],[211.5,596.26],[212.5,597.26],[210.26,597.76],[210.5,599.26],[209.5,599.26],[208.5,598.26],[206.5,598.26],[206.5,599.26],[204,599.26],[203.26,599.5],[203.26,600.26],[201.5,600.26],[201.5,599.5],[197,599.5],[196.76,598.5],[196,598],[195.76,597],[196.76,597],[196.5,595],[198,594.26],[198.26,593.5],[200.26,593.5],[200.5,593],[201.5,593],[202,594],[203,593.76],[203.5,592.76]]],[[[199.5,626.5],[199.76,625.76],[200.76,625.76],[201,626.5],[199.26,627.26],[199.5,626.5]]],[[[199,640],[199.5,640.5],[198.26,640.5],[199,640]]],[[[214.5,609],[213.76,608.5],[214,607.76],[215,608.26],[216,608.26],[216.76,608.76],[217,609.5],[218,610.26],[217.76,611],[215.5,610.76],[215.5,610.26],[214.5,610.26],[214,609.76],[214.5,609]]],[[[218,609],[219.26,608.26],[219.5,610.26],[218.26,609.76],[218,609]]],[[[212.76,609],[211.76,609.26],[211.76,608.5],[213,608],[213.5,608.76],[212.76,609]]],[[[206.5,617.26],[207,616],[208,615.76],[208.26,616.5],[209,616.5],[209.76,617.26],[209.26,618.26],[207,618],[206.5,617.26]]],[[[211.26,625.26],[212.5,624],[213,624.26],[213,625.26],[213.5,626],[214.5,626.26],[215,625.76],[216,626],[216.26,627],[217.26,627.5],[218.26,627.5],[218.26,627],[219.26,626.5],[220,627.26],[221.76,627.26],[223.5,626],[223.26,625],[223.26,623],[223,622.76],[221.26,622.76],[220.76,622.26],[221.76,620.26],[222.76,620],[222.26,619.5],[222.5,618.26],[224.76,618.26],[225,616.76],[223.5,614.26],[225.26,613],[225,612],[226.26,612],[226.5,612.76],[227,612.5],[228.26,612.76],[228.26,615.26],[229.26,615.76],[230.76,616],[231.26,616.5],[230.76,617.76],[229.76,618],[230.5,618.76],[230.76,619.76],[232,620],[232.76,620.76],[232.76,622.26],[231.76,623.26],[232,624.5],[232.5,625.26],[231,625.5],[230.5,626.5],[231.76,627],[231.26,628],[231.76,628.76],[234,629],[234.26,630.26],[235.76,629.5],[236.5,630.5],[236.5,631.5],[237.76,632.26],[237.5,633.26],[237.76,634],[236,634.26],[236.5,635],[235.5,635.26],[235.5,635.76],[236.5,637.26],[236.76,639.26],[236,640.26],[235,640.26],[235.76,641.26],[235.76,642.26],[236.26,642.26],[235.5,643.26],[235.5,644.5],[234.26,644.76],[233.26,645.5],[233,646.26],[232.26,645.5],[232.26,644.5],[231.5,643.76],[230.26,643.26],[230.26,642.5],[229,642.26],[229,641.5],[225.5,641.5],[225.5,642.5],[224.26,642.5],[224,641.26],[222.76,641.5],[222.5,642.5],[221.26,642.5],[220.26,643],[219.76,644.5],[218.5,645],[218.5,646.76],[218.76,647.5],[217,648.5],[217,649.76],[216,649.5],[215.76,647],[214.5,646.5],[214,645.76],[212.26,645.76],[212.5,645],[211.5,644.5],[211.5,643.5],[211,643.26],[211.5,641.76],[211.26,640.5],[210,640.5],[209.26,638.26],[207.5,638.26],[207,637.26],[207,636.26],[209.26,636.26],[209,635.26],[209.26,633.76],[208,633.76],[208,633.26],[206.76,633],[206.5,632],[208.26,631.76],[209,631],[209,630.26],[208.26,630],[208,629.26],[207.26,629.26],[207,628.26],[207.76,628],[208.26,627.26],[209.5,627.26],[209.76,626.5],[211.26,625.26]]],[[[219.76,611.76],[219.5,611],[220,610.76],[222.5,611],[223.5,612.76],[223,613.76],[221.5,614.26],[221.5,613.26],[219.76,611.76]]],[[[219.76,618.5],[220.26,617.5],[222,617.76],[221.5,619.5],[219.5,619.5],[219.26,618.76],[219.76,618.5]]],[[[230.26,613],[231,612.26],[232,612.76],[232.26,614.5],[231,615.26],[229.26,615.26],[229.26,614],[230,614],[230.26,613]]],[[[232.5,619.26],[233.76,618.5],[233.76,619.76],[232.26,620],[232.5,619.26]]],[[[239.76,633.26],[241,632],[241.26,633],[242.5,633.26],[241.5,634],[241.5,634.76],[240.26,634.5],[240,634],[239,634],[239.76,633.26]]]]},"properties":{"id":"k31","key":"k_the_iron_islands","name":"The Iron Islands","counties":38,"color":"#d6e2df","owner":null,"ownerCountryId":null,"notes":""},"id":"k31"},
{"type":"Feature","geometry":{"type":"MultiPolygon","coordinates":[[[[150,405.26],[150.26,405.76],[148.76,405.76],[149.26,404.76],[150,405.26]]],[[[146,408.76],[146.26,408],[147.26,407.76],[147.5,407],[148.5,407.76],[148.5,409],[149.26,409.26],[149.26,410.26],[148,410.76],[147.26,410],[145,410],[144.26,409.76],[144.5,409.26],[146,408.76]]],[[[146,411.5],[144.5,411.26],[145.76,411],[146,411.5]]],[[[149,412],[149.26,411.5],[150,411.76],[149.76,412.26],[149,412]]],[[[148.76,413.5],[148.26,414],[147.26,413.76],[147.5,413.26],[148.76,413.5]]],[[[142.76,414.76],[143.26,414.26],[145,414.26],[145.26,415.5],[144.26,416.5],[143.26,416.5],[142.26,415.76],[140.76,415.76],[140.26,414.5],[141.76,414.5],[141.76,415],[142.76,414.76]]],[[[146.5,414.26],[147,415],[146,415],[146.5,414.26]]],[[[145.76,415.76],[146,416.5],[145,416.5],[145.76,415.76]]],[[[141.76,416.5],[142.76,416.5],[142.76,417.26],[141.76,417],[141.76,416.5]]],[[[140.26,419.5],[141.76,418.5],[143.26,418.5],[143.76,419.5],[142.26,420],[142.26,420.5],[140.76,421.5],[138.76,421.26],[139,420],[140.26,420.26],[140.26,419.5]]],[[[136.5,420],[136.5,419.5],[137.5,419.26],[137.76,418.76],[139,418.5],[138.5,420],[136.5,420]]],[[[144.5,420.26],[143.76,420.76],[143.5,420],[144.5,420.26]]],[[[134.5,421.26],[135.5,421.26],[135.5,421.76],[134.5,421.76],[134.5,421.26]]],[[[144,421.5],[144.5,422.26],[143.76,422.26],[144,421.5]]],[[[140,423.26],[140.76,422.26],[142,422.26],[142,422.76],[141,423.26],[140.26,424.26],[140,423.26]]],[[[137.5,423],[136.5,423.26],[136.5,422.76],[137.5,422],[138.26,422],[137.5,423]]],[[[138.5,423.5],[139.26,423],[139.26,424.26],[138.5,423.5]]],[[[144,423.76],[144,423.26],[145,423.26],[145.26,424],[144,423.76]]],[[[292,596.5],[291.76,596],[290,596],[288.76,595.26],[287,595],[287,594],[288,594],[288.26,593],[288,591.26],[287,591.26],[286.26,590.26],[284.76,590.26],[284.5,588.5],[285,588.26],[284.26,586.26],[282.76,586],[282,585.5],[280.26,585.5],[279.5,584.5],[280.76,584.26],[281.26,583.5],[282,583.26],[282,582],[281,581],[280.26,580.76],[280.26,580],[281.26,580],[282,578.76],[280.26,577.76],[278.5,577.76],[278,576.5],[276,576.5],[276,575],[275.5,574],[274.76,573.5],[276.5,573.76],[276.26,572.76],[275.26,572],[273.76,572.26],[273.5,572.76],[272.26,573],[271.5,573.76],[272.26,574.76],[273.26,574.76],[273.5,575.5],[274.5,576],[274.26,576.5],[271.5,576.76],[270.76,576],[269,575.76],[268.76,574.76],[267.76,575.26],[267.26,573.76],[266.26,573.76],[266.76,572.5],[267.5,572.5],[268,571.76],[268.76,571.76],[268.5,571],[266.26,571],[266,570],[266.76,569.26],[263.26,569.26],[263,570],[262.26,570.26],[261,569.5],[260.76,568.26],[260,568],[260,567],[261,567],[262,566.26],[263.26,566.26],[264,565.76],[263.76,565.26],[260.76,565],[260,564.5],[258,564.26],[258,563.76],[255.26,563],[255,561.26],[253.76,561.26],[251.26,559.76],[251.26,559.26],[249.26,559.26],[248.26,559],[247.5,559.5],[245.5,559.5],[245.26,558.76],[244,558.26],[243,558.26],[243,557.76],[241.76,557.5],[241.76,556.5],[242.5,556],[241,554.76],[239.26,554.76],[239.26,555],[237,555],[236.26,555.5],[236,556.26],[232,556.26],[230.76,556.5],[230.26,557.26],[227.26,557],[227.26,557.5],[225.26,558.26],[225,559.26],[221.76,559.26],[221.5,560.26],[220.5,560.26],[219.5,562],[215.5,562],[215.26,561.5],[213.5,561.5],[212.76,561.26],[212.26,562],[210.76,562.26],[207.5,562.26],[207.26,562.76],[206,562.76],[206,562.26],[204.76,563.26],[204,563.26],[203,564],[202,564],[201.26,564.76],[201.76,566.5],[200.5,566.76],[200,568],[198.76,568.26],[199,567],[198,566.26],[196.76,566.26],[196.26,567],[195,567],[194.26,566.5],[193.76,565.26],[192.5,565.26],[193,564.76],[193,563.76],[191.5,563.5],[190.5,565],[189.5,565.76],[187.76,565.76],[187,566.26],[184.26,566.26],[183.76,566],[183.26,567],[182.26,567],[181.76,566.26],[179,566.26],[177.5,566],[176.5,567],[175,566.5],[175.76,565.5],[174.76,564.76],[173.26,565.26],[173.26,566.5],[171.26,567],[171.5,568.26],[170.26,569],[170.26,568.26],[169.5,567.76],[169.26,567],[168,567],[168.26,565.26],[167.26,565],[166.5,564.26],[165.5,564.26],[164.26,563.5],[163,563.5],[162.26,563],[160.5,563.26],[160.5,562.26],[161.5,562],[161.5,561.26],[160.5,561.26],[160.76,560.5],[161.76,560.5],[162.5,559.26],[160.5,559.26],[160.5,558.76],[159.5,558],[158.26,557.76],[158,558.26],[157,558.26],[156.76,557.5],[155.76,557.5],[154.76,556.26],[152.76,556.5],[152,555.5],[152,554.5],[153.26,554.5],[152.76,553.5],[153.5,553.5],[154,552.5],[154.5,552.76],[154.76,551.76],[153.76,552],[152,550],[150,549.76],[150.26,549],[151,548.76],[151.5,547.76],[153,547.76],[153.76,546.76],[154.26,546.76],[153.76,545.5],[152.76,545.5],[152.76,544.76],[154.76,544.26],[155,543],[157.76,543],[157.76,544],[156,544],[155.76,545.26],[155,545.5],[155.5,546.5],[156.5,546.5],[157.26,545.76],[158.76,545.76],[159.76,546.26],[159.76,545.26],[161,545.26],[161.5,544],[160.76,543],[161,542],[160.5,541],[159.76,540.76],[159.5,540],[158.26,540],[157.26,539],[156,538.5],[156.26,537.5],[158.5,537.76],[159.5,537],[159.5,536],[160.5,535.76],[160,534.26],[160.5,534.5],[162.5,534.26],[162.76,535],[164.5,536],[165.5,536],[166,534.76],[167.5,535.26],[168.76,534.26],[170.26,534.26],[171.26,533.5],[169.26,533.5],[169.26,533.26],[167,533.26],[166.76,533.76],[165.76,533.76],[163.5,532.76],[163.76,532.26],[165.5,532.5],[165.26,532],[166.5,532],[166.26,531],[165,530.26],[166,529.5],[167.76,529.5],[168.26,528.5],[169.26,528.5],[169.76,529],[171,529.26],[171,528.5],[169.5,527.26],[169.5,526.76],[171,526.5],[171,525.5],[170,525.26],[170.26,524],[169.26,523],[169.5,521.76],[171.26,522],[171.76,522.76],[173,522.76],[174,521.76],[175.26,521.76],[176.5,521.26],[177,522.26],[178,522.26],[178,520.76],[178.5,519.76],[179.26,519.76],[179.5,519],[179,518.26],[180.26,517.5],[181.5,517.5],[182.76,517],[182.76,519.26],[183.5,519.5],[183.76,520.26],[183.76,522],[184.76,524.76],[187.26,524.76],[187.5,525.5],[188.5,526.26],[190.5,526.26],[191.5,524.76],[192.5,525.5],[192.76,526.26],[193.5,526.26],[193.76,528.5],[194.5,529],[196,529.26],[195.5,530.26],[196,531],[197.5,531],[198.76,531.76],[200.26,531.26],[200.76,532.26],[203,532.26],[202.76,533.26],[204,533.76],[206.26,533.76],[207,533],[208,532.76],[207.76,531],[208.5,531],[209.26,530.26],[209.26,529.5],[208.5,528.5],[207.76,528.5],[206.5,526.76],[205,526.5],[204,525],[203.26,524.5],[202.26,524.5],[202,523.5],[201.26,523.5],[201.26,522.26],[200.26,521.76],[200.26,521],[202.5,521],[203.5,520.76],[204,521.26],[205,520.76],[206.5,520.76],[208.26,519.76],[208.76,518.76],[209.5,518.26],[211,518.26],[211.76,516.76],[213.76,516.76],[214.76,516.5],[215,516],[217.26,515],[218.76,514.76],[219,514],[220.5,513.26],[220.5,512.26],[219.5,512],[219.26,511],[220.26,511],[222.26,510],[223.26,508.26],[224.5,508],[224.5,507.26],[225.26,507.26],[225.26,504.26],[229,504.26],[229.26,504.76],[230.5,504.26],[235.76,504.26],[236.26,503.26],[237,503],[238.26,503.5],[239.76,504.5],[239.76,505.26],[241.5,505.26],[242.76,504.76],[243.5,503.5],[245.5,503.26],[246.26,502.26],[247.5,502.26],[247.76,502.76],[249.26,502.5],[248.5,503.26],[249,504.26],[251,504.26],[251.26,505.26],[252.26,505.26],[253.5,506],[254.76,506],[255.76,505.26],[256.76,505.26],[257.26,504.26],[258.76,504],[259,503.26],[259.76,502.76],[260.76,501.5],[262.5,501.5],[263.26,502.26],[264,501.5],[264.76,501.5],[266.26,500.76],[268.76,500.5],[268.76,499.26],[269.26,498.5],[270.76,498.26],[272.76,498.26],[273.5,497.5],[275,497.5],[275.26,498],[276.26,498],[276.76,499.26],[278.5,499.26],[279.26,499],[279.26,498],[281,497.76],[280.76,496.76],[282.26,496.76],[281.26,496],[281.76,494.76],[286.76,494.76],[286.76,495],[288.76,495.26],[289.5,494.76],[289.76,494],[290.5,493.76],[291.76,494.5],[293.5,494.5],[294.76,493.76],[295.5,492.76],[297.26,493],[298.5,493.76],[299.5,493.5],[301.76,493.5],[303.26,492.76],[302.26,492.76],[301.5,493.26],[300,493.26],[299.5,492.76],[296.76,492.76],[295.26,491.26],[294.76,491.76],[292.76,491.5],[292.5,491],[291.26,490.26],[289.26,490.26],[288.26,489.5],[287,490],[287,491.26],[283.5,491.26],[283.26,491.76],[282.26,491.76],[280.76,490.76],[278.5,490.5],[278,491],[275.5,491.26],[274,493],[272.5,492.76],[271.76,493.26],[271.76,494.26],[271,494.76],[268.26,494.5],[266.76,495.5],[264.76,495.26],[263.76,496],[262.76,496],[262.5,496.5],[261,497.26],[260.76,496.5],[259.26,496.5],[259,497.26],[258,497.76],[258,498.5],[256.26,498.5],[256,499],[255,498.5],[255,497.76],[253.26,496.5],[252.26,497.26],[250.26,498],[249.76,497.5],[248.5,497.76],[248.5,498.26],[247.5,498.5],[247.5,499.5],[246.5,499.5],[245.76,499],[245.26,499.76],[244.5,499.76],[244.5,497.76],[243.5,497.26],[242.5,497.26],[241.76,496.5],[240.76,496.5],[240.26,497.5],[238.76,497.5],[238.76,496.76],[237.76,496],[236.76,495.76],[236.76,493.76],[236.26,493.76],[235.5,492.5],[236.5,491.76],[235.76,490.5],[234.26,490.5],[233.26,491.26],[232.76,490.76],[231.76,490.76],[231.5,491.26],[231.76,492.76],[231,493.26],[232,493.76],[232,494.76],[230.5,495.26],[230.26,494.76],[228.76,495],[227.5,495.5],[227.26,496.26],[226.5,496.5],[226.26,495.76],[225.5,495.5],[222.26,495.5],[221.26,496.5],[220,496.76],[219.76,497.5],[218.76,498],[218.76,499.26],[215.76,499.5],[215.5,500],[214.76,499.76],[213,500.5],[212.76,501.5],[210.76,501.5],[210,502],[210,503.26],[208,503.26],[208,502.76],[206,501.5],[203,501.5],[203,501],[201.26,499.76],[199.26,499.76],[198.26,499],[197.26,499],[196.26,498.5],[196.26,496.26],[196,495.76],[195,495.5],[193.76,494],[194.26,493.76],[194.26,492.76],[192.76,492.26],[192.5,491.5],[191.5,490.76],[190.5,490.76],[190.26,491.26],[189,491],[189.5,490.26],[189.76,488],[187.5,488],[186.5,487],[185.5,486.5],[184,486.5],[184.5,484.76],[183.76,484],[182,483],[182,482],[181.5,481.26],[180.76,481.26],[180.26,480.26],[179.5,480],[180.5,478.26],[181.26,478],[181,476.76],[182,476.26],[182,475.26],[183,475.26],[182.76,474.26],[182.26,474],[181.76,472.76],[180,472.5],[180,471.5],[178.26,471.26],[178,470.5],[176.76,470.26],[176.26,469.5],[175.5,469.5],[175.26,468.5],[176,468.26],[175.76,467.5],[175,467.5],[175,466.76],[176,466.26],[175.76,464.76],[176.5,464.5],[176.76,463.76],[176.26,463],[177,462.76],[175.76,461.5],[174.5,461.26],[174.26,460],[174.76,459.5],[174,459.26],[173.5,458],[172,458],[172.5,456],[172,455.76],[172.26,454],[173,453.5],[173,452.26],[173.76,451.5],[174,450.5],[172.5,448.26],[171.76,448.26],[171.5,447.26],[173,446],[173,445.26],[171.76,446.26],[169,446.5],[168.26,447.76],[166.26,448.26],[168,448.26],[167,448.5],[166.5,449.26],[165,449.5],[165,451.26],[164.26,451.5],[164.5,453],[162.5,452.76],[162.5,453.26],[160,454],[159.5,453.26],[158.5,453.26],[157.76,454.26],[157,454.5],[157.26,455.5],[156,456.26],[155.76,457.5],[152.5,457.5],[151.5,457.76],[150.76,458.5],[148.26,457.5],[148,456],[149,455.76],[149.26,455.26],[150.5,455],[151.26,454],[151.26,452.5],[152,452.26],[152,451.5],[152.76,451],[152.76,450.26],[153.76,449.76],[153.76,448.5],[153,448],[153.76,446.76],[153.76,445.76],[153,445.5],[153,444.76],[152,444.5],[151.26,443.5],[150,443.5],[150,443],[151,442.76],[150,441.5],[147.26,441.5],[147,441.26],[147,439.5],[148,438.5],[148,436.26],[147,436],[145.5,435],[145.5,432.76],[144.5,432.26],[144.5,431.26],[145,430.5],[144.26,430],[144.26,429],[145.76,428],[145.76,427.5],[147,427.5],[148.5,425.76],[150,425.76],[150.26,425.26],[150,424],[149.26,423.5],[149,424],[147.5,424],[147.26,423.26],[145.76,423],[144.76,421.26],[145,420.26],[146,420.26],[147,419.5],[147,418.26],[147.76,418],[147.5,416],[148.5,415.76],[148.76,414.5],[150,414.5],[150.5,413.26],[152,413],[152.26,411.5],[151.5,411.5],[150.5,410],[150,410],[150.26,409],[151.26,407.76],[152,407.5],[151.76,406],[150.76,405.76],[150.76,404.76],[152,404.76],[152,404],[152.76,403.26],[153.76,403.26],[154.76,402.5],[154.76,401],[155.26,400.5],[156,401],[157.26,401],[157.76,400.26],[158.5,400],[159.5,398.5],[158.5,398],[159.26,397.5],[158.5,396.26],[156.76,396.5],[156.26,396],[156.76,394],[156,394],[155.76,393],[156.76,392.76],[157.26,392],[156.76,391.76],[157,391],[158,390.76],[158,389.76],[159,388.76],[160,388.76],[160.76,387.76],[160.76,385],[162.26,384.76],[163.26,383.76],[163.5,384.5],[166.26,384.5],[166.5,383.26],[167.5,383.26],[167.5,381.76],[168.26,381.76],[169.5,380.76],[170.76,380.76],[170.76,382.26],[172.5,382],[173.26,383.5],[174,383.5],[174,385.26],[175,385.5],[176.26,385.26],[177.76,385.5],[178,386.5],[179.26,386.5],[179.76,387.5],[182.76,387.5],[182.76,389.5],[183.5,390.5],[185,390.76],[185.26,391.26],[188.26,391.26],[189.5,390.76],[189.76,390],[190.76,390],[192.5,391.26],[194.26,391.26],[197,389.76],[197,388.5],[198.26,388],[197.76,387.26],[198.5,386.76],[200.26,386.5],[200.26,385.76],[201,385],[199.5,385.76],[196.26,385.76],[195.26,387],[192.76,387],[192.5,386],[193,385.5],[192,385.26],[191.5,384.5],[192.26,384.5],[192.5,383.5],[191.76,383.5],[191.5,382.76],[192.26,382.76],[192.5,381.76],[193.26,381.76],[194.5,379.76],[195.26,380.26],[196.5,380.5],[197.26,379.76],[198.26,379.5],[197.26,377.5],[198.5,376.26],[198.26,374.76],[197.5,374],[196.26,373.5],[196.26,372.5],[196.76,372],[196.26,371],[195.26,371],[195.26,370.5],[193.26,370.5],[192.5,370.76],[191.26,369.26],[190.5,369.26],[190.5,368.26],[191,367.26],[190,367.26],[189.76,366.76],[191.26,365.26],[192.76,365.26],[193,364.76],[195.26,364.5],[195.5,366],[196,366.26],[197.76,366.26],[198.26,367.5],[199.5,367.5],[200,368.26],[203.26,368.26],[204.5,367.5],[204.5,366],[205.76,365.5],[205.76,364.76],[205,364],[205,363],[204,362.5],[204.76,361.5],[202.26,360.26],[200.26,360],[200.26,359.5],[198.5,359.5],[198.26,358.76],[196.26,359],[195.26,358.26],[195.26,357.5],[194.26,357.26],[193.5,356.5],[193.76,354.76],[192.26,354.5],[191,353.5],[191,352.76],[192.5,352.76],[193.5,352],[195,351.5],[195.26,350.76],[198,350.76],[198.26,349.76],[199.26,349.76],[200,349.26],[201.26,349.26],[202.5,348.26],[202.5,347],[203,347],[203,345.26],[202.5,344.26],[203.5,343.76],[203.76,342.76],[203,342.5],[203.26,341.76],[204,342],[205.76,341.5],[206.26,342.26],[207,342],[210.26,342],[211.5,341.26],[211.76,340.76],[212,338.26],[210,336.76],[210,336],[210.76,335.76],[211,334.76],[210,334],[210,332.76],[210.76,332.5],[211.5,331.5],[210.5,331.5],[209.76,330.5],[208.76,330.5],[208,330],[208.26,329.26],[209.5,329.5],[209.76,328],[211.5,328],[212.76,326.5],[213.76,326.76],[212.76,325.5],[212.5,324.76],[211.5,324.76],[210.76,323.76],[210.76,322.26],[209.26,321.76],[209.26,321],[210.26,320.5],[209.76,319],[208.26,319],[208,318.26],[207,317.76],[207,317],[206,317],[205,316.5],[205.5,315],[204.76,315],[204,314.26],[201.76,314],[200.5,315],[198.26,315],[197.5,314.5],[196.26,314.5],[197,313.5],[196.76,312.76],[194.26,313],[193.5,312.26],[191.5,312.26],[191,311.5],[191,310.5],[190.5,310],[191.5,309.76],[192.76,308],[194.26,308],[194.26,307.26],[195.26,306.5],[196.26,306.26],[198.76,306.26],[199.5,306.76],[201.26,306.76],[202,306.5],[202.5,305.76],[202.76,304.5],[204.5,304.5],[204.5,303.5],[205,302.5],[204,302.5],[204,301.5],[202.76,301],[202.76,299.26],[204,299.76],[205,299.76],[205.26,299],[207,299.26],[207,299.76],[208.5,300],[208.76,300.76],[209.76,301.5],[211,302],[210.76,303.5],[211.76,304.26],[212.5,304.26],[214,305],[215.26,305.26],[215.76,307],[217.5,307.76],[219.76,308],[220.5,308.76],[221.5,309],[221.5,311.26],[222.5,312],[222.26,314],[224,314],[224.5,313.26],[226.26,313.26],[227,313.5],[227.76,314.5],[228.76,314.76],[229.26,314],[230.26,314],[231,315],[232.26,315],[233,316],[234,316.26],[233.26,317.26],[234,317.26],[233,318.76],[232.26,319],[231.5,320],[231.5,321.26],[232,321.5],[232.26,322.5],[233.26,323.26],[234.26,323.5],[233.76,324.26],[233.76,325.26],[234.5,326.26],[235,326.26],[235,328.26],[235.76,328.26],[236.26,329.5],[234.26,330],[235,331],[234,331.5],[234.26,332.26],[236,332.5],[236,333],[237.5,333.26],[237.76,332.26],[239.76,332],[239.76,332.5],[241.5,333],[242.76,331.5],[246.5,331.5],[246.76,331],[248.5,331],[247.5,330.76],[246.5,329.76],[249,329.76],[250.26,329.26],[250.26,328.26],[250.76,327.76],[250.26,326.76],[251,326.76],[250.26,325.76],[250.26,324.76],[253.76,324.76],[254.5,325],[255,324],[255.76,323.5],[256,322.5],[256.5,322.76],[258.5,322.5],[258.26,321],[259,320.26],[260.5,320.5],[261.5,319.26],[262,319.26],[262.5,318.26],[262,318],[262,317],[264,317],[263.76,315],[262.76,313.26],[264,312.26],[263.5,311.26],[262,311.26],[261,310.76],[260.5,310],[260.76,309],[260,308.5],[260,307.26],[260.5,306.5],[259.76,305.76],[258.76,305.5],[258,304.5],[258.5,303.5],[258.5,302.5],[257.26,302],[257,301.26],[256.26,301.26],[256.26,300.26],[257.5,299.26],[257.5,298.76],[256.26,297.76],[255.5,297.5],[255.76,297],[257,297],[257,296.5],[258,296.76],[258,297.5],[259.26,297.76],[259.26,299],[260,299.5],[260,300.76],[260.76,301.26],[260.76,302.5],[262,302.76],[262,306.5],[262.76,306.5],[263.26,307.26],[264,307.26],[264.76,308],[264.76,309.26],[267,309.5],[267.26,311],[270.26,312.26],[271.5,312.26],[272.76,311.26],[275.76,311.26],[276.76,309.76],[277.76,309.26],[278.76,309.26],[279.76,308.76],[281.5,308.76],[283.76,309.5],[283.76,310.26],[283,310.5],[283.26,311.26],[284.26,311.26],[284,312.26],[286,312.5],[287.26,313],[288.5,314],[290,313.76],[290.26,313.26],[292,312.76],[292,311.76],[290.5,311.26],[290,310],[289,309.5],[289.26,308.76],[291.5,308.76],[291.5,308.26],[294.76,308.26],[295.26,309],[296.76,309.26],[297,309.76],[298,309.76],[298.5,309.26],[300,309.26],[300.5,308.76],[300.26,308],[301,308],[302,307.26],[305.5,307.26],[306.26,307],[306.5,306.26],[308.26,306.5],[308.26,306],[309.26,305.5],[309.5,304.26],[309,303.5],[307.76,303.26],[307.76,302.76],[309,302.5],[309,301.26],[311,301.26],[311,300.5],[310.26,299.76],[312.26,299],[312.76,297.76],[314.76,297.76],[315,297],[314.5,296.5],[314.5,295.26],[315.5,295.26],[315.76,294.76],[315,294.26],[316,294.26],[314.26,292.76],[312.76,292.76],[312,291.5],[313.26,291],[312.26,290],[310.26,289.76],[310,289],[308.26,289.26],[306.26,287.5],[307.26,287],[308.26,287],[308.76,285.76],[310.26,285.76],[311,285.26],[311.5,283.26],[313.26,283],[314.5,282],[313,281.76],[313.76,279.26],[315.76,279],[314.76,277.5],[315.76,277.5],[315,276.76],[313.76,276.76],[313.76,275.76],[312.26,275.26],[312.76,274.5],[314.76,274.5],[315,273.76],[315.76,273.26],[317,273],[319,273],[318.76,272.26],[319.76,271.76],[316.76,271.76],[316,271.26],[316,270.26],[316.5,269.76],[315,269.5],[314.76,269],[313,268.76],[311.76,267.76],[312.26,267],[313,266.76],[313,266],[311.5,265.5],[310.5,264.76],[308.76,264.76],[308.76,265],[307,265],[306.5,264.26],[305.5,263.76],[306.5,262],[308.26,260.5],[309.26,260],[311.26,260],[312,259],[312.76,259],[313.26,258.26],[314,258],[317.76,258],[318.26,257.76],[318,256],[316.5,255.76],[317.5,254.5],[318.76,254.26],[319.26,253.76],[321,253.26],[323.76,253.26],[324.76,253],[325,252.26],[323.76,252],[323.5,251],[324.76,250.5],[325.5,249.76],[327.5,249.5],[327.76,248.26],[329,248.26],[329.76,247.76],[333.26,247.76],[333,248.5],[334.76,248.5],[335.76,247.26],[336,247.26],[337.26,247.26],[338.76,247.26],[338.76,246.26],[340.5,246.26],[341.26,246.76],[341.5,247.76],[342.26,248.5],[343.76,248.76],[346.26,248.76],[347,250],[348.26,250],[349,249.26],[349.5,250.26],[352,250],[352.26,249.26],[353,249.5],[354.26,250.5],[354.26,251],[355.26,251.5],[355.76,252.26],[360.26,252.26],[361,252],[361.5,251.26],[362.76,251],[366.26,251],[367,250.26],[367.5,251],[369.5,252.76],[370.5,252.76],[371,253.26],[372,253],[372.26,253.76],[373.5,254],[373.5,254.76],[376.5,254.5],[378,253.76],[380.76,253.5],[381.26,252.76],[382.76,252.76],[383.76,252],[385,252],[386.26,251.5],[388,251.5],[388.5,252.76],[389.76,252.26],[390,252.76],[391.5,252.5],[392,253],[394,253],[395.76,251.76],[397.76,251.76],[398.76,252.26],[405.5,252.26],[405.5,252.5],[411,252.5],[411,252.26],[414.26,252.26],[414.26,252],[418,252],[419.26,251.26],[421,251.26],[421.26,251.76],[423.5,251.76],[424,251.26],[425.5,251.5],[428.26,251.5],[429,251],[432,251.5],[433,252.26],[436.76,253.26],[436.76,254],[437.5,254],[437.5,255],[438.26,254.5],[439.26,254.5],[439.26,254],[441.76,253],[447.26,253],[447.26,253.26],[449,253.26],[449,253.5],[452.76,253.5],[452.76,253.76],[456.26,253.76],[457.26,253],[463.5,253],[464.76,252.76],[465,253.26],[466,253],[472.26,253],[472.26,253.26],[471,253.26],[471,255.5],[470.5,255.5],[470.5,259],[471.26,260],[472,259],[473.26,259.26],[472.76,260.5],[474,261.26],[474.26,262.26],[475.26,262.26],[474.76,263],[475,263.5],[476.26,263.5],[476,264.5],[474.76,264.26],[473.26,265.76],[474,266.76],[474,267.76],[474.5,268],[474.26,268.76],[473.5,268.76],[473.26,269.5],[472.5,269.5],[473,271.26],[472.26,272.26],[471.5,272.5],[471.5,273.5],[471,273.5],[470.5,274.5],[471.26,274.5],[472,275.26],[473.76,275.26],[473.76,274.76],[475,274],[477.76,274.5],[477.76,273.76],[479.76,273.5],[480.26,273],[481.76,272.5],[482.5,273.5],[483.26,273.76],[485,273.76],[484.76,275],[485.26,275.5],[487,275.5],[487,276],[488,276.5],[490.76,276.5],[490.76,277.5],[492.76,278.26],[493.26,277.76],[494.76,278],[497,277.76],[498.5,278.5],[500.5,278.5],[500.76,278.76],[500.5,280.26],[502,280.26],[502,281],[503,281.76],[503.26,282.5],[505,282.76],[505,283.5],[507,283.5],[507.26,283],[510.26,283],[510.26,283.26],[512,283.26],[512,285.5],[512.26,287],[514,287],[515,287.76],[516.76,287.5],[516.76,287],[517.76,287],[518.5,286],[518.5,284.76],[519.5,284],[519.5,282.76],[520,282.26],[521,282.26],[521.5,281.5],[521.5,280.26],[525.76,280.26],[527.26,280.5],[527.26,279.76],[528.26,279.26],[529.5,279.26],[529.76,278.5],[530.76,278.26],[534,278.26],[535.26,278],[535.26,277.5],[537,277.5],[537,277.76],[540,277.76],[540.26,278.26],[542.26,279.26],[542.26,280.5],[541.5,281],[542,282.5],[542.76,283.26],[544.26,283],[544.5,283.5],[545.5,283.76],[545.76,284.26],[546.76,284.26],[546.76,285.26],[545.76,285.26],[546.26,286.26],[545.76,287],[545.76,288],[544.76,288.26],[544.76,289.76],[545.76,290.26],[545.5,292],[547.26,293.26],[546.76,294],[546.76,295],[547.76,295],[549.76,295.76],[549.76,298.26],[548.76,298.76],[548.76,300],[549.76,300.5],[549.76,301.5],[550.76,302.5],[550.76,303.26],[549.26,304.26],[549.76,305.26],[549.76,306.5],[549.26,306.5],[548.26,307.76],[548,308.76],[548.76,309.76],[548.76,311.76],[547.76,312.26],[547.76,313],[548.76,313.26],[548.76,314.5],[547.5,315],[546.76,316],[546,316.26],[546,318.76],[544.76,319],[543.76,320.76],[542.76,321],[542.76,322.76],[543.76,323.76],[543.76,325.76],[542,326.76],[542.26,328.26],[540.76,329],[540.76,331.26],[539,331.5],[538.76,333.26],[538,334.26],[538.26,336.5],[538.76,337],[540.26,337.26],[540,339],[539,339.5],[539,341],[539.5,341.76],[538,342.76],[538,346.5],[539,347],[538.76,349],[539.26,349.5],[539.5,350.76],[539,350.76],[539.26,353],[538.5,354],[538,355.26],[538,356.26],[537.26,355.76],[537.5,354],[536.5,353.26],[537,351.76],[536,351.76],[535.5,351.26],[535.5,349.76],[534.76,348.5],[533.26,348.5],[532.26,347.76],[532.26,347],[533.26,346.5],[533.26,344.76],[532.26,344.5],[532.26,341.5],[531.26,341],[531.26,339.5],[529.5,339.26],[528.76,338.26],[529.26,338.26],[529.26,337.26],[530,337],[530.26,334.76],[529.76,334],[529,334.5],[527.5,334.5],[527.26,335.26],[525.5,335.26],[525,334.5],[523,334.5],[523,333.5],[522.5,333.26],[522.5,332],[521.76,331],[520.76,331],[520,330.5],[520,328.76],[519.76,328.76],[519.76,326.76],[519.5,327.26],[519.5,330.26],[519.76,330.26],[519.76,334],[520.76,334.5],[520.76,335.5],[519.26,336.5],[518.26,338.26],[517.76,338.26],[518,339.26],[519,340.5],[519.5,340.5],[519.76,342],[521.76,342.26],[522.5,343],[520.76,343.26],[519.5,344.5],[518.26,344.5],[518,345],[518.76,345.26],[518.76,346],[518,346],[517.5,346.76],[516.5,347],[516.76,348.76],[518.26,348.76],[518.76,349.26],[518,349.76],[517.76,350.5],[518.26,351.76],[517.26,352.26],[516,352.26],[515.76,353.26],[516.5,353.76],[515.5,355.26],[515.26,356.5],[513.26,356.5],[513,357.26],[512.26,357.76],[511.26,357.76],[510.5,358.26],[510.26,360.5],[509.5,361],[509.26,361.76],[508.26,362],[507.76,361],[506.5,360.76],[506.76,359.76],[504.5,360.26],[504.5,361.5],[503.5,361.5],[502.5,361],[502.26,361.5],[500.5,361.5],[500.76,363.26],[499.5,363.76],[499.76,364.5],[500.76,365],[500.76,367.26],[501.5,368.26],[501.5,369.26],[502.26,369.76],[502.26,370.76],[501.26,370.76],[501,370.26],[499.76,371],[499.76,371.5],[498.76,373],[496.76,373.26],[496.5,374],[495.5,374],[495.26,372],[495.76,370.5],[494.26,369.76],[493,370],[491.26,370],[491.76,369.26],[489,367.26],[489,366.26],[488.26,365.26],[487.26,364.5],[484.76,364.5],[483.5,363],[481.5,364],[480,364],[479.76,363.5],[478.76,363.26],[478.76,362],[478.26,361.26],[477.5,361.5],[478.26,362.5],[478.26,365.26],[478.76,365.26],[480.26,366.26],[482.5,366.76],[484,367.76],[484,369.26],[485.26,370.26],[485,370.76],[485.26,372],[484.5,373],[483.76,373],[483.26,372.26],[482.5,372.76],[480.26,373],[480.26,373.5],[479.26,373.76],[479.26,375],[479.76,375.5],[480.76,375],[481.76,376],[482.5,376],[483.26,377.5],[484,377.5],[484.5,378.76],[485.5,379],[485.76,379.76],[484,379.5],[483,379],[483,378.26],[482.26,377.76],[480.26,378],[479,378.76],[475.26,378.76],[474.26,378.26],[472.26,378.26],[471.5,377.76],[469.76,377.5],[469.5,376.76],[468.76,376.76],[467.76,376],[467.76,376.76],[470,377.76],[471.76,378.76],[473.76,378.76],[474.5,379.76],[475.26,379.76],[475.5,380.5],[477.76,380.76],[478.26,381.76],[480,381.76],[480.5,383.26],[481.76,383.5],[481.76,384.26],[481,384.5],[481,385.5],[482,386.26],[483,386.26],[484,387.26],[485.76,387.26],[486.5,386.5],[487.5,386.5],[489.26,387.76],[490.5,387.76],[491.76,389],[491.5,390.26],[490.5,390],[490.5,391.26],[489.5,392.26],[488.76,392.26],[490,394.26],[489.76,395.26],[489.26,395.26],[489.5,396.26],[490.76,397.26],[491,398],[491.76,398],[492.26,399],[492,400.5],[492.76,401],[492,402],[490.76,402],[489.76,403],[489.26,402.26],[486.76,402],[486.5,401.5],[485.26,401.76],[484.26,403],[481.26,403],[482,404],[483.26,404],[483,405.76],[484,405.76],[484,407.76],[483.26,407.76],[483.26,408.76],[485.5,409],[485.76,408.5],[488.26,408.76],[488.76,409.26],[489.76,409.26],[490,408.76],[493,408.76],[493.5,409.26],[492.76,409.76],[492.5,410.5],[491.76,411],[491.76,412],[492.5,412.5],[492.76,413.5],[495,413.5],[495.5,413.76],[495.5,415],[494.76,415.26],[495.26,416],[495.5,417.26],[494.5,417.76],[494.26,419.26],[493.26,419.26],[493,420],[494.26,420.26],[494.5,421.26],[496,421.26],[496,420.5],[497.26,421],[498.5,420.76],[501.26,420.76],[501.5,420.26],[503.26,421],[502.5,422.26],[503,422.5],[502.5,423.26],[503.26,424.26],[505.26,424.5],[505.5,425],[504,425.5],[504,426.76],[505.26,428],[504.5,428],[504.26,429],[503.26,429],[503.26,429.5],[501.76,430],[501.26,431],[498.26,431],[497.76,430.5],[496.5,430.5],[496,431],[494.5,431],[495.26,432],[497,432],[496.5,432.76],[495.5,433],[495.5,434.76],[498.5,434.76],[499.26,433.5],[498.76,433.26],[498.5,432.26],[501.76,432.26],[502.26,431.76],[504,432],[504.26,432.5],[506.26,433.26],[507.76,433.26],[509,433.76],[508.26,435.5],[506.5,435.26],[505.26,434.76],[504.5,435.26],[504.5,436.76],[503,436.76],[502.26,437.5],[500.5,437.76],[500.5,438.5],[499.5,439.26],[499.5,440],[500.26,440.5],[501.26,440.5],[501.5,440],[502.5,440.76],[502.5,441.76],[503.26,442.5],[504,442.5],[504.5,443.5],[505.5,443.5],[506,444.26],[507.76,445],[508,445.76],[507.26,445.76],[507.26,446.76],[508.26,447.26],[508.5,448.26],[511.5,448.26],[511.5,448.76],[513,448.76],[513.5,448.26],[514.5,448.26],[515,449.26],[517,449.26],[517.26,449.76],[518.5,449.26],[519,450.26],[520,450.26],[520.76,451],[521.5,451],[522.26,451.76],[522.26,452.76],[521.26,453.5],[519,453.5],[520.5,454],[520.5,455.5],[523,455],[525.5,455],[525.76,454.26],[527,454.5],[528,456],[528.76,456],[529,457],[530.26,457.76],[531,457.76],[531.26,458.5],[532,459],[533.26,459],[533.26,460],[532.76,460.26],[531.26,460],[530.76,461.76],[530.26,461.76],[530,462.76],[528.76,462.76],[528.26,462],[526.26,462.5],[525.5,461.5],[523.5,461.5],[521.5,461.26],[521,460.76],[518.76,460.76],[518.5,461.26],[517.5,460.76],[514.26,460.76],[513,461],[512.76,461.76],[511.5,461.76],[511.26,461.26],[509,461.26],[509,459.5],[508.5,459],[507,459],[506.26,458],[501.26,458],[499.76,457.76],[499,457],[499.5,456.76],[499,455.76],[499,454.26],[499.5,454],[499.26,453.26],[497.26,453.26],[497.26,452],[495.5,451.5],[493.76,451.5],[494.26,452.26],[493.76,454],[492.5,454],[492,453.5],[491,454],[490.76,453.26],[489.76,453.26],[488.76,453.76],[488.76,453.26],[485.5,453.26],[485,454.26],[483,454.26],[482.5,453.5],[481,453.5],[481.5,453],[481,452],[480,451.5],[478.26,451.26],[477.26,450.5],[476.5,449.26],[475.26,449],[475,448.26],[472.26,448.26],[471.5,447.26],[470.76,447.26],[470,446.26],[470.5,447.76],[471.5,448.5],[471.5,449],[472.76,449.26],[472.5,451],[473.26,451.26],[473.5,452],[474.26,452.5],[474.26,453.76],[473.26,454.26],[473.26,456],[474,457],[474.76,457],[475,458],[474,458.76],[473,459],[473,459.76],[471.76,461.76],[469.76,461.5],[469,462],[467.5,462],[467.5,462.76],[468.5,463.26],[469.5,463.26],[469.5,464.26],[470,464.5],[470,465.5],[470.5,466.26],[469.76,466.5],[470.26,467.5],[471.5,468],[472,469.26],[470.76,469.26],[469.76,469.76],[469.26,470.5],[467.76,470.5],[466.5,471],[467,471.76],[468.5,472.26],[469.76,472.26],[470.26,473.5],[472.26,475.26],[472,476.26],[470.26,477.26],[470.26,478.26],[471,479],[471,480.76],[470.5,481.26],[468.76,481.26],[467.76,482],[466,482],[466,482.76],[467,483],[467.26,483.76],[468.26,484.5],[469,484.5],[469.5,485.26],[471,485],[471.26,485.76],[470.26,486.5],[470.26,487],[471.26,487],[471.5,487.76],[471,488.26],[469.76,488],[469.26,488.76],[470.26,490.5],[469,490.5],[469,491.76],[467.26,492.76],[465.5,492.76],[465.5,493.76],[467.26,494.76],[467.26,495.26],[465.76,495.5],[465.5,496.5],[464.26,497.26],[463.5,497.26],[463.26,498.76],[462.5,499],[463.26,499.5],[463,500.26],[463.76,500.5],[463,501.5],[461.26,501.5],[461,502],[459.76,502.26],[459,502.76],[457.76,502.76],[456.76,503.26],[456.26,504],[455.5,504.26],[455.76,505.5],[454.5,506.26],[452,506.26],[451,506.5],[451.26,505.5],[449.76,505.26],[449,504.76],[446,504.76],[446,506.26],[444.76,507],[443.26,507],[442.26,507.5],[442,508.26],[441,508.76],[439.26,509],[439,511],[438.26,511.5],[437.26,511.5],[437,509],[437.76,508.26],[437.76,507.26],[437.26,507.26],[437.76,506.26],[437.26,505.26],[435.76,505.26],[434.26,504.26],[433.5,504.26],[433.5,505.26],[432.5,505.26],[432.5,503.5],[432.26,502.76],[431.26,502.26],[427,502.26],[426.76,503],[424.76,503.26],[425.26,504.26],[424.5,504.26],[425,505],[424.76,506.26],[424,506.26],[423.76,507.26],[423.26,507.26],[423,508.26],[421.5,508.26],[419.5,509.76],[419.26,510.76],[418.5,511.26],[418.5,512],[415.76,512],[415,511],[413.5,511.76],[411.76,511.76],[411.76,511.26],[410.76,511],[410.76,510],[411.5,509.5],[411.5,508.26],[413,507.76],[413,505.26],[411.76,504.76],[411.76,503.76],[411.26,503.76],[411.5,502.5],[412.26,502],[412.26,500.26],[411.26,499.26],[412.26,498.5],[412.26,497.5],[411.5,496.76],[412,495.76],[411.26,495.5],[411.26,494.76],[410.26,495.5],[409.26,495.5],[409.26,496],[408.26,496.5],[408.26,498.5],[407.26,498.5],[407.26,499.5],[406.5,499.5],[406,500.26],[404.5,500.5],[404.5,501.5],[404,501],[402,501.5],[401.76,500.76],[402.5,500.5],[402.5,499.76],[403.5,499.5],[404.26,498.5],[403.5,497.5],[404.76,496.5],[404.5,494.5],[403.26,493.76],[402.76,492.76],[403.5,492.76],[403.26,492],[404.5,491],[404.5,490.26],[403.5,488.76],[404,487.5],[404,486],[403.26,485.26],[402.5,485.26],[402.26,484.5],[402.76,484],[402.76,482.76],[401.5,482],[401.26,480.5],[400.76,480],[400.76,479],[401.5,478.5],[401.5,475.76],[400.5,475.26],[398.76,475.26],[398.76,474.76],[397.76,474],[395.76,473.5],[395.76,472],[394.76,470.5],[394.76,469.5],[393.76,468.5],[393.76,467.26],[393.26,467],[393.26,464.76],[393,464],[392,463.76],[392,462.76],[390.5,462.26],[390.26,461.5],[388.5,460.5],[388.5,459.26],[387.5,459],[387.5,458.5],[385,457],[384.5,455.5],[383.76,455.5],[384.5,454.5],[385.5,454],[385.5,451.26],[385.26,451.26],[385,449.26],[383.26,448],[382.76,447.26],[382.5,445.5],[382,444.76],[381.76,442.5],[381.26,442.5],[380.76,441],[379.76,440.5],[379.76,439.5],[378.76,439],[378.76,438.26],[377.76,437.26],[376.5,436.76],[375.5,436.76],[375.26,436.26],[374,436],[373.5,434.76],[373.76,433.76],[373.76,432],[373,430.5],[372.5,427.76],[373.5,426],[373.5,423.5],[373,423],[373,420.5],[372.5,420],[372,418.5],[372,416.76],[373,416],[373,415.26],[375.26,413.5],[375.76,412.5],[375.76,408.76],[375,407.76],[374.76,406],[374.26,405.76],[374,404.76],[374,401.76],[374.26,401.76],[374.26,397.76],[373.76,397.5],[373.76,401],[373,402.76],[373,404.26],[373.76,405],[374,407.76],[375,408.76],[375,412.5],[372.26,415],[371.76,416.5],[371,416.76],[371,418.26],[372,419.76],[372,422.5],[372.76,423.26],[373,425],[372,425.76],[372,427],[371.5,427.26],[371.5,428.26],[372,428.76],[372.26,430],[372.26,431.76],[373,433],[372.5,433.26],[372.5,434.76],[373,435.26],[373,436.76],[374.76,437],[375.76,437.76],[377,438],[378.76,439.5],[378.76,440.76],[380.76,442.5],[381,443.26],[380.76,445.26],[381.5,445.26],[382,446.26],[382,447.26],[383.26,449.26],[384.26,449.76],[384.5,450.76],[384.5,454],[383.5,454],[383,454.76],[382.26,455],[382.5,456],[383.5,456.26],[383.5,457.26],[384.76,458.26],[384.76,461.5],[385.26,461.76],[385,463.5],[383.26,465],[383.5,465.76],[383.5,467.76],[383.26,468.76],[384,469],[384.26,470],[384.76,470.26],[385.26,471.5],[386,471.76],[386.5,473],[387.26,473],[387.26,474.5],[389.5,475],[391,474.26],[391.26,474.76],[391,477.26],[391.76,478],[393.26,478.26],[393.76,478.76],[393.76,480],[393.26,481.26],[391.5,481.26],[391.5,482],[392.26,482.76],[393.76,483],[394.26,484],[395.26,484.26],[395.5,485.76],[396.26,486],[396.26,488.76],[395.76,489.5],[394.5,490.26],[394.5,492.76],[393,492.76],[392.76,493.76],[391.5,493.76],[391.76,495.5],[391.26,496.76],[390.26,497],[390,497.5],[388,497.5],[388.5,497.76],[387.26,499.5],[386.26,499.76],[388.76,500],[388.5,500.5],[388.76,502.26],[389.76,502.76],[390.26,504.26],[391,505],[389.5,505.26],[389.5,505.76],[388.5,505.5],[388.5,506],[387.5,506.76],[386.26,506.76],[385.5,507.26],[385.5,508.76],[386.76,509.26],[386.76,511],[387.26,511.26],[387,512.76],[385.5,512.5],[383.26,512.5],[381.76,513.26],[381.76,513.76],[380.76,514],[381.26,515.5],[380.5,515],[378.5,515],[377,516.76],[377.76,517],[377.76,518],[379,519.76],[379.76,519.76],[379.26,521.76],[378.5,521.5],[377.5,521.76],[376.76,522.76],[377.26,523.5],[377.5,524.76],[376,524.5],[376,525.76],[375,526],[374.76,528],[375.76,529.26],[375.76,531.5],[374.76,531.26],[374,530.26],[371.76,530.26],[371.5,530.76],[369.76,531.26],[369.26,532.76],[368.5,532.26],[366.76,533.5],[366.5,535],[367.26,535.26],[367.26,536.26],[367.76,536.5],[367.76,537.5],[367,538.26],[366.76,539.5],[368.26,540],[369,539.5],[368.26,541.26],[367,541.26],[366.26,541.76],[366.26,544.76],[368.76,545],[369.26,546.26],[370.76,545.76],[371,546.5],[371.76,546.26],[371.76,547.5],[371.26,548.26],[370.26,548.26],[369.5,547.76],[369,548.76],[368.26,549],[366.5,549],[364.5,549.76],[362.26,549.76],[361,550.26],[361.26,552],[360.76,552.5],[358.76,552.5],[358.5,552.76],[358.5,554.5],[357.5,555],[357.5,556.76],[358.5,557],[358.5,557.5],[359.76,557.5],[360.5,558.76],[362.26,558.76],[363.76,560.76],[364.26,560.76],[364.76,561.76],[364.5,563.26],[365.26,564.26],[364.26,564.26],[364,565],[363.26,565],[363,566.76],[362.5,567.5],[362.26,567.5],[362,567.5],[361.26,568.26],[360.26,567.76],[359.76,567],[359,567],[358.76,568],[358.26,567.5],[357,567.5],[356.76,568],[354.5,567.76],[354.76,570],[353.5,570],[353,570.76],[351,570.76],[350.5,572],[349.26,572.5],[349,573.26],[346.5,574],[346.5,574.5],[345.26,574.76],[344.5,575.26],[344.26,576.26],[344.5,578.5],[343.76,578.5],[343,579.26],[343,582.5],[342.76,584],[341.5,584.5],[340.5,585.5],[339.26,585.5],[338.5,585],[338.26,585.5],[337.76,584.76],[337,585.26],[337,586],[336.26,586.26],[336,587],[334.76,588.5],[332.5,588.26],[331.5,589.26],[330,589.26],[329.76,588.76],[329,589.26],[328.76,588.76],[327.76,588.76],[327.26,588.26],[325,588.76],[324.26,589.26],[323.76,587.5],[323,587.26],[323.5,588.5],[323.5,590],[323,590.26],[322.76,591.5],[321.76,590.5],[320.5,590.5],[320,590],[319.76,588],[318.5,588.76],[317.76,587.76],[317,587.76],[316.76,588.76],[315.5,589],[314.76,589.5],[313.76,590.76],[312.5,590.5],[312.26,591.76],[311.5,591.5],[310.26,592.26],[309.26,592.26],[308.5,591.76],[306.26,591.5],[306,592],[305,592],[305,593],[303.76,593.5],[301.76,593.76],[301.5,592.5],[300.76,592.26],[300.76,591.5],[299.5,591.76],[299,592.76],[297.76,592.76],[296.76,591.76],[295.5,592],[294.76,592.5],[294.5,593.76],[293.76,594.26],[293.5,595.26],[292,596.5]],[[242,397.76],[242,396.26],[242.5,396],[242.5,394.5],[243.26,394.26],[244.26,393.26],[244.5,392.26],[243.26,392],[242.76,390.76],[241.76,390.26],[240.76,388.5],[240.76,390.26],[239.76,391],[238.5,391.26],[238.5,392.26],[236.76,392.76],[236.5,393.5],[237.76,394.5],[237.76,395.26],[238.76,395.26],[239.26,396.26],[238.76,396.5],[238.76,397.76],[238,398],[238,398.76],[238.76,398.76],[238.76,399.76],[239.26,400.26],[239.26,401.76],[238.76,402],[238.76,403],[239.76,403.26],[239.76,404.26],[240.26,404.76],[240.26,406],[240.76,406],[240.76,404.76],[241.5,404],[241.5,402.26],[241.76,401],[242.76,400],[242.76,398.76],[242,397.76]],[[239,428],[239.76,427],[239.76,425.76],[240.26,425],[240.26,424],[240.76,423],[242,422],[242.26,420.26],[243,419.26],[243,417.26],[242.76,416.26],[241.76,415.76],[241.76,414],[240.5,412.5],[240.26,410.76],[239.76,410.76],[239.76,412.5],[238.26,413.26],[238.26,414.5],[238.76,414.5],[238.76,415.76],[238.26,416],[237.5,418.5],[236.76,418.5],[237,419.26],[238,419.26],[239,420.26],[239.5,422.26],[238.76,423.5],[238.76,426],[238.5,427.26],[239,428]],[[272.5,428],[272.5,428.5],[273.76,428.5],[275.76,426.76],[276.26,425.26],[278.26,425.26],[279.26,426],[281.76,426.26],[282,425.26],[285,425.26],[286,424.26],[288,424.5],[287.76,425.26],[289.26,425.26],[289.76,424.5],[290,423.26],[289.26,423],[290,421.5],[290,420.26],[285,420.26],[284.26,419.26],[283.26,418.5],[284,418.5],[284,417.5],[284.5,417.5],[285,416.5],[285.76,416.5],[286.5,415.76],[285,415.5],[284.26,415],[284.26,413.5],[283.26,413],[283,411.5],[280.76,411.5],[278.5,412.5],[276.76,412.76],[276.5,414],[275.76,414.5],[272.76,415.5],[274,417.26],[275,417.26],[274.76,418.26],[275.5,419],[274,419.26],[272.5,420.26],[272.5,421.5],[274.26,422.76],[273.5,425.26],[272.76,426.26],[273.76,426.5],[273.5,427.26],[272.5,428]],[[389.5,339],[389.76,339.26],[389.76,337],[390.5,336],[390.5,335.26],[389.76,334.5],[390,332.76],[391.5,331.76],[391.26,329.76],[390.5,329.26],[391.26,327.26],[390.76,326.76],[390.76,325.26],[392.26,324.5],[391.5,323.76],[391.5,323],[392.26,322],[393.26,321.26],[393.5,317.26],[392.76,316.26],[393.5,316],[393.76,315],[393.26,314.5],[392.76,312.5],[394.26,311.76],[394.26,308.5],[395.26,308.26],[395.26,305.5],[395.76,305.5],[395.26,304.5],[395.76,303.5],[395.76,302],[394.76,301.5],[395.26,300.5],[395.26,297.76],[395.5,297.76],[395.5,295.76],[394.76,297.76],[394,298.5],[394.26,299.76],[393.76,300.5],[392.76,301],[393,302.26],[391.5,303.26],[391.5,305.26],[390.76,307],[390.76,309.26],[390.26,310.26],[389.5,310.26],[388.76,312.26],[388.76,313],[387.5,313.76],[387.5,314.76],[388.26,315],[388.5,315.76],[389.5,316],[389.5,317],[388.76,317.5],[388.5,320],[387.76,320.76],[388.76,321.76],[389.5,321.76],[389,322.76],[389,324.26],[388.5,324.76],[388.5,327.76],[388,328],[388,329],[388.76,330],[388.76,330.76],[389.5,331.5],[389.5,332.5],[388.5,333.26],[388.76,334.5],[388.76,337.26],[389.5,337.76],[389.5,339]],[[330.76,382.5],[332.26,382.76],[331.26,381.76],[330.26,381.76],[329.26,380],[328.26,379.76],[327.5,378.5],[326.26,378.5],[325.5,377.76],[323,377.26],[322.76,377.76],[323.76,377.76],[324,378.76],[324.76,378.76],[324.76,379.76],[325.76,380],[327,381.5],[329.26,381.76],[329.5,382.26],[330.76,382.5]],[[466.76,326.26],[467.26,326.5],[467,325],[466.5,324.76],[466.26,322.26],[464.76,321],[464.76,320],[464.26,319],[463.26,319],[463.5,320.76],[462.76,321],[463,322.5],[463.76,323.26],[464,324.76],[465.5,325],[465.76,325.76],[466.76,326.26]]],[[[144.5,427.26],[144.26,428],[143.26,428],[143.76,427],[144.5,427.26]]],[[[142.5,428.76],[141.5,428.76],[141.26,428],[142.5,427.5],[142.5,428.76]]],[[[137.5,429.76],[137.5,428.5],[138,428],[140.76,428],[141,429],[141.76,429.26],[141.76,430.26],[140.26,430.26],[140.26,430.76],[138.76,430.76],[139,429.76],[137.5,429.76]]],[[[143.26,430.26],[142.5,431],[142.76,430],[143.26,430.26]]],[[[145.5,443.26],[145.26,442.76],[146.76,441.76],[147.5,442.26],[147.26,443.5],[145.76,443.76],[145.5,443.26]]],[[[141.76,444.26],[142,443],[144,442.76],[144.5,443.26],[144.26,445.26],[143.5,445.5],[143.26,446.26],[142.26,446.26],[141.76,445.5],[140.76,445.76],[138.76,445.76],[139.26,444.76],[141.5,445],[141.76,444.26]]],[[[149.76,449.26],[150.26,449.76],[149.26,449.76],[149.76,449.26]]],[[[148,451],[147.76,450.26],[150.26,450.26],[149.76,451.26],[148,451]]],[[[150.26,452.26],[150.26,451.26],[151,451.5],[151,452.26],[150.26,452.26]]],[[[149.5,453],[147.76,453],[148.26,452.26],[149.5,452.5],[149.5,453]]],[[[144.76,457.76],[145,457],[147.26,457],[146.5,458.26],[145.76,458.76],[144.76,458.76],[144.76,457.76]]],[[[138.5,462],[138.5,461.5],[139.76,461.26],[140.5,460.5],[141.5,460.5],[142.26,461],[142.76,462],[141.76,462.5],[141.76,463.5],[142.26,463.5],[142.26,465.26],[141.26,466.26],[140.5,466.5],[140.5,467.5],[139.26,468],[137.26,468.26],[136.76,467.76],[135,467.76],[134.5,468],[134.5,467],[136,466.76],[136,466.26],[137.26,466],[137.5,464.76],[137.26,463.26],[138.5,462.76],[138.5,462]]],[[[145.26,461.5],[145.5,461],[147.26,461.26],[147.26,460.76],[148.76,460.76],[148.5,462.26],[147.76,462.26],[147.26,464],[146.5,464],[146.26,465.26],[145.5,465.76],[144.26,464.26],[145.26,463.5],[144.26,462],[145.26,461.5]]],[[[149.26,555.76],[150,555.76],[150.26,556.5],[149.26,556.5],[149.26,555.76]]],[[[166.5,382.76],[165.76,382.76],[166.26,381.76],[166.5,382.76]]],[[[164.5,383.5],[163.76,383.5],[163.26,382.5],[164.5,382.5],[164.5,383.5]]],[[[154,394],[153,394.26],[153.5,393.5],[154,394]]],[[[152,393.76],[152.5,394.5],[151.5,394.26],[152,393.76]]],[[[153,397.26],[154,396],[155,395.76],[155.26,396.76],[156,397.26],[155.76,398.26],[155.26,398.26],[154.76,399.26],[154,399.26],[153.5,398.26],[151.26,399],[151,398.26],[152.76,396.76],[153,397.26]]],[[[156.5,398.76],[156.26,398],[156.76,397.5],[157.5,398],[156.5,398.76]]],[[[152,445],[152,445.5],[151,445.5],[151.5,444.76],[152,445]]],[[[158,458],[157.26,457.76],[156.26,458],[156.5,457.26],[157.76,457.26],[158,458]]],[[[151.5,460.26],[150.5,460.26],[151,459],[151.76,459],[151.5,460.26]]],[[[152.26,461.26],[152,460.76],[153,460],[153,462],[152.26,462],[152.26,461.26]]],[[[155,461.26],[155,461.76],[154,461.76],[154.5,460.76],[155,461.26]]],[[[165,467.5],[164.76,466.76],[165.5,466],[166.76,466],[167.5,467.5],[168.76,467.76],[169,469.76],[170.5,470],[172,471.5],[171.5,471.76],[171.26,473.5],[170.76,473.76],[170.76,474.76],[169.76,475],[168.5,476.26],[167.26,476.26],[167,475.5],[168,475],[168.5,474.26],[168,472],[167.5,472],[167.5,471],[166.26,470.76],[165.5,470.26],[165.76,468.76],[165,467.5]]],[[[168.76,477.76],[168,478],[169.5,476.5],[170.5,476.5],[169.76,478],[168.76,477.76]]],[[[162,532.76],[161.5,532.26],[160.5,532.26],[160.76,531.76],[163,532.26],[163,533],[162,532.76]]],[[[152,544.26],[153.26,543],[153.26,544],[152.76,544.5],[152,544.26]]],[[[150.76,555.5],[151.5,555.5],[151.5,556.5],[150.76,556.5],[150.76,555.5]]],[[[183.26,309.76],[183.26,309.26],[184.26,309.26],[185.5,307.5],[186.76,307.5],[187.26,309],[188.26,309.26],[188.26,310.26],[187.76,310.76],[185.76,310.76],[185.26,311.26],[184.76,310.26],[183.5,310.26],[183.26,309.76]]],[[[180,311.5],[181.5,311],[181.76,310.26],[182.76,311],[182.26,311.76],[182.26,312.76],[181,313],[180.76,312.26],[179,312.26],[179,311.76],[180,311.5]]],[[[185.76,312.5],[185.26,313],[184,313.26],[183.5,312.26],[184,311.5],[184.76,311.26],[184.76,312],[185.76,312.5]]],[[[181.5,364.26],[181.5,363.76],[182.5,363.76],[183,364.5],[181.5,364.26]]],[[[182,365.76],[182.76,365.5],[183.26,364.76],[183.76,366.5],[185.26,366.5],[185,367.76],[182,367.5],[180.76,368.5],[180,368.26],[179,368.5],[178.5,366.5],[179,366.5],[179.5,365.5],[181.26,365.5],[181.26,366.5],[182,365.76]]],[[[171.76,377.76],[172.5,377.76],[172.76,377],[173.26,377.26],[175.26,377],[176,378],[176,379.26],[175,380.26],[172.76,379.26],[169.76,379.76],[170.76,378],[171.76,377.76]]],[[[171.26,380.5],[171.5,380],[173.26,380],[173.26,380.76],[171.26,380.76],[171.26,380.5]]],[[[174.5,466.76],[174.5,467.5],[173.5,467.5],[174.5,466.76]]],[[[178.76,483.26],[180.5,483.26],[181.5,483.5],[181.26,484.5],[178.26,484.5],[178.26,483.5],[178.76,483.26]]],[[[181,487],[181,486.5],[182.76,486.5],[183.26,486.26],[182.76,487.76],[182,488],[182,487.26],[181,487]]],[[[181.76,567.5],[182.26,568],[181,568],[181,567],[181.76,567.5]]],[[[177,568.26],[177,569],[176.26,569],[176,568],[177,568.26]]],[[[181.76,569.76],[181.76,569],[182.76,569],[182.76,569.76],[181.76,569.76]]],[[[193.5,300.5],[194.5,300.5],[194.26,301.26],[193,301.26],[193.5,300.5]]],[[[188.5,310.76],[189.26,311.5],[188.5,311.5],[188.5,310.76]]],[[[189.5,312.76],[189,312.5],[189.76,311.5],[190.26,311.5],[190.5,312.76],[189.5,312.76]]],[[[194.76,315.5],[193.5,315.76],[193.5,315],[194.26,314.5],[195.26,314.5],[194.76,315.5]]],[[[190.5,363],[190.76,362.76],[190.5,361.26],[191,361],[191.5,361.76],[193.26,361.76],[194.26,362],[194.76,361.5],[195.76,361.5],[195.5,362],[193.26,362.76],[192.5,364],[190.5,364],[190.5,363]]],[[[195,362.76],[196.76,362.76],[196.76,363.26],[194.76,363.5],[194.26,363],[195,362.76]]],[[[186.26,368],[185.76,366.76],[186.76,366.76],[187.26,366.26],[187.5,367.5],[186.26,368]]],[[[194.76,499.26],[194,499.76],[194.26,498.76],[194.76,499.26]]],[[[193,506],[193,505.5],[194,504.76],[194,505.76],[193,506]]],[[[192.5,523.5],[192.5,523],[193.5,523],[194.76,523.5],[195,524.76],[194,525.26],[193.5,524.5],[192.5,524.5],[192.5,523.5]]],[[[194.5,526.76],[194.76,525.26],[196.76,524.5],[197,524],[197.76,524.26],[197.5,525.76],[196.76,525.76],[197,527.26],[195.26,527],[195,527.5],[194.5,526.76]]],[[[184.26,566.5],[184.76,567.26],[184,567],[184.26,566.5]]],[[[196.26,296],[195.5,296.5],[195.5,295.5],[196.26,296]]],[[[196.5,297],[196.76,296.26],[197.5,296],[199.76,296.5],[199.76,297],[201,298],[201.76,298],[202,299.76],[200.76,300],[199.5,298],[199,298],[198.26,299],[197,299],[196.76,298.26],[195.76,298.26],[196.5,297]]],[[[204.26,298],[205,297.5],[206,297.5],[205.5,298.5],[204.26,298.5],[204.26,298]]],[[[195.26,300.5],[196.5,300.26],[196.5,299.76],[197.5,299.76],[197.76,300.76],[196.76,301.26],[195.5,301.26],[195.26,300.5]]],[[[197.26,364.5],[198,364.26],[198,365],[197.26,364.5]]],[[[206.5,504.5],[206.76,505],[205.76,505],[205.76,504],[206.5,504.5]]],[[[205.5,507.76],[204.76,507.5],[204.76,505.76],[206.5,505.76],[207.76,505.26],[208.26,504.26],[210.26,504.5],[210.5,505.76],[209.76,506.26],[208,506.76],[207.5,508.26],[206,508.26],[205.5,507.76]]],[[[201.26,508],[200.76,508],[200.76,507],[201.76,507.26],[201.26,508]]],[[[199.5,520.26],[198.76,520.76],[198.76,520],[199.5,520.26]]],[[[200.5,568.26],[201.5,567.5],[201.26,568.5],[200.5,568.26]]],[[[198.5,568.5],[199,569],[197.76,569],[198.5,568.5]]],[[[197.26,570.5],[195.76,570.26],[196.26,569.76],[198,569.5],[198,570.26],[197.26,570.5]]],[[[226,496.76],[226,497.5],[225.26,497.5],[225.26,496.5],[226,496.76]]],[[[226.76,498.76],[227.26,497.26],[227.76,497.26],[227.76,498.5],[226.76,498.76]]],[[[222.26,498.26],[222,497.26],[223,498],[222.26,498.26]]],[[[220.26,499.76],[220.5,499],[221.76,499.26],[221.5,500.26],[219.76,500.26],[220.26,499.76]]],[[[220.76,505.76],[221.76,504.76],[224,504.76],[224.26,505],[224,506.76],[223.26,507.5],[219.76,507.76],[219.26,507],[220.26,506.76],[220.76,505.76]]],[[[218.5,506.26],[218,505.76],[219.26,505.5],[219.26,506.26],[218.5,506.26]]],[[[210.76,506.76],[211.76,505.5],[212.26,505.5],[211.76,507.26],[210.76,507.26],[210.76,506.76]]],[[[220.26,509.26],[220.26,509.76],[219.26,509.76],[219,509],[220.26,508.5],[220.26,509.26]]],[[[217.26,510.26],[215.76,510.76],[216.26,509.76],[217.26,510.26]]],[[[225.26,560],[226.26,559.76],[226.26,560.5],[225.26,560]]],[[[220.5,562],[221,562.76],[220,562.76],[220.5,562]]],[[[222,563.26],[222.76,563.76],[221.76,563.76],[222,563.26]]],[[[217.5,565],[216.26,564.5],[216.5,564],[218,564],[218.26,564.76],[217.5,565]]],[[[218,566.5],[218.5,567.26],[217.76,567.26],[218,566.5]]],[[[252.26,261.76],[253.76,262],[254,261.5],[255.5,262],[258,262],[258.26,262.76],[259,263.26],[260.26,263.26],[260.5,263.76],[262.5,263.76],[263.26,265],[264.26,265.76],[266.5,265.76],[266.76,266.76],[268.5,266.76],[269.76,267.26],[269.26,268],[269.76,269],[269.76,270.26],[269,270.5],[269,271.26],[268.26,272.26],[270,272.76],[270.5,273.5],[272.26,273.76],[272.5,276],[271.26,276.76],[270.76,278.26],[268.76,278.26],[268,278.76],[268,279.76],[266.76,279.76],[266.5,279.26],[265.5,279.76],[265.5,281.26],[264.76,281],[263.76,281.26],[263.26,282],[262.5,282],[262.5,283],[261.5,283.5],[260.5,283.5],[260.26,284.26],[258.76,284],[258.26,282.26],[257.26,282.26],[257.26,277],[258,276.76],[258,275.76],[257.26,275.5],[257,274.76],[256.26,274.5],[258,274.5],[258.5,273.76],[259.26,273.5],[259.26,272.76],[258.26,272.5],[257,273.5],[254.26,273.5],[254,274],[252.76,274],[251.76,275.76],[252.76,276.76],[252.76,278],[250.76,279.76],[250.76,281],[251.76,281.26],[251.5,283.26],[249.76,283.26],[249.76,283],[248,283],[246.5,283.26],[246,282.5],[244.76,283],[242.26,283.26],[241.76,282.26],[241,281.76],[242,280.26],[243.76,278.5],[243.76,277.5],[242.76,276],[242.76,275],[241.5,274.76],[240.76,274],[241,273],[241,271.26],[242.76,271],[242.76,270.5],[244,269.5],[244,268.76],[245.76,268.76],[247.5,267.5],[247.76,266.76],[249.5,266],[249.5,265],[250.26,263],[251,263],[252.26,261.76]]],[[[237.76,282.5],[238.76,282.26],[239,281.76],[240.26,282],[241.26,283.5],[241,284.5],[238.5,284.5],[238,284],[237,284],[237,282.76],[237.76,282.5]]],[[[236.26,284],[235.26,284],[235.5,283.5],[236.26,284]]],[[[252.76,284.26],[254.26,284.26],[254.5,285],[254.5,286.76],[254,288],[253,288.26],[253,287.26],[251.26,286],[252.26,285.26],[252.76,284.26]]],[[[251.26,284.5],[251,284],[252,283.76],[252,284.5],[251.26,284.5]]],[[[242.76,285.26],[242.76,284.5],[243.5,284.5],[242.76,285.26]]],[[[251.26,296.26],[250.76,295.5],[251.76,295.5],[252.26,295],[254.26,295],[254.76,295.5],[255,296.76],[254.26,297],[253.5,298],[252.5,298],[252.26,297],[251.26,296.26]]],[[[252.76,299.26],[252.76,299.76],[251.26,300],[251,299.26],[252.76,299.26]]],[[[232.76,494.5],[232.5,492.5],[233.26,492.26],[233.26,493.26],[234.26,494.5],[234.26,495.5],[233.5,495.5],[232.76,494.5]]],[[[229.26,497],[229.26,496.26],[230,495.76],[230.76,496],[230.5,497],[229.26,497]]],[[[231.5,497],[232.26,495.76],[233.76,496.5],[234,498.26],[234.76,498.26],[234.26,499.76],[234.5,500.26],[233,499.76],[232.5,498.5],[231.5,498.26],[231.5,497]]],[[[240.5,556.26],[240.26,557],[239.76,556.26],[240.5,556.26]]],[[[239.26,557.76],[238,558],[238,557.5],[239.26,556.76],[239.76,557.5],[239.26,557.76]]],[[[231.76,557.5],[231.26,558.26],[231.26,557.26],[231.76,557.5]]],[[[241,557.5],[240.26,558],[240.5,557.26],[241,557.5]]],[[[237.26,558.26],[236.76,559],[236.76,558],[237.26,558.26]]],[[[230.76,559.26],[229.76,559.5],[229.76,558.76],[231,558.5],[230.76,559.26]]],[[[247.76,561.5],[247,560],[248.5,560.5],[248.5,561.5],[247.76,561.5]]],[[[252.76,568.76],[251.76,569],[252.26,568],[252.76,568.76]]],[[[253.5,569.26],[252.76,569.76],[252.5,569],[253.26,569],[254,568],[254.26,569],[253.5,569.26]]],[[[255.76,275.5],[255.76,276],[254.26,275.76],[254.5,275.26],[256,275],[255.76,275.5]]],[[[256.26,292.5],[255.26,292.76],[255.26,292],[256.26,292.5]]],[[[257,293],[257,293.76],[256.26,293.76],[257,293]]],[[[254.5,294.76],[254.26,293.26],[255.76,293.76],[255.26,294.76],[254.5,294.76]]],[[[255.5,296.26],[255.5,295.76],[256.5,295.5],[256.5,296.26],[255.5,296.26]]],[[[256,299],[256.26,299.76],[255,299.76],[256,299]]],[[[254.76,303],[254.76,302.5],[256,301.5],[256.26,303.26],[254.76,303]]],[[[257.5,303.76],[256.5,304],[256.76,303.26],[257.5,303],[257.5,303.76]]],[[[255.26,564.26],[256,563.76],[256,564.5],[255.26,564.26]]],[[[257,567.76],[255.76,567.76],[256.5,567],[258.26,567],[258,567.5],[257,567.76]]],[[[258.26,567.76],[259.26,567.5],[259.26,568],[258.26,567.76]]],[[[263.26,284.5],[262.26,285],[262.26,284.26],[263.26,284],[263.26,284.5]]],[[[264,285.26],[263.26,285],[264.76,284.5],[264,285.26]]],[[[260.5,299.76],[260,298.26],[261.26,298.26],[261.5,299.26],[260.5,299.76]]],[[[261,314.26],[260.26,313.76],[260.5,313],[262.26,314.26],[262.5,315],[261.5,315],[261,314.26]]],[[[271,272.26],[270.76,271.5],[271.76,271.76],[271.76,272.5],[271,272.26]]],[[[273.26,275],[273.76,273.5],[274.5,274],[277.26,274],[277.5,274.5],[275.76,275],[275.26,276.26],[274.26,276.26],[273.26,277.26],[273.26,275]]],[[[265.26,307.5],[265.76,306.76],[266.5,307.26],[266.76,308.5],[265.76,308.5],[265,308],[265.26,307.5]]],[[[265,577.76],[265,576.5],[266.5,576],[266.76,578.26],[267.26,578.26],[268,579.26],[269.76,579.76],[270,580.5],[268,580.76],[267.76,580],[267.26,580.5],[266,580.5],[265.5,580],[265.5,578.5],[265,577.76]]],[[[275,578.26],[274,578.26],[273.76,577.26],[274.5,577.26],[275,578.26]]],[[[292,305.76],[292,306.26],[291,305.5],[292,305.76]]],[[[291.5,307.5],[290,306.76],[290,306],[290.76,305.76],[291.26,306.5],[292,306.5],[291.5,307.5]]],[[[314,250.76],[313.26,251],[311.26,251],[312.26,250],[313.76,249.76],[314,250.76]]],[[[308.26,293],[308.26,292.5],[309.26,292.5],[309.5,292],[310.5,292],[309.76,293.26],[308.26,293]]],[[[316,250.5],[316,250.76],[318.26,250.76],[318.76,250],[320,250],[320.5,250.76],[322,250.76],[321.26,252.26],[319.26,252.26],[318.76,253.26],[317.5,253.5],[315,253.26],[313.5,252.26],[313.76,251.5],[314.76,251.26],[315,250.5],[316,250.5]]],[[[315.5,254.5],[314.5,254.76],[314.5,254.26],[316,254],[315.5,254.5]]],[[[389.26,465.76],[388,464.76],[388,464],[390.76,464],[391.26,464.26],[391.5,465.5],[391,466.76],[390,466.5],[389.26,465.76]]],[[[389,467.5],[389.5,468],[388.26,467.76],[388,467],[388.76,466.76],[389,467.5]]],[[[385,469.26],[384.26,468.5],[384.26,467.76],[385,467.76],[386,468.5],[386,469.26],[385.26,469.76],[385,469.26]]],[[[390.26,500.26],[389.26,500.76],[389.26,500],[390.26,499.76],[390.26,500.26]]],[[[388,513.76],[388.5,514.26],[387.26,514],[388,513.76]]],[[[373.5,530.76],[373.76,531.5],[373,531.5],[373.5,530.76]]],[[[370.26,539],[369.76,539.5],[369.76,538.5],[370.26,539]]],[[[371,544],[371.76,544],[371.76,544.76],[370.76,544.76],[371,544]]],[[[373,546.5],[373.76,546.76],[373.5,547.26],[372.5,547.26],[372.5,546.26],[373,546.5]]],[[[374,547],[374,546.5],[375,547],[374,547]]],[[[396.26,490.26],[396.76,488.5],[397.5,489],[397.5,490.26],[396.26,490.26]]],[[[404.26,502.5],[403.5,502.76],[403.5,502],[404.26,502.5]]],[[[399.76,502.5],[399.76,503],[398.5,503],[398.76,502.5],[399.76,502.5]]],[[[405.5,504],[405,503.76],[405.26,502.5],[405.76,503],[405.5,504]]],[[[410.26,505],[410,503.5],[410.76,503.26],[411,504.26],[410.26,505]]],[[[410.5,507.76],[410.5,507.26],[411.5,507.26],[411.26,508.26],[410.5,507.76]]],[[[436.26,512.76],[435,513],[434.76,512.5],[436.26,512.26],[436.26,512.76]]],[[[473.5,487.76],[473.26,488.76],[472.26,488],[472.26,487.26],[473.26,487],[473.5,487.76]]],[[[472,490.5],[471.76,490],[472.76,489.26],[472.5,490.26],[472,490.5]]],[[[470,492.5],[469.5,492.76],[469.76,491.5],[470.5,491.26],[470.5,492.5],[470,492.5]]],[[[472,493],[472.5,492.26],[473,493],[472,493]]],[[[487.26,195.76],[487.76,195],[489.26,194.26],[489.5,196.76],[489,197],[489.5,198.76],[488.5,198.76],[488.26,198.26],[486,198.26],[486,197.26],[486.76,196.76],[487.26,195.76]]],[[[498,222.76],[496.76,222.5],[497.5,221.5],[498.26,222],[498,222.76]]],[[[482.76,260.5],[481.76,260.5],[482,259.76],[482.76,259.76],[482.76,260.5]]],[[[479.76,262.76],[480,261.76],[480.76,261],[482.5,261.26],[483.26,262.76],[482.26,263],[481.26,264.5],[478.5,265],[478.76,263],[479.76,262.76]]],[[[486,372],[486,371.5],[487,371.76],[486.5,372.76],[485.76,372.5],[486,372]]],[[[487.26,379.5],[488.26,379.26],[488.26,379.76],[487.26,379.5]]],[[[487,380],[486.5,380.5],[486.26,379.76],[487,380]]],[[[489,381],[488,381],[487.76,380.26],[488.5,380.26],[489,381]]],[[[473.5,462],[473.76,461],[474.5,460.5],[474.76,461.76],[474,462.26],[473.5,462]]],[[[474.5,487.26],[474.5,488],[473.76,488],[474.5,487.26]]],[[[474.5,489.76],[475.26,489.76],[475.26,489],[476,489],[477,490],[476.5,491],[475.26,491.5],[474.76,492.76],[473.76,492.76],[473.26,491.76],[472.5,491.76],[472.5,490.76],[473.5,490.5],[473.76,489.76],[474.5,489.76]]],[[[478,490.76],[477,491.26],[477.5,490.26],[478,490.76]]],[[[497.5,185.26],[497.5,185],[499.26,185],[500.26,183.76],[500.76,184.76],[501.5,184.76],[501.76,186.5],[502.5,187],[503,188],[503.76,188],[504,189],[504.5,189.26],[504.5,190.26],[505,190.5],[504.76,191.26],[504.76,193.76],[504.5,195],[503.5,195.26],[503.5,197.26],[502.76,197.5],[502,196.5],[500.76,196.5],[499.76,195.5],[499,195.5],[499,194.26],[497.5,194],[496.5,193],[494.76,192.76],[495.26,191.5],[496.76,191],[497,188.26],[496.5,188],[496.76,186.5],[497.5,185.26]]],[[[505.5,207.5],[504.5,207.76],[504.26,206],[505,206],[505,207],[505.5,207.5]]],[[[502.26,207.76],[502.5,206.76],[503.5,206.26],[503.26,207.76],[502.26,207.76]]],[[[504,209.76],[503.76,208.76],[504.5,209],[507.26,209],[508.5,208.5],[510,209.5],[511,209.5],[512,210],[512,211.5],[514.5,212.5],[514.5,213.5],[516.26,213.76],[516.26,214.76],[515.76,215],[516.26,216.5],[515.26,217],[515,218.26],[516.26,218.5],[516.76,219.5],[516,220],[516.5,221.5],[516.76,220.5],[517.76,219.26],[517.76,217.5],[518.26,216.5],[519.26,215.76],[518,213.76],[517,211.76],[517.5,211.76],[518,209.26],[518.5,209],[518,207.26],[516.76,206.76],[516.76,205.5],[515.76,204.76],[515.76,204],[516.76,203.26],[516.76,202.26],[517.76,201.76],[517.76,198.76],[519,198],[518.26,196.76],[517.76,196.76],[517.76,195.26],[516.76,194.76],[516.5,193.76],[517.5,193.5],[517.5,192.5],[515.76,191.76],[515.76,190.76],[516.76,190.5],[516.76,190],[518,189.76],[517.76,188],[519.5,187.5],[521.26,185.5],[522.5,185.5],[524,187.76],[525,188],[525.26,188.5],[526.5,189],[526.76,190.26],[526.26,191],[527.76,192],[528,192.76],[528.76,193],[529,194.5],[528,195],[528.26,195.76],[529.26,197],[530.76,197.5],[530.76,199.26],[531.76,199.26],[531.26,200.76],[532.26,202.26],[533.26,203],[534.76,203.5],[535.76,203.5],[536.76,204.26],[538.26,204.76],[538,205.76],[536,205.76],[537.26,206.26],[536.76,206.76],[537,208],[536.26,208.5],[536.26,210.76],[537.5,211],[537.5,212],[536.76,212],[536.5,212.76],[535.76,212.76],[535.76,215.26],[536.76,215.76],[536.5,216.76],[535,217],[534.76,218],[533.76,218.5],[533.5,218],[532.76,219],[531.76,219.76],[531.76,220.26],[530.76,220.5],[530.76,221.26],[532.76,221.26],[532.76,221.76],[534.76,221.76],[534.76,222],[536.76,222],[537.26,222.5],[537.5,224],[539,224.26],[539.5,225.76],[538.76,226],[538.76,227],[539.26,227.26],[542,227.26],[541.5,228.26],[541.5,230],[542,230.76],[541.26,231.26],[541.5,233],[542.5,233],[542.5,235.76],[542.76,237],[541.5,237.76],[541.5,238.76],[542.5,239.26],[542.5,241.5],[541.26,241.26],[540.76,241.76],[536.76,241.76],[535.76,242.26],[535.76,244.26],[534.76,244.76],[534.76,247.26],[533.5,249],[532.26,248.5],[531,249.76],[530.26,249.76],[529.5,250.5],[527.5,250.5],[526.76,251.5],[525.76,251.26],[523.76,251.26],[523.76,250.5],[522.5,250],[522,251],[521.76,253.5],[522.26,253.5],[521.76,254.5],[519.76,255],[518.76,255.76],[518.76,255.26],[517.26,254.76],[517.26,253.5],[516.76,253.26],[516.76,252],[517.5,251.5],[517,250],[517.76,249.5],[517.76,248.5],[518.26,248.26],[518.26,246.26],[517.5,245.26],[517,245.26],[517.26,243.76],[516.76,243],[516.76,241.76],[516.26,241.76],[515.5,240.5],[514.5,240.5],[514,239.26],[514,237.5],[512.26,237.26],[512.5,236.76],[511,234.76],[510.26,234.76],[508.76,234],[505.26,234.5],[504.76,234],[504.76,232.76],[504.26,232],[503.26,232],[503,231.26],[502.26,230.76],[502.76,229.76],[502.76,228.76],[502.26,228.26],[502.26,226.26],[502.76,225.26],[501.26,224.5],[501.26,223.26],[500.5,222.5],[499,222.5],[498.76,220.76],[500,220],[500.26,218.76],[499.5,218.5],[499.5,215.76],[498.76,215.5],[498.5,214.76],[499.26,214.5],[500.5,213.5],[501.26,211.26],[501.76,211],[503.5,211],[504,210.76],[504,209.76]]],[[[502.76,368.76],[503.5,369],[503.26,369.5],[502.76,368.76]]],[[[504.26,370.5],[505.5,370],[504.76,371.26],[503.76,371.26],[504.26,370.5]]],[[[508.76,427.26],[508.76,428],[507.26,428],[507.26,427.26],[509,426.5],[508.76,427.26]]],[[[506.5,428.26],[506,427.76],[506.76,427.5],[506.5,428.26]]],[[[505,431.5],[504.76,431.26],[505.76,430.5],[506.5,431],[506.26,431.76],[505,431.5]]],[[[508.26,436.26],[508.26,436.76],[507.26,437],[507.76,436],[508.26,436.26]]],[[[507.5,438.5],[508.76,438.26],[508.76,438.76],[507.5,438.5]]],[[[507.76,167],[508.5,167],[509.26,165.26],[510,165.26],[511,166],[511.5,167.5],[512.5,167.5],[512.5,168.26],[513.5,169.26],[513.5,170.5],[512.76,170.5],[512.5,171.26],[514,172],[514,173],[513.26,173],[513.26,175.26],[512.5,175.76],[510.5,175.76],[510,173],[509.5,172.76],[509.5,170],[508.5,169.26],[509,168.26],[508,167.76],[507.76,167]]],[[[515.76,279.76],[516.76,279.76],[517.76,281.26],[518.76,281.26],[518.76,282.26],[518.26,283.26],[516.76,283.76],[515.76,283],[516.26,282.26],[516.26,281.26],[515.76,281],[515.76,279.76]]],[[[517.76,284.76],[517,285.26],[517,284.26],[518,284.26],[517.76,284.76]]],[[[510.76,360.5],[511,359.76],[512,359.76],[513.5,360.5],[512.76,361],[512.5,361.76],[511.5,361.76],[511.5,362.26],[510.26,361.5],[510.76,360.5]]],[[[509.26,362.76],[510,362.5],[509.76,363.26],[509.26,362.76]]],[[[509.76,427.26],[509.5,426.76],[510.26,426.5],[509.76,427.26]]],[[[510.76,434.5],[510,435],[509,434.76],[509.5,434.26],[510.76,434.5]]],[[[510,435.26],[510,435.76],[509,436],[509,435.26],[510,435.26]]],[[[510.26,436.76],[510,436],[511.26,435.76],[511.26,436.5],[510.26,436.76]]],[[[509,436.76],[509,437.76],[508.26,437.76],[508.26,437],[509,436.76]]],[[[509.76,446],[509.26,446],[509.26,444.5],[510.26,445],[510.26,446],[509.76,446]]],[[[511.5,445.76],[511.76,445.26],[514.26,445.76],[513,447.5],[512.26,447.5],[511.5,446.76],[511.5,445.76]]],[[[517.5,448],[517.5,448.76],[516.76,448.76],[516.76,447.5],[517.5,448]]],[[[526.26,187.76],[525.26,186.5],[527.26,186.26],[527.26,188.26],[526.26,188.26],[526.26,187.76]]],[[[527.5,338.5],[526.76,338],[527.76,337.5],[527.5,338.5]]],[[[523.26,343.76],[523,342],[524.26,342.5],[524.5,343.26],[523.26,343.76]]],[[[537.5,221.5],[537,221.26],[537.5,220.26],[538.5,220.5],[538.26,221.26],[537.5,221.5]]],[[[535.5,248.5],[535,248.26],[535,247.26],[536,247.26],[536.26,248.26],[535.5,248.5]]],[[[536.76,356.76],[537,357.5],[536.26,357],[536.76,356.76]]],[[[537.26,358],[538.26,357.26],[538.5,358.26],[537.5,358.76],[537.26,358]]],[[[538,362.26],[537.26,362],[537.26,360.5],[538.5,361],[538.76,362.5],[538,362.26]]],[[[544.5,189.5],[545,188.26],[546.26,188],[546.5,188.76],[547.26,188.76],[547.5,189.5],[548.76,190.5],[548.76,193.5],[550.5,194.5],[550.76,195.5],[551.26,195.5],[552.26,196.76],[553.5,197.26],[554.76,197.26],[554.5,198],[553.76,198],[554.26,199],[553.5,201.5],[555,202.76],[555,203.5],[556,204],[555.76,205.76],[556.5,206.26],[557.5,206],[558,206.5],[558.5,208],[559,207.76],[558.76,209.26],[559,212.26],[560.26,213.5],[560.5,214.26],[559.26,214.26],[558.76,214.76],[557.5,214.76],[556.76,215.76],[556.76,218.26],[555.26,218.26],[554.5,219],[554,220.26],[552.5,220.26],[551.5,219.5],[550.5,219.5],[549.5,219],[547.5,219],[547.76,217.5],[546.76,217.26],[546.76,216.26],[547.5,216.26],[548,215],[547.26,214.5],[547.26,213.26],[548,213.26],[548,212.5],[545.76,210.76],[545.5,209.76],[544.76,210],[544.26,209.26],[544.5,207.76],[545.26,207.5],[545.26,206.5],[545.76,205.76],[545,205.26],[545,203.26],[546,203.26],[546.26,202.5],[545.26,202],[543,201.76],[542.26,201.26],[542.26,198.26],[543,198.26],[543.26,199],[544.76,199],[545,198.26],[545.76,198.26],[546.5,199],[546.5,197.5],[545.76,197],[545,195.5],[545,194.5],[544.26,194.26],[544.26,193],[544.76,192.76],[544.76,191.5],[544,191.5],[543.26,190.76],[544.5,189.5]]],[[[540.5,199.5],[539.76,199],[539.76,197.76],[540.5,198.26],[540.5,199.5]]],[[[544.26,206.26],[543.26,206.26],[543.5,204.26],[544,204.26],[544.5,205.26],[544.26,206.26]]],[[[538.76,223.26],[539,222.26],[539.76,221.76],[539.76,223.26],[538.76,223.26]]],[[[546.26,225],[547.76,225.26],[547.76,226],[548.5,226],[548.76,226.76],[551,226.76],[551,228],[550.5,228.5],[551.26,229.5],[552,229.5],[552,230.76],[551.26,231],[549.26,232.76],[548.26,234.5],[547.26,234.5],[546.76,233.76],[546,233.76],[546,233],[546.76,232.26],[546.76,231],[547.26,230.5],[547.26,229.5],[546.26,228],[545.26,227.76],[545,227.26],[544.76,225],[546.26,225]]],[[[544.26,240.5],[543.5,240],[543.5,239],[544,238.76],[544.26,239.76],[544.76,239.76],[544.76,240.76],[544.26,240.5]]],[[[552,239],[551.5,239.5],[549.5,239.5],[548.5,239.76],[548,239.26],[549.76,237.76],[549.5,236],[550,235.76],[552.26,236],[552.76,235.5],[552.76,238.76],[552,239]]],[[[548,286],[547,286.26],[547.5,285],[548.26,285.26],[548,286]]],[[[549.5,285.5],[549,285.5],[549.5,283.26],[550.26,283.76],[550.26,285.26],[549.5,285.5]]],[[[548.26,287.76],[547.76,288.5],[547.76,287.5],[548.26,287.76]]],[[[548,289],[546.5,289],[546.76,288.5],[548,289]]],[[[548.76,293.5],[547.76,293],[548,292.26],[548.76,292.26],[548.76,293.5]]],[[[549.5,295.26],[549.26,294.5],[550.5,295],[550.5,295.76],[549.5,295.26]]],[[[549,315.5],[549.76,315],[550,315.76],[549,315.5]]],[[[548.26,316],[547.76,316.26],[547.5,315.5],[548.76,315.26],[548.26,316]]],[[[547.26,319],[546.26,319.5],[546.76,318.5],[547.26,319]]],[[[549,319.26],[548.26,319.76],[548.26,319],[549,319.26]]],[[[547.76,319.76],[547,320.26],[547.26,319.5],[547.76,319.76]]],[[[545.76,320.5],[545,321],[545.26,320],[545.76,320.5]]],[[[546.5,320],[546.76,321],[546,321],[546.5,320]]],[[[544.26,321.26],[545,322],[544,322],[544.26,321.26]]],[[[546.5,326.76],[545.5,326.5],[545.76,325.76],[546.5,326.76]]],[[[544,326],[545,326],[544.76,327],[544,326.76],[544,326]]],[[[541.76,335.26],[542.26,336],[541.26,335.76],[541.76,335.26]]],[[[541,338.76],[541.26,337.26],[542,337.5],[541.76,339.76],[541.26,339.76],[541,338.76]]],[[[544.76,337.5],[543.76,337.76],[543.76,337.26],[544.76,337.5]]],[[[542.5,340],[542.26,338.76],[543,338.76],[543,339.76],[542.5,340]]],[[[538.76,356],[538.76,355.26],[539.5,355.26],[538.76,356]]],[[[538.5,356.76],[539.76,356.76],[540,357.5],[538.76,357.5],[538.5,356.76]]],[[[539,361.26],[538,360.26],[538,359.76],[539.5,360.26],[539.5,361.5],[539,361.26]]],[[[538.26,364.76],[538.26,363.76],[539.5,364],[538.26,364.76]]],[[[539,366.5],[538.5,365.26],[539,365],[539,366.5]]],[[[551.76,191.26],[550,191.5],[550.5,190.5],[551.5,190.76],[551.76,191.26]]],[[[551.5,193.76],[551.26,192.5],[552.76,192],[554,192],[554.5,193.5],[555.26,193.5],[555.26,195],[556,196],[556,198.26],[555.26,198.26],[555.26,196.5],[554.5,196.26],[554.26,195.5],[552.5,195.5],[551.5,194.5],[551.5,193.76]]],[[[550.76,285.76],[550.76,286.5],[549.76,286.76],[549.76,286],[550.76,285.76]]],[[[551.76,287.5],[551.26,287.76],[551.26,286.76],[551.76,286.5],[551.76,287.5]]],[[[552,291.5],[551,291],[551.76,290],[552.5,290],[552.5,291.26],[552,291.5]]],[[[549.76,293],[550.26,292.26],[550.26,293.76],[549.5,294],[549.76,293]]],[[[552.5,295],[552.76,294],[554.26,293.5],[553.26,295.76],[552.5,295]]],[[[551.26,296.5],[550.76,296.5],[551,295],[551.5,295],[551.26,296.5]]],[[[552.26,295.76],[553,296.26],[552.5,297.26],[551.76,297],[552.26,295.76]]],[[[552.26,302.5],[551.26,302.76],[551.76,301.76],[552.26,302.5]]],[[[553.76,303.5],[553,303.5],[553,302.76],[554.5,302.5],[554.26,303.5],[553.76,303.5]]],[[[553,304],[552.5,304.76],[551.76,303.76],[553,304]]],[[[551.76,306.5],[552,307],[550.76,307],[550.76,306],[551.26,305.76],[551.76,306.5]]],[[[549.5,307.76],[549.76,307],[550.5,307.26],[550.5,308.5],[549.5,307.76]]],[[[550,311],[550.5,311.76],[549.76,311.76],[550,311]]],[[[553.76,315.26],[553,315.26],[553.76,314.5],[553.76,315.26]]],[[[551,316.26],[550.26,315.76],[550.26,315],[551,315.26],[551,316.26]]]]},"properties":{"id":"k32","key":"k_the_north","name":"The North","counties":170,"color":"#e3e6db","owner":null,"ownerCountryId":null,"notes":""},"id":"k32"},
{"type":"Feature","geometry":{"type":"MultiPolygon","coordinates":[[[[260.76,1013.26],[260.26,1013.5],[260.26,1014.5],[259.76,1015.5],[258.5,1016],[258.26,1017],[257,1017],[256.26,1017.76],[256.26,1019.26],[254.76,1019.76],[254.5,1020.5],[252.76,1020.26],[252.76,1020.76],[250.76,1022.26],[251.76,1023.76],[251,1024.76],[249.76,1024.76],[249.76,1025.5],[249,1026],[247.26,1026],[247.26,1025.76],[245.5,1025.76],[245,1026.5],[241.5,1026.5],[240.5,1027.26],[239.76,1027.26],[239.26,1028.5],[237.76,1028.5],[237.5,1027.26],[236,1027.5],[236.5,1028.26],[236,1029.76],[235,1030.5],[235,1031],[236,1030.76],[236,1031.26],[234.5,1032],[233.5,1033.26],[230.76,1033.5],[231,1034.76],[229.26,1035.26],[228.26,1036.26],[226.76,1036.26],[226.26,1037.5],[225.26,1038.26],[224.26,1038.26],[224,1039.26],[223,1038.76],[221.26,1038.76],[220.5,1039.5],[219.5,1039.26],[219.26,1038.76],[217,1039.76],[216,1039],[215,1039.26],[213.5,1039],[210.5,1039],[209.76,1039.26],[209,1040.5],[207.26,1040.5],[206.26,1040.26],[205.26,1041],[204.76,1042],[203.5,1042.76],[202,1043],[202.26,1041],[201.26,1041],[201,1040.26],[200.26,1039.76],[199.26,1039.76],[199.26,1039],[200,1038.5],[200,1037],[199.5,1036.26],[200.26,1036.26],[200.26,1034.76],[199.76,1033.26],[200,1032.76],[200.26,1030.5],[198.76,1029.5],[198,1031.26],[197,1031.26],[196.5,1030.5],[196.5,1029.5],[195.5,1029],[195,1028.26],[195.26,1027.5],[196,1027.5],[196.26,1028.5],[197.26,1028.5],[197.5,1027.5],[199.5,1027.5],[199.76,1027.26],[199.26,1025.5],[198.5,1025.26],[198,1026.26],[196.76,1026],[196.76,1024.76],[196,1023.76],[195,1023.76],[194.5,1024.26],[193.5,1024],[193.5,1022.76],[194.26,1022.76],[194.26,1021.76],[193.5,1020.76],[192.5,1020.76],[189.5,1019.76],[189.5,1019],[188.5,1018.5],[187.5,1018.76],[187.5,1019.26],[185.76,1018.76],[185.76,1017],[182.76,1016.76],[183,1014.76],[182.5,1014],[181.76,1014],[180.76,1014.76],[180.5,1015.76],[179.5,1015.76],[179.26,1015],[179.26,1013.26],[178.5,1012],[180,1011.5],[180,1009.76],[179.5,1009.76],[179.5,1008.26],[180,1008.26],[180,1007.26],[179,1007],[178.76,1005.76],[177,1005.76],[176.5,1005.5],[176.5,1003.76],[176,1003.5],[174,1003.5],[174,1002.26],[175.5,1002.26],[177,1001.26],[179,1001.26],[179,1000.76],[180,1000.5],[181,999.26],[182,999.26],[182.76,998.76],[182.76,995.76],[185,995.76],[185.26,995.26],[186.5,995.26],[186.76,996.26],[188.26,995.5],[189.26,994],[190.76,994],[191.5,992.76],[191.26,991.26],[191.76,991.26],[192,989.26],[192.76,988.76],[193.76,988.76],[195,987.26],[195.5,987.26],[195.26,985.5],[195.76,985],[195.76,983],[195.5,982.26],[196.76,982.26],[197.26,981],[197.26,979.26],[197.76,979.26],[197.76,978.26],[198.5,978],[199,977],[200.5,977],[200.76,975.76],[202,975.76],[202.76,973.76],[202.76,972.5],[204.26,971.76],[205.26,971.76],[205,971.26],[204,971.26],[203.76,970.5],[203,970],[203,971.5],[202,972.26],[200.76,972.5],[200.26,973],[198.76,973.5],[198,975.76],[197,977],[195.76,977.26],[195.76,978.26],[194.26,979.26],[194.26,979.76],[193,979.76],[192.5,980.76],[191.76,980.76],[192,981.5],[191.26,982],[191,982.76],[189,982.76],[188.5,983],[188.5,984.5],[186,985.5],[185.76,986.76],[186.26,987],[186,987.76],[184,987.76],[183.5,988],[183.76,988.76],[183,989],[180.26,989],[179.5,990],[176.5,990],[176.5,989.26],[175.5,989.26],[174.26,989.76],[173.76,991],[174.26,991.76],[171.76,992.26],[171.5,991.76],[170.26,991.76],[170.26,992.76],[167.26,993.76],[167.26,992.26],[167.76,991.5],[166.5,991],[165.5,991.26],[164.76,990.76],[164.76,990],[165.5,989.5],[164.76,988.26],[163.5,988],[163.26,989],[162.5,988.76],[162.5,989.5],[161.5,989.5],[161,990],[159.76,989.76],[159.26,988.5],[158,988.5],[157.76,987.5],[158.5,986.76],[159.5,986.76],[159.5,985.76],[160.5,984.76],[161.26,984.5],[161.5,983.26],[160.76,982.76],[161.5,981.26],[162.5,981],[162.5,979.76],[163.76,979.26],[163.76,978],[162.76,977.76],[162.26,976.5],[160.26,976.26],[159.5,975.5],[160.5,975.5],[160.76,974.26],[162,973.5],[161.5,972.76],[160.26,972.5],[160,971.26],[158.26,971.5],[158.26,969.76],[157.5,968.76],[156,968.5],[155.76,967.76],[154.76,967],[154.76,965.76],[154.26,965],[153.26,964.5],[153.26,963.76],[154.26,963],[155,963.5],[155.76,963],[156,962],[156,959],[158,958.76],[158.76,957.76],[159.26,958],[162.5,958],[162.5,957.26],[160.5,957],[159.76,956],[159.26,954.5],[158.76,954.26],[158.76,952.76],[158,952.5],[157.76,953],[156.76,952.76],[157,951],[155.26,950.26],[155.76,949.5],[157,949.26],[157.76,948.76],[157.76,947.5],[159,947.5],[159.5,946.76],[160.5,946.76],[161.5,945.5],[162.26,945.5],[162,943.5],[163.76,942.5],[163.5,941.5],[164.26,941],[166,940.76],[166.5,939.76],[167.26,939.76],[167.26,937.26],[167,936.76],[169,936.76],[169.5,936],[168.76,935.5],[168.76,934.76],[170.26,934.76],[170.26,932.26],[171.26,932],[171.26,932.5],[172.26,933.5],[173.76,933.76],[174.26,934.76],[175,935],[176.76,935],[178.5,934.26],[178.5,935.26],[179.76,934.76],[183.5,934],[184.76,932.76],[186.76,933],[187.26,932.5],[186.76,931],[187.5,931],[188.5,929.26],[186.76,929],[186.76,926.5],[186.5,926.26],[184.5,926.26],[184.26,925.26],[185,924.76],[184,923.76],[185,924],[186.76,924],[187.5,923.76],[188.5,922.26],[189.76,921.76],[189.76,920.76],[192,920.5],[192.5,920],[192.26,918.5],[191.5,918.26],[191.26,916.5],[192.5,916.5],[193,915.5],[192.5,914.5],[192.76,913.5],[193.76,913.5],[195,912.76],[195,911.76],[195.5,910.76],[196.5,910],[197.76,910],[198,909.26],[197,909.26],[195.76,909.76],[195.76,908.76],[196.5,907.76],[198.26,907.76],[200.26,907],[200.76,906.26],[201.5,906.76],[202.5,906.5],[203.5,905.5],[204.26,905.5],[204.76,906.26],[203.76,907.26],[203.76,908.76],[205,909],[205.26,910.76],[206.76,911],[207,911.5],[208.76,911.5],[209.5,911.76],[210,913.76],[211,913.76],[211.5,912.76],[212.26,912.76],[213,914],[214.5,914.26],[214.5,916],[215.5,916],[216,915.5],[217.5,915.5],[217.76,916.5],[219.5,917.26],[219.5,918.26],[220.26,919.26],[221.76,919.5],[224.5,921.26],[226,921.26],[226.5,922],[228.26,922],[228.26,922.26],[234.5,922.26],[235,922.76],[236.5,922.76],[237.26,922.26],[238.5,922.26],[239.26,921.26],[240,921.26],[241.76,919.76],[242.5,919.76],[242.76,918.76],[244,917.5],[246.76,917.5],[247.5,916.5],[248.5,916],[248.5,914.5],[249.26,914.5],[250.26,913.76],[251.26,913.5],[251,912.76],[251.5,911],[252.26,910.5],[253.26,908.76],[254.26,907.76],[254.5,906.76],[255.26,906.26],[255.5,905.26],[256.76,905],[257.26,904],[258,904],[258,903.26],[258.76,903],[259.26,902],[262,902],[262,901.76],[264,901.76],[265.5,901],[269,898.26],[269.76,897],[270.76,896.76],[271,896.26],[272.26,896.5],[273.76,895.26],[276.5,893.26],[277.76,893.26],[278.26,892.76],[280,892.5],[280.76,891.5],[282.26,891],[284.26,891],[284.76,891.5],[289,891.5],[290,890.76],[291.26,890.5],[292,889.5],[292,886.76],[292.76,885.76],[294.5,885],[294.76,883],[296.76,880.76],[297.26,880.76],[297.76,879.76],[298.5,879.5],[298.5,878.26],[299.5,877.76],[299.5,877],[300.26,876.76],[300.76,876],[302,876],[302.5,875.26],[304,874.5],[305,873.26],[307.26,873.26],[309.26,872.5],[312.26,870.26],[313.26,868.5],[315,868.26],[316,867.26],[316.76,867.26],[319,865.76],[319.76,864.5],[320.76,864.5],[321.26,864],[321.26,862],[321,862],[321.26,859.5],[321.76,859],[321.76,858],[322.26,857.76],[322.26,856],[324.26,854.26],[324.26,853],[326,852.76],[326.76,852],[327,851],[327.5,850.76],[327.5,849.76],[328.5,849.5],[328.76,849],[331.5,847],[331.5,846.26],[332.5,846],[332.76,844],[333.26,843.76],[333.26,842.26],[332.5,841.26],[331.76,841.26],[331.5,839.5],[331,839.5],[331.26,841.76],[332,842.26],[332,844],[331.76,844],[331.26,845.76],[330.5,846.76],[329.5,847.26],[329.26,848],[328.5,848],[328,848.76],[327,849],[326.5,850.5],[325.76,851.76],[323.5,851.76],[323.26,853.5],[322.76,854.76],[321.76,855],[321.76,857],[320.76,858.5],[320.76,860.5],[320.26,861],[320.5,863],[320,863.5],[318.5,863.76],[317.26,865.26],[316.26,865.26],[315,867],[314,867.76],[313,867.76],[312,868.26],[311.26,869.26],[311.26,870.26],[310.26,871.26],[309.26,871.26],[309,871.76],[307,872.76],[304.5,872.76],[303.76,873],[303.5,874],[302.5,874],[302.5,874.76],[300.76,875.26],[300,876],[299.26,876],[298.76,877],[297.76,877.76],[297.76,879.26],[297.26,879.26],[296,880.76],[294.76,881.5],[294.76,882.26],[293.76,882.76],[293.26,883.5],[293,884.76],[291.5,886.26],[291.26,888.76],[290.26,889.26],[289.76,890],[288,890.76],[285,890.76],[284.26,890.26],[282.5,890.26],[281,890.5],[280,891.5],[277.5,892],[277.26,892.5],[276.26,892.5],[274.5,894.26],[273.26,894.5],[272.76,895.26],[270,895.26],[269.76,896],[266.76,899.26],[266,899.26],[264,901],[262.26,901],[262.26,900.76],[259.76,900.76],[259,901],[258,902.5],[257,902.5],[256.26,903.76],[255.26,904.5],[254.26,905.76],[254,906.76],[253.26,907.26],[253.26,908],[251.76,909.26],[251.76,909.76],[250.26,911.5],[250.26,913.26],[249.5,913.76],[248.5,913.76],[247.76,914.5],[247.76,915.26],[246.26,916.76],[243.76,916.76],[243,917],[242.5,918],[241.76,918.5],[241.76,919.26],[240,919.76],[239.76,920.5],[237.5,921.26],[237,921.76],[235.26,921.76],[235,921.26],[227.5,921.26],[227.26,920.5],[225,920.5],[224.76,920],[223,919.5],[222.76,918.5],[222.26,918.5],[222.76,917.5],[221,916.5],[220.76,915.76],[219.5,915.76],[219,915.26],[219,913],[218.5,912.5],[217.5,912.5],[217.26,912],[215.76,911.5],[214.76,911.5],[215.26,910],[214.5,909.5],[214.26,908.76],[212.76,908.76],[212.76,908],[211.76,908],[211.76,906.26],[210.5,905.76],[210,906.26],[209,906.26],[208.76,905.5],[207.5,905.76],[207.26,904],[205.26,903.76],[204.76,903],[205.76,902.5],[206.26,901],[205.5,901],[206,900],[207,899.76],[207,899.26],[206,899.26],[205,898.26],[203,898.5],[203,897.26],[202.5,896.5],[203.26,896],[204.76,896.26],[207,896.26],[207.5,895.5],[208.76,895.5],[208.5,896.26],[210.26,896.26],[210.5,895.26],[211.76,896],[213,896.26],[214.76,896.26],[214.26,896],[214.5,895.26],[216.26,895],[217,894.26],[218.5,894.5],[219.5,895],[219.5,895.76],[220.5,896],[220.76,895.5],[222.26,895.76],[222.26,896.26],[224.26,896],[225,895.26],[224.26,894.26],[223.26,893.76],[222.26,893.76],[222.26,893.26],[224.5,893],[223.76,892.26],[224,891.5],[225.5,892],[226.76,891.5],[226.5,892.26],[226.5,894.5],[226.76,894.76],[228.5,894.26],[229.26,894.76],[229.26,893.76],[229.76,893.76],[229.26,892.26],[231.76,892.26],[232.26,891.26],[233.5,891.26],[234.5,889.76],[233.5,889.76],[233,890.5],[231.5,890.5],[230.5,890],[230,890.76],[228.5,890.5],[226.26,890.5],[226.26,889.5],[224.5,889.5],[224.26,887.76],[221.76,887.76],[221.26,887.5],[221.5,886.5],[220.76,886.5],[220.5,885.76],[219,885.5],[219,886],[217.5,886],[217.26,885],[216.5,884.5],[214,884.76],[214,883.5],[214.5,883.26],[214.5,882],[213.76,881],[214.76,881],[215.26,879.76],[216.5,879.5],[216.26,878],[217.5,878.26],[219.5,878],[219.26,876.26],[218.5,876],[218.76,875.26],[219.5,875.26],[219.5,872.76],[218.5,873],[218.5,874],[217.5,875],[216.5,875],[216.26,876.76],[214.76,877.26],[213.26,877],[210.26,877],[209.76,877.76],[207.76,878],[207.26,878.76],[205.76,879],[205.26,878.26],[205.26,877],[203.5,875.5],[201.5,875.26],[201.26,875.76],[200.26,875.76],[200,876.26],[198.76,876.26],[198.76,875.26],[197.26,873],[194.26,873],[193.76,872.5],[193.76,871.5],[194.26,870.76],[195.26,870.5],[196,869.5],[195.26,869],[195.26,868.26],[194.26,867.5],[192.76,867.76],[191,867.76],[190.5,867.26],[189,867.76],[188.5,867],[187.76,867.26],[185.76,867],[185.76,865.26],[183.76,865.76],[183.26,865],[183.26,863.26],[182.76,863],[183,861.26],[182.26,861],[182.76,860.5],[182.76,859.5],[182.26,859],[180.26,859],[180,858.26],[178.76,857.5],[179,856.5],[179.5,856.26],[181.26,856.5],[181.5,855.5],[180.76,854.76],[180.76,853.5],[181.5,853.26],[181.76,853.76],[183.76,853.76],[183.76,852.76],[182.26,853.26],[182.5,851.76],[180.76,852],[180.76,850.76],[180,850.26],[179,850.76],[178,850.76],[178.26,849.26],[176.5,849.26],[176,848.76],[174,848],[174.26,847.26],[175.5,847],[175.76,846.26],[174,846],[173.26,845],[172.26,845],[171.76,844.5],[172,842.5],[171,843],[170.26,842.5],[168.76,842.26],[168.5,841.5],[169.26,841.26],[169,840.26],[167.76,840],[167.26,839.26],[170.5,839.26],[171.26,839.5],[171,838.76],[171.76,838.26],[174.26,838],[174.5,837.5],[173.76,837],[174,836.26],[175,836.5],[175.5,836],[175.76,834.76],[178.26,834.5],[179.5,833],[178,832.76],[176.76,832],[176,830.5],[175,830.26],[175,827.76],[173.26,827],[173,825.76],[171.26,825.76],[170.5,826.76],[169.26,826.76],[169.5,825.26],[168.26,825.26],[168.26,823.76],[170.26,823.76],[170.26,823.5],[172,823.76],[172.26,824.5],[173.26,824.5],[173.5,823.76],[173,823],[173.76,823],[174.5,824],[176.5,824.26],[176.76,825.26],[177.5,825.5],[178,826.26],[180,826.5],[180.76,827],[181.5,828.76],[183.26,829],[184.26,828.26],[185.26,828.26],[185.76,828.76],[188.76,828.76],[189.76,829.5],[191.5,829],[191.76,828.26],[193.26,828.26],[193.26,827.5],[194.76,827.5],[196.26,829],[196.5,828.5],[197.26,829],[198.5,829.26],[200.76,829.26],[202.5,828],[202.26,827],[205,826.76],[205.5,827.5],[207.76,827.26],[208.5,826.76],[209,827.5],[210.26,827.5],[210.26,826.5],[211,826.5],[211.26,825],[212,824.5],[213.26,824.5],[214,825.76],[215.5,825.5],[217.26,825.76],[217.76,825.26],[218.26,823.76],[219.26,823],[220.76,823],[221,822],[223,822.26],[223.76,820.76],[225.26,820.76],[225.26,819.76],[226.5,819.5],[226.76,818.76],[228,818.5],[228.26,819],[228.26,820.76],[229.26,821.26],[230.5,821.26],[231.5,822],[231.76,821.5],[234,821.26],[234,820.5],[235.76,820.26],[236,820.76],[236.76,820.5],[237,821],[239,820.5],[239.76,818.26],[240.5,817.76],[240.5,817],[241.76,816.26],[241.76,815.26],[242.5,815.26],[243.26,814],[244.5,814],[245.26,813.26],[247.26,813.26],[247.5,811.76],[248.5,811],[248.26,809],[248.76,808.26],[249,808.76],[251.5,809.5],[251.5,810.26],[252.76,810.76],[254.5,810.5],[254.5,809.5],[255,808.76],[255.76,808.5],[256.26,807.76],[257.76,807.76],[258.26,809.26],[259.26,809.5],[263.5,811.5],[263.5,810.76],[264.5,810.5],[265.26,809.76],[268.26,809.5],[268.5,808.76],[269.76,807.26],[271,807.26],[272,806.5],[273.5,806.76],[274,808],[274.76,808.76],[276.5,808.76],[277.5,807.76],[278.5,807.5],[278.5,807],[279.5,806.5],[279.76,805.76],[281.26,806],[282.26,805.5],[282.26,803.26],[281.26,802.26],[281,800.76],[282.26,795.26],[283,795],[285.5,795.26],[285,794.26],[285.26,792.76],[286,793],[286.26,792.5],[289.26,792.5],[290,792],[290,789.5],[291.26,788.5],[291.76,787.26],[294.26,787],[294.26,786.26],[295,786.26],[295,785.5],[295.76,784.76],[296.5,784.76],[296.5,784],[297.26,783.76],[297.26,783],[298.5,782.26],[298.26,780.26],[296.76,780.26],[296,779.5],[296.26,777.5],[296.76,777.5],[296.76,775.26],[298.26,773.5],[298,773],[299.26,772],[301.26,772],[301.5,773.26],[302.26,773.5],[303,774.5],[304.26,772.5],[305.26,771.76],[307.5,772.26],[308,773],[309.76,773.76],[311,773.76],[311,774.26],[312.5,774.5],[312.76,775],[313.76,774.5],[315.76,774.5],[316.5,775.26],[319,775.26],[320.26,775.5],[321,776.5],[322,776.5],[322,776],[323.26,776.5],[324.5,776.26],[326.5,776.26],[327.5,776],[327.5,775.26],[329,775],[329,774.26],[330.76,774.26],[331.5,775.26],[333,775.26],[334.76,776.76],[336.26,776.5],[336.76,777],[338.76,777],[339,776.26],[339.76,776.26],[339.76,777.5],[340.5,778.5],[341.5,777.5],[341.5,776.76],[343.5,776],[343.76,774.5],[345.76,774.5],[346.76,774.76],[347.5,776],[348.26,776.26],[351,776.26],[352,777.5],[353.76,777.26],[354,777.76],[356,778],[356.26,776.26],[356.76,776.26],[357.26,774.76],[358,773.76],[358,772.76],[358.76,772.76],[359.26,772],[360.5,772.26],[360.76,771.76],[361.5,772.26],[364,772.26],[364.5,772.76],[366,772.76],[367.26,773.26],[369.5,774.5],[372.76,774.5],[373.26,776],[374.26,776.5],[375.26,777.76],[375.5,780.26],[375,780.5],[375,782.76],[374.76,784.5],[375,786],[374,786],[373.26,787],[373.26,788.26],[374.26,788.5],[374.26,789.5],[374.76,790],[374.76,792],[376,792.26],[376.76,792.76],[376.76,794],[377.26,794.26],[379.26,794.26],[379.76,794.76],[381,795],[381.76,796.5],[382.5,796.5],[383.26,798.26],[385.5,798.26],[385.76,799],[387.5,799.76],[388.26,799.26],[389.76,801.5],[390.76,802],[390.76,804.5],[392,804.76],[392,805.5],[393.5,805.76],[393.5,806.5],[395,806.76],[395.5,807.76],[397.76,808],[397.5,808.5],[397,808.5],[396.26,810.5],[395.26,811.26],[396,812],[396.26,814],[395.5,816],[394.26,815.76],[393.26,816.26],[393,818.26],[392.5,818.26],[392.26,820],[391.5,819.76],[391.26,820.26],[390.26,820.26],[389.26,821],[388.76,822.5],[388,822.5],[387.76,823.5],[386.26,824.26],[386,824.76],[386,826.76],[387,827.5],[387,829.26],[387.5,829.76],[387.5,830.76],[386.5,831.76],[385.5,832],[384.26,832.76],[384.26,833.76],[383.5,834.5],[381.5,834.76],[381.5,835.76],[382.26,836],[382,836.76],[382.76,837.26],[384,837.5],[384,838.5],[385.26,839],[385.26,839.76],[386,840.5],[386.26,841.5],[387.26,842],[387.26,842.76],[388.76,842.76],[388.5,843.26],[389.26,843.76],[390.76,845.5],[390.76,846.5],[390,846.76],[390.26,848.26],[391.26,849],[392,850],[392,852],[392.76,852.76],[392.76,854],[393.26,854.5],[392.5,854.76],[392,855.76],[392,857.26],[391.26,856.76],[391.5,858.26],[391.5,860],[391,860.26],[390.76,862],[391.26,863.26],[391,864],[391,865.76],[391.76,865.76],[391.5,866.5],[390.26,866.26],[389.5,867.26],[389.76,869.5],[389,869.76],[388.76,871],[389.5,871.5],[389.5,872.26],[391.76,872.5],[392,873],[391,874],[388,874],[387.5,875.5],[385.26,877.26],[385.26,878.26],[384.76,877.76],[381.76,877.76],[380.76,878.5],[380.76,879],[379.76,879],[378.5,878.5],[378,879.76],[376.76,880],[376.76,880.76],[376,881.26],[375.5,882.5],[373.76,882.5],[373,881.76],[372.5,883],[370.26,884],[369.26,886.26],[368.26,886.5],[365.76,889],[364,890],[364,890.76],[362.26,891],[360.76,892],[359,892.5],[357.5,892.5],[356.76,893.5],[355.76,893.5],[355.26,892.76],[352.76,892.76],[352.76,895],[352.26,895],[351.76,896.5],[350.5,896.26],[350.26,896.76],[348.76,896.76],[348.76,897.76],[347.76,897.76],[346.5,899.76],[347,900],[345.26,902.76],[345.76,902.76],[346,904.26],[347,904.76],[347,906],[348.26,907],[350.26,907],[350.76,907.26],[350.76,910.76],[349.76,910.76],[349.76,911.26],[347.76,912.26],[347.76,914.5],[347.5,915.26],[345.5,915],[344.5,916.26],[343.76,916.26],[343,917],[342.26,916.26],[341,916.26],[340.5,917.76],[339.5,917.76],[339.76,918.5],[339.5,919.5],[339,919.76],[339,920.76],[338,920.26],[335.5,920.5],[335.26,921],[333.76,921.5],[333.76,922.76],[333,922.76],[332.5,922],[331.76,921.76],[328.76,921.5],[328.76,920.76],[327.5,920.5],[326.76,920],[326.76,919],[326.26,919],[325.76,920],[324.76,920],[324.26,921.5],[323.5,921.5],[323.26,922.26],[321.26,922.76],[321,923.26],[319.5,923.5],[319,923],[317.5,923],[317.76,923.76],[317.76,926.5],[317.26,926.76],[317,927.76],[316,927.76],[316,928.5],[315,928.5],[314.5,929],[314.5,930],[312.5,930],[312.26,930.5],[310.5,930.5],[310.5,931],[308.76,932.26],[307.5,932.26],[306.5,933.26],[304.76,933.76],[304.76,934.5],[303,935.76],[303.26,936.76],[303.26,939.26],[303,939.26],[301.26,939.5],[299.26,939.26],[298.5,939.76],[297.5,939.76],[297.5,940.26],[295.5,940.5],[295.5,940.76],[292.76,940.76],[292.76,940.5],[288.76,940.5],[288,941.26],[286.5,941.26],[285.5,942],[284,942.26],[283,943.76],[281.26,944],[280.76,944.5],[279.26,944.5],[278.26,945],[277.26,945],[276.5,945.76],[275,945.5],[274.76,946],[273,946.26],[273,945.76],[272,945],[272,944.5],[271,943.76],[271.5,942.5],[271.76,940.26],[271,940.26],[270.76,941.26],[270.26,941.26],[270.26,942.26],[269.5,941.5],[268.5,941.76],[268,943],[266,943],[266,944],[270,946.76],[270.5,947.76],[271.5,948.5],[273.26,949],[273.5,951.5],[274,952.26],[274,953.76],[275,955],[275.26,956.5],[273.76,957.76],[273.76,959],[272.76,959.76],[271.76,959.76],[271,960.26],[270.5,961.26],[270.5,963],[270.26,963.26],[268.5,963.26],[268.76,963.76],[267.5,965],[267.5,966],[266.26,966.76],[266.26,967.26],[265,967],[264,968.26],[263.26,968.26],[263,969.76],[262,969.76],[262,970.76],[260,970.76],[260.76,972.76],[262.26,974.26],[262.5,975.26],[264.5,977],[265.26,977],[266.5,975.5],[267.26,975],[268.26,975],[268.26,975.76],[267.5,976.76],[267.5,979.5],[268.26,980.5],[268.26,981.26],[269.26,983],[269.76,983.26],[269.76,985],[271.76,986.26],[272.26,987],[270.5,987.26],[269.76,987.76],[268.26,989.76],[267.5,990.26],[266.76,993.26],[266.5,993.26],[266.5,995.5],[265.76,996.5],[265.5,998],[266.5,999],[267,1000.5],[266.26,1001.5],[265.26,1002.26],[265,1004.76],[264.26,1005.76],[262.5,1006.26],[262.26,1008.5],[261.5,1008.76],[261,1010.5],[260.5,1011],[260.76,1013.26]],[[214.76,836.26],[214.76,836.5],[219.5,836.5],[219.76,835.26],[221,835.26],[221.5,833.5],[222.26,833.26],[222.26,832],[221.5,832.5],[220.26,832.5],[219.5,833.26],[217.76,833.26],[217.26,833.5],[217,834.5],[215.26,835.5],[214.76,836.26]],[[201.76,832],[202.5,831.5],[202.5,830.76],[200.26,830.76],[199.5,832],[199.5,833],[201.5,832.76],[201.76,832]]],[[[150.76,955.5],[150,955.76],[149.76,955],[150.76,954.76],[150.76,955.5]]],[[[151.76,956.5],[152.76,955.5],[153.76,955.5],[153.76,956.5],[154.5,957],[154.76,958],[152.26,957.76],[151.26,957.26],[151.76,956.5]]],[[[153.26,959],[152.5,959.5],[152.26,958.76],[153.26,959]]],[[[153.76,961.76],[153.5,960.76],[153,960.76],[153,959.76],[155,960],[155,960.5],[154,960.76],[153.76,961.76]]],[[[154.5,962],[155,961],[155,962],[154.5,962]]],[[[153,962.5],[152.5,963.26],[152.26,962.5],[153,962.5]]],[[[154,989.5],[153,989.5],[153.26,989],[154,989.5]]],[[[153,990.5],[153.76,990],[154.76,990],[156,989.26],[157,989.5],[158.5,989.26],[157.26,991.26],[156.26,991.76],[154.76,992],[152.5,991.76],[153,990.5]]],[[[155.76,993.26],[154.76,993.5],[154.76,992.76],[155.76,992.26],[155.76,993.26]]],[[[152.26,1021.26],[151.76,1021.26],[152.5,1020],[153,1020.76],[152.26,1021.26]]],[[[154,1021.76],[154.5,1020.76],[155.26,1020.5],[155.5,1021.26],[155.26,1022.26],[154.26,1023],[154.5,1024.5],[153.26,1024],[152.5,1022.26],[154,1021.76]]],[[[151.5,1024],[152,1023.26],[153,1024],[153,1025.76],[153.5,1026.5],[153.5,1027.5],[152.26,1031.26],[151.76,1031],[151.5,1029],[149,1028.26],[149,1026.5],[148.5,1026.76],[148.5,1025],[149.26,1025],[149.76,1024.26],[151.5,1024]]],[[[150.76,1030.26],[150.26,1030.76],[150,1029.5],[150.76,1030.26]]],[[[145.5,1031.5],[146,1031.26],[145.76,1030.26],[146.5,1030.5],[146.5,1031.26],[147.26,1032],[148,1032],[148,1035],[149,1035.5],[149.5,1036.26],[151,1036.26],[151.26,1035.5],[152.26,1036.26],[152.26,1037.76],[153.5,1038.76],[153.5,1040.26],[154,1041],[154.76,1041],[154.76,1041.76],[155.76,1042.26],[155.5,1041.26],[155.5,1039.5],[155.76,1039.5],[155.76,1036.5],[156.26,1036.26],[156.5,1034.26],[155.76,1033.26],[156.5,1031.26],[157,1030.5],[158,1030.26],[158.26,1031.5],[158.76,1031.5],[158.76,1036.5],[159.26,1037],[159.5,1038.26],[160.5,1038.26],[160.5,1039.5],[162.26,1040.5],[164,1040.5],[164.76,1042],[170.76,1042],[171,1043],[171.76,1043.26],[172.26,1044.76],[172.26,1045.76],[173.26,1046],[173.76,1046.76],[174.76,1046.76],[175,1047.5],[174.26,1047.76],[174.26,1049.26],[174.76,1049.26],[175,1050.26],[177.26,1050.76],[178,1051.76],[178.76,1051.76],[179,1050.76],[180.26,1050.26],[180.26,1052.76],[179,1052.76],[178.26,1053.5],[178.26,1054.26],[177.26,1054.76],[177,1055.5],[174.26,1055.5],[173.5,1056.76],[170.76,1056.76],[169.5,1056.5],[168.76,1057.26],[167.26,1057.26],[166.76,1056.5],[165.26,1056.76],[165.26,1058.5],[165.5,1059],[164.5,1059.5],[164,1060.26],[164,1061.26],[163.5,1062.26],[160.26,1062.26],[159.5,1063.26],[157.76,1063],[157.5,1063.5],[156.76,1063.26],[156.5,1061.26],[155.26,1061],[154.76,1060.26],[155.26,1060],[155.26,1058.76],[154.26,1058],[155,1056.76],[156,1056],[156,1054.76],[155.5,1054],[154.76,1053.76],[154.76,1052.76],[153,1052.26],[152.76,1049.76],[151.26,1049.5],[150,1049],[149,1049.76],[148,1048.76],[146.26,1048.76],[146,1048],[146.26,1047],[145.5,1046],[145.5,1045.26],[144.76,1045],[144.76,1044],[145.76,1043.5],[145.76,1041.76],[144.26,1041.5],[144.26,1040.26],[142.76,1040],[141.76,1039.26],[142.26,1038],[142.26,1034.76],[142.5,1033.5],[144.76,1033],[145.5,1031.5]]],[[[151.5,1058.26],[151.5,1057.5],[153,1057.5],[153.76,1058],[153.5,1059.76],[152.76,1061],[152.76,1061.76],[151.26,1060.26],[151.76,1059.26],[151.5,1058.26]]],[[[150.76,1061.5],[151.76,1061.76],[151,1062.26],[150.76,1061.5]]],[[[160.76,943.5],[160.26,944],[159.26,943.76],[159.5,943],[160.76,943.5]]],[[[157.76,945.76],[158,945.26],[159.26,945.26],[159.5,946.26],[158.26,946.26],[157.76,945.76]]],[[[159.5,974],[159,973.76],[159,972.76],[159.5,972.76],[159.5,974]]],[[[158.5,975.76],[158,976.26],[157.26,976],[157.26,975.26],[158.5,975.26],[158.5,975.76]]],[[[156.5,976.76],[156,977.26],[155.76,976.26],[156.5,976.76]]],[[[159.26,984.5],[160.26,983.26],[160,984.5],[159.26,984.5]]],[[[160,990.5],[160.5,991],[159,991],[159,990.5],[160,990.5]]],[[[157,992.26],[157.76,991.26],[158.76,991.26],[159.26,992],[158,992.26],[158,993],[156.76,992.76],[157,992.26]]],[[[158.5,1026.76],[159.5,1026.26],[159.76,1025.5],[160.5,1025.76],[160.26,1027.76],[159.76,1027.76],[159.76,1029],[160.26,1029.26],[160.26,1030.5],[158.76,1030],[157.76,1028.76],[157.76,1027.76],[158.5,1026.76]]],[[[156.5,1029.5],[156.76,1028.5],[157.26,1028.5],[157.26,1029.5],[156.5,1029.5]]],[[[160,1031.76],[160.5,1031.76],[160.76,1033],[160.26,1033],[160,1031.76]]],[[[158.5,1064.5],[159.76,1064.26],[159.76,1064.76],[158.76,1065],[158.5,1064.5]]],[[[159.5,1066.26],[158.76,1066.5],[159,1065.76],[160,1065.5],[161,1063.5],[161.76,1063.76],[163.5,1063.76],[163,1064.5],[162.26,1064.76],[162.26,1066],[160.76,1066.76],[159.5,1066.26]]],[[[168.5,828.76],[168.5,827.26],[169.26,827.26],[169.76,828.76],[168.5,828.76]]],[[[165.5,840.26],[164.5,839.76],[164.5,839],[166.76,839],[166.5,840],[165.5,840.26]]],[[[164,931],[163,930.76],[163,930.26],[165.5,930],[166.26,931.5],[167,931.76],[167.26,933.5],[166,933],[165.5,932.26],[164,931.5],[164,931]]],[[[164.26,934.26],[164.26,933],[164.76,933.26],[165.5,935],[164.76,935],[164.26,934.26]]],[[[169.26,933.76],[169.76,934.26],[168.76,934.26],[168.5,933.26],[169.26,933.76]]],[[[166.26,934],[167,934.26],[166.26,934.76],[166.26,934]]],[[[167.5,935.5],[167.26,936],[166.5,935.76],[166.76,935.26],[167.5,935.5]]],[[[165.5,995.76],[165.26,995],[166.5,994],[166.5,995],[167.26,995.5],[167.26,996.5],[166.5,997],[165,997],[165.5,995.76]]],[[[169,995.76],[168.26,996],[168.5,995],[169.76,994.76],[170,995.26],[169,995.76]]],[[[169.26,1001.76],[170.5,1001.5],[171,1002],[172.5,1002.26],[171.5,1003.26],[170.26,1003.5],[168.76,1003.26],[169.26,1001.76]]],[[[167.5,1005],[168.76,1004.26],[169,1005],[167.5,1005]]],[[[163,1039.26],[164.5,1039.5],[164.5,1040],[163.26,1040],[163,1039.26]]],[[[165.26,1062],[164.5,1062.26],[164.5,1061.5],[165.26,1062]]],[[[177.26,857],[176.26,856.26],[176.5,855.76],[178.5,856.26],[178.5,857.5],[177.26,857]]],[[[177.5,857.76],[177.5,858.26],[176.5,858.26],[176.26,857.76],[177.5,857.76]]],[[[175,882.26],[175,880.76],[176.26,880.5],[176.26,881],[179,881.5],[178,882.5],[177,883],[175.76,883],[175,882.26]]],[[[174.26,882.5],[173.5,882],[174.26,881.76],[174.26,882.5]]],[[[174,884.76],[175.5,883.76],[177.5,883.5],[177.5,885.26],[178.76,885.5],[180,884],[182.26,884],[183.26,885],[184,885],[184.76,886.5],[185.76,886],[187.26,886.5],[187.26,888.26],[186.76,888],[184.26,888.5],[181.5,888.5],[180.26,889.76],[175.76,888.76],[174.76,888.26],[174.76,887.26],[173.76,886.76],[174,884.76]]],[[[173.76,889.26],[173,887.76],[174.26,888.5],[173.76,889.26]]],[[[175.76,890],[176,890.5],[174.76,890.26],[174.76,889.76],[175.76,890]]],[[[172.5,890.76],[172.76,891.5],[171.76,891.26],[171.5,890.76],[172.5,890.76]]],[[[176.76,921.76],[177.76,921.76],[177.5,922.5],[176.5,922.5],[176.76,921.76]]],[[[172.5,1001.5],[171.5,1000.5],[174,1000.76],[174,1001.26],[172.5,1001.5]]],[[[171.76,1004.76],[172.26,1004],[173,1004],[172.76,1005.26],[171.5,1005.76],[171.76,1004.76]]],[[[174.76,1006.5],[174.5,1006],[175.76,1005.5],[176,1006.26],[174.76,1006.5]]],[[[174.5,1045.76],[175,1045.5],[175,1046.5],[174.5,1045.76]]],[[[176.76,1048],[175.5,1048],[175.5,1046.76],[176.76,1048]]],[[[177,1056.26],[178,1055.76],[178.26,1056.76],[177,1056.26]]],[[[174.5,1057.26],[174.76,1056.5],[175.76,1056.5],[176.26,1057.76],[177,1057.76],[177,1058.76],[174.76,1059],[174.5,1058.5],[173.5,1058.76],[173.26,1057.76],[174.5,1057.26]]],[[[171,1057.76],[170.76,1057.26],[171.76,1057.26],[171,1057.76]]],[[[172.76,1058],[172,1057.76],[173,1057.5],[172.76,1058]]],[[[181,872],[180.26,872],[179.5,870.76],[181,871.26],[181,872]]],[[[179.76,873.5],[179.76,872.76],[181,873],[181.5,873.5],[181.26,875.26],[180.5,875.26],[179.5,874.5],[179.76,873.5]]],[[[179,923],[178.26,922.5],[178.5,922],[179.5,922.5],[179,923]]],[[[180.76,924.5],[181.76,924.76],[182,924.26],[184,924.5],[182.76,926.5],[181,926.26],[180,925.76],[180.76,924.5]]],[[[178.76,925.76],[178.26,926.26],[177.76,925.5],[178.76,925.26],[178.76,925.76]]],[[[180,927.26],[179,927.76],[179.26,927],[180.26,926.76],[180,927.26]]],[[[179,933.76],[178.26,933.5],[178.5,932.5],[179,932.26],[179,933.76]]],[[[179.26,997.26],[180,996.76],[180,995.76],[180.76,996],[181,995.5],[182.26,995.76],[182.26,996.76],[181.76,997.26],[180.76,997.26],[180.76,997.76],[179.26,997.26]]],[[[178.5,997.76],[180,998],[179.5,998.5],[178.5,998.5],[178.5,997.76]]],[[[180.5,1016.76],[180.76,1017.5],[179.76,1017.5],[180.5,1016.76]]],[[[180,1018],[180.76,1018.5],[179.76,1018.76],[180,1018]]],[[[181.26,1019.76],[181,1019.26],[182,1019.5],[181.26,1019.76]]],[[[181.26,1049.26],[180.76,1049.76],[180.76,1048.76],[181.26,1049.26]]],[[[178.76,1049.5],[178.76,1050.26],[178,1050.26],[178,1049.5],[178.76,1049.5]]],[[[178.76,1056.5],[178.5,1055.76],[179.5,1055.5],[179.5,1055],[180.5,1055.5],[182.26,1055],[182.26,1056],[181.76,1056.26],[181.5,1057.76],[179,1058],[178.76,1056.5]]],[[[182,874.5],[181.76,874.26],[181.76,872.5],[183,873.26],[183,873.76],[184,874],[186.26,874],[186.26,874.26],[188,874.5],[188.26,875],[190.26,874.76],[190.5,875.76],[191,875.76],[191.26,877.5],[192.26,878.26],[193.5,878.26],[194,878.76],[194,880],[195.26,880.76],[195,881.5],[193,881.5],[193,881],[191.5,880.76],[191,881.5],[189.76,881.76],[189.5,881],[187,881],[186,880.76],[184.26,878.5],[182.76,878.5],[182,877.76],[182,874.5]]],[[[187.76,873.76],[186.5,873.76],[186.5,873.26],[187.5,873.26],[187.76,873.76]]],[[[185.5,885],[184.76,885],[184.5,884],[186.26,884.26],[186.26,885],[185.5,885]]],[[[188.26,890.76],[189.26,890.76],[189.76,891.26],[192.5,891.5],[193,890.76],[194.5,889.76],[196.26,889.76],[196.76,890],[199.26,890],[199.26,891.26],[198.26,891.26],[198,892],[196.76,892.26],[196.76,893],[195,893.76],[194.5,895],[193.5,895],[193,896],[192.26,895.76],[190.5,895.76],[190.26,895],[186.26,895],[186,895.5],[184.26,895.26],[184,894.26],[186,890.76],[187,890.76],[187,890.26],[188.26,890.26],[188.26,890.76]]],[[[183.26,896.26],[183.76,895.76],[184.26,896.5],[182.76,897],[183.26,896.26]]],[[[185.76,919.26],[186.26,919.26],[186,918],[187.26,918],[188,918.76],[189.26,919],[188.76,920],[187.5,919.76],[187.5,920.5],[186.76,920.5],[185.76,919.26]]],[[[185,920],[186,920.5],[184.5,920.5],[185,920]]],[[[184.76,922],[185.76,921],[187.5,921.26],[188.76,920.76],[187.76,922.26],[186.76,923],[185.76,923],[185.5,922.5],[184.26,922.5],[184.76,922]]],[[[183.26,922],[182.5,921],[183.5,921.5],[183.26,922]]],[[[182.76,927.5],[182,928],[182,927.26],[182.76,927.5]]],[[[185.76,929],[186.26,929.76],[185.26,929.76],[185,929.26],[185.76,929]]],[[[183.5,932],[182.5,931.76],[182.5,930.76],[183.5,932]]],[[[183.26,933],[182.5,933.5],[182.5,932.5],[183.26,933]]],[[[188,986.26],[187.26,986],[188,985.5],[188,986.26]]],[[[187,986.26],[186.76,987],[186.26,986],[187,986.26]]],[[[182.26,1018],[181.76,1018.26],[182,1017],[183,1017.26],[183,1018],[182.26,1018]]],[[[182.5,1049.5],[182.76,1048],[184,1048.26],[184.76,1049.76],[184.76,1051.76],[184,1053.26],[182.26,1053.26],[181.76,1053],[182,1052],[182.5,1051.76],[182.5,1049.5]]],[[[185.76,1049.5],[185.5,1048.76],[187.5,1048.76],[188,1049.26],[187.76,1050.26],[187,1050.76],[186.76,1051.76],[185.5,1050.76],[185.76,1049.5]]],[[[188.5,885.76],[189.76,885],[191.5,885.5],[190.76,886],[190,887.26],[188.76,887.26],[188,886],[188.5,885.76]]],[[[189.76,888],[189.76,888.26],[188,888.26],[188.76,887.5],[189.76,888]]],[[[195.26,907.26],[194.26,907.5],[193.5,906.26],[195.26,907.26]]],[[[189.76,908],[189.26,907.5],[190.26,907.5],[189.76,908]]],[[[192,910.5],[193,910.26],[193.5,909.5],[195,909.76],[195,911],[194.5,911.5],[192.5,911.5],[191.76,911],[192,910.5]]],[[[191.76,912.5],[191.5,911.76],[192.76,911.76],[193,912.5],[191.76,912.5]]],[[[192.76,981.76],[192.5,981.26],[193.26,980.26],[194.26,980.26],[194.76,980.76],[194.76,981.76],[194.26,982.26],[193,982.26],[192.76,981.76]]],[[[191.76,984.76],[191.76,984.26],[193,983.5],[194.26,983.5],[195,984],[195,985.26],[194,986.26],[192.26,986.26],[191.76,985.76],[191.76,984.76]]],[[[193,988],[191.76,988.26],[192,987.5],[193,988]]],[[[188.26,1020],[188.26,1020.5],[187.26,1020],[188.26,1020]]],[[[192.76,1021.5],[193,1022.26],[191.76,1022],[192.76,1021.5]]],[[[191,1023.26],[192.5,1023],[193,1023.5],[192.76,1024.76],[190,1024.5],[191,1023.26]]],[[[192.5,1025.26],[192.26,1026],[191.26,1026],[191.26,1025.5],[192.5,1025.26]]],[[[193.26,1032.76],[193.26,1033.26],[191.26,1033],[191,1032.26],[192.26,1032.76],[193.26,1032.76]]],[[[188.5,1033.26],[187.76,1033.26],[187.5,1032.5],[188.5,1032.76],[188.5,1033.26]]],[[[190.26,1035.26],[189.26,1033.76],[190.5,1034],[191,1035.26],[190.26,1035.26]]],[[[194.26,1034.26],[194.5,1033.76],[195.5,1034],[195.26,1032.26],[196,1031.76],[197.26,1031.76],[197.5,1032.5],[198.76,1032.5],[198.5,1033],[197.5,1033.26],[196.76,1034.26],[195.76,1034.26],[195.26,1035.5],[193,1036],[192,1035.26],[191.76,1034.26],[194.26,1034.26]]],[[[191.76,1036.76],[190.76,1037],[190.76,1036.5],[191.76,1036.76]]],[[[188.76,1047.5],[188.5,1048.26],[188,1047.76],[188.76,1047.5]]],[[[197.26,874.76],[198.26,875.26],[198.26,876],[197.5,876],[197.26,874.76]]],[[[202.76,877.26],[202,877],[203,876.26],[202.76,877.26]]],[[[198.26,876.76],[199,877.5],[198.26,877.5],[198.26,876.76]]],[[[196,881.76],[195.76,880.5],[196.26,880],[198.26,880.26],[199,880.76],[199,881.5],[198,881.5],[197.26,882],[196,881.76]]],[[[204.5,884],[202.5,884.26],[202.26,883.5],[203,883],[203.5,881.76],[205.26,882.76],[207,882.76],[208.5,883.5],[208.5,884],[207.5,884],[207.5,884.76],[205.76,884.76],[205.5,884.26],[204.5,884]]],[[[200.76,886.5],[199.5,886],[201.26,885.5],[200.76,886.5]]],[[[201,886.76],[201.5,886.26],[202.76,886.26],[203.5,885.76],[204.76,886],[204.76,885.5],[205.76,885.5],[205.76,886],[207.5,886],[207.5,885.5],[208.5,885.5],[208.5,886],[211,886.26],[211.26,887.26],[213,886.26],[216.5,886.26],[216.5,887],[215.76,887.5],[215.76,888.76],[213.76,889.5],[213,891.76],[210.76,892],[209.5,893.26],[207.76,892.76],[207.5,892],[206.5,891.26],[205.5,891.26],[204.5,891.76],[204,890.76],[201.5,890.76],[201,890.5],[200.76,888.5],[201.5,888],[201,886.76]]],[[[203.76,891.5],[204.5,892.26],[204.5,893.5],[203.26,893],[202.26,893],[201.76,892.5],[201.76,891.26],[203.26,891],[203.76,891.5]]],[[[198,892.26],[198.5,891.76],[200,891.26],[199.76,893.5],[198.5,894.5],[196.76,894.76],[196.76,894],[197.76,893.5],[198,892.26]]],[[[197.5,906.76],[196.76,907],[196.76,906.26],[197.76,906],[197.5,906.76]]],[[[199.76,974.5],[200.76,973],[202,973],[202,974.26],[201.26,975.26],[200.26,975.5],[199.76,974.5]]],[[[199,976],[200,976],[200.26,976.76],[199.26,976.76],[199,976]]],[[[195,980.26],[194.76,979.5],[195.5,978.76],[196.26,978.76],[196.5,980],[195.76,980.5],[195,980.26]]],[[[200.5,1044.5],[201.76,1044.26],[202.5,1043.26],[203.5,1043.5],[203.26,1044.76],[202.26,1045.5],[200.76,1045.26],[200.5,1044.5]]],[[[200,1044.76],[200.26,1043.5],[200.76,1043.76],[200,1044.76]]],[[[203,878],[203.26,877.26],[204,877.26],[204.76,878],[204.76,880],[202.76,879],[203,878]]],[[[207.76,882.76],[206.5,882.5],[206.26,881.76],[208.26,882],[208.5,881.5],[210.26,881.5],[210.5,883],[209.26,883.5],[207.76,882.76]]],[[[205.5,892.5],[206,893.26],[205.26,893.26],[205.5,892.5]]],[[[206.26,909.76],[205.76,909.5],[205.76,908.26],[208,908.5],[208.5,910],[209.26,910],[209.26,910.76],[206.5,910.26],[206.26,909.76]]],[[[204,1046.26],[203.26,1046.26],[203.26,1045.26],[203.76,1045],[204,1046.26]]],[[[205.26,1045.76],[204.5,1046.5],[204.5,1045.76],[205.26,1045.76]]],[[[213.76,882.26],[212.5,882.26],[212.5,881.26],[213.26,881.26],[213.76,882.26]]],[[[213,884],[213,884.5],[212,884.5],[212.26,883.76],[213.26,883.5],[213,884]]],[[[215.26,893.76],[216.26,893.26],[217.26,893.26],[217,894],[215.26,893.76]]],[[[217.26,888.5],[216.5,888.5],[216.5,887.76],[217.76,888],[217.26,888.5]]],[[[222.26,891],[223,890.5],[223.26,891.5],[222.26,891]]],[[[218,892.26],[218.76,891.5],[221,891.5],[221.5,892],[221.26,893.5],[219.76,893.5],[219.26,892.76],[218,892.26]]],[[[231.76,1035.76],[230.76,1035.76],[231,1035.26],[231.76,1035.76]]],[[[241,1027.76],[241,1028.5],[240.26,1028],[241,1027.76]]],[[[237.26,1030],[237.26,1029.26],[239.26,1029.26],[240,1029],[239.5,1029.76],[239.5,1030.76],[238.26,1031.26],[237.26,1030]]],[[[240.76,1029.76],[240.26,1029.5],[241,1029],[240.76,1029.76]]]]},"properties":{"id":"k33","key":"k_the_reach","name":"The Reach","counties":175,"color":"#dbe7e3","owner":null,"ownerCountryId":null,"notes":""},"id":"k33"},
{"type":"Feature","geometry":{"type":"MultiPolygon","coordinates":[[[[364.76,771.5],[361.76,771.5],[360.5,770.76],[359.5,768],[358.5,767],[358.26,766],[357.5,765.5],[356,763.26],[355.26,763.26],[355.26,764],[356.5,765],[356.5,765.5],[357.5,766.26],[357.5,767],[358.5,767.76],[358.5,768.76],[359,768.76],[359.5,770.5],[360.76,771.76],[360.5,772.26],[359.26,772],[358.76,772.76],[358,772.76],[358,773.76],[357.26,774.76],[356.76,776.26],[356.26,776.26],[356,778],[354,777.76],[353.76,777.26],[352,777.5],[351,776.26],[348.26,776.26],[347.5,776],[346.76,774.76],[345.76,774.5],[343.76,774.5],[343.5,776],[341.5,776.76],[341.5,777.5],[340.5,778.5],[339.76,777.5],[339.76,776.26],[339,776.26],[338.76,777],[336.76,777],[336.26,776.5],[334.76,776.76],[333,775.26],[331.5,775.26],[330.76,774.26],[329,774.26],[329,775],[327.5,775.26],[327.5,776],[326.5,776.26],[324.5,776.26],[323.26,776.5],[322,776],[322,776.5],[321,776.5],[320.26,775.5],[319,775.26],[316.5,775.26],[315.76,774.5],[313.76,774.5],[312.76,775],[312.5,774.5],[311,774.26],[311,773.76],[309.76,773.76],[308,773],[307.5,772.26],[305.26,771.76],[304.26,772.5],[303,774.5],[302.26,773.5],[301.5,773.26],[301.26,772],[299.26,772],[298,773],[296.5,773],[296.5,770],[295.26,769.76],[293.76,769],[293.76,768],[293.26,767.76],[293,766.76],[292,766.26],[292,765.26],[291,765.26],[290.5,763.5],[289.76,763.5],[289.26,762.76],[288.26,762.26],[287.26,762.26],[286.26,761.76],[286.26,760],[287.26,759],[287.5,756.76],[286.76,756.5],[286.26,755.76],[284.26,755.26],[284.26,754.76],[283.26,754.5],[283.26,753.5],[282.76,752.76],[282,752.5],[282,751.5],[283.26,751.5],[283.26,750.26],[282.26,749.26],[282.5,748.26],[283.26,748.26],[283,747.5],[283.76,747.5],[284,746.26],[282.76,745],[282.26,743.26],[281.5,743],[281.26,742.26],[280.5,742],[280.5,740],[281,737.76],[282,736.76],[282.26,735.76],[282.26,733.5],[282.5,732.76],[281.5,732.5],[281.5,728.5],[281.26,726.26],[281.76,726.26],[282.26,724.76],[282.76,724.76],[283,723.76],[282,723],[282.26,722.26],[281.26,722.26],[281.26,720.76],[280,720],[279.26,720],[279.26,718.26],[278.26,717],[277.5,717],[277.5,715.76],[276.5,715.5],[276,714.26],[275,714.26],[275,713.76],[274,713.76],[273.76,713],[273,713.26],[272.26,712.5],[271.26,712.5],[271,711.26],[270.26,710.26],[270.26,708.76],[269.76,708.26],[269.76,707],[270.5,706.76],[270.76,705.76],[272.26,705.5],[272.26,704.26],[273.76,703],[273.76,701.76],[274.76,701],[274.76,700.5],[276.76,698.76],[276.76,698.26],[278,696.5],[278,694.76],[278.5,694],[278.5,693],[278,692],[277.76,690.26],[276.26,689],[275.76,688],[275.76,684.76],[275,683.76],[275,683],[275.76,682.76],[275.76,682],[276.5,681],[277.5,680.5],[277.5,679],[278.5,678],[279,678],[279.5,677],[280.5,676.76],[281,675.76],[281,674.26],[280.26,674.26],[279.5,673.5],[279.76,672.26],[282,672],[282,671.26],[284.76,671.26],[286.26,669.76],[287.76,669.76],[288,668.26],[289,667],[290.5,666.76],[291,666],[291,664.76],[289.76,663],[289.76,662.26],[287,661.76],[286.26,661.5],[286.26,660.76],[287,660],[289.26,659.76],[289.5,659],[291.5,657.76],[292.26,657.76],[292,657],[291,656],[288.5,655.5],[289.5,653.5],[288.26,653.26],[288.5,652.26],[289,652],[291,652],[291.5,651.26],[292.26,651.76],[294.26,651.76],[295.76,651.5],[295.76,652],[298,652],[298.76,651.76],[299.26,650],[300.5,650],[300.76,649.26],[300,648.26],[299.26,648.26],[299.26,647.5],[300.76,647],[302,647.26],[302.5,646.26],[304,646.26],[304.26,646.76],[306,646.76],[306.26,647.5],[307.76,647.5],[308.76,647],[310.76,647],[310.76,646.76],[314,646.76],[313,644.5],[314.26,644.26],[314,642.5],[313,642],[313,641],[314,641],[313.5,639.76],[315,640],[316,639.5],[315.5,638.76],[314,638.76],[315,638.26],[314,637.5],[311.76,637.5],[311.26,638.5],[308.5,638.5],[308.26,638],[307.26,638],[307.5,636.76],[308.26,636.26],[310,635.76],[310.26,635],[312.76,634.76],[312.5,633.76],[314.5,633.5],[315,632],[314.26,631.76],[314,631],[312,630.76],[311.26,629.5],[312.5,629.5],[314,628.76],[313.76,627.26],[312,627],[312.76,626],[313.76,626],[314.5,625],[314.5,624.26],[313.76,623.26],[314,622],[313.26,622],[313,621.26],[311.5,621],[311.26,620.26],[309.5,620.26],[309.26,619.26],[308,618.5],[308.26,618],[309.76,617.76],[309.76,616.5],[308.26,616.26],[308.26,615.26],[307,615.26],[306.26,614.26],[304.5,614.26],[303,615],[302,615],[301.5,614.26],[299.76,614.26],[299.76,614],[298,614],[297,614.26],[296.5,615],[295.76,615.26],[295.5,616.26],[295.76,617.26],[295.26,618],[296,618.26],[295.5,619],[294.26,619.26],[294.26,619.76],[292.26,619.76],[291.5,620.26],[291.26,619.26],[290.26,619.26],[288.5,618.26],[288.5,619.5],[287,620],[284.26,619.76],[283.5,620.26],[283.26,621],[283.26,623],[282,623],[282,624],[280.5,623.76],[280,624.76],[279.26,625],[278.26,624.5],[277.26,623.5],[275,624],[274.76,625],[271.5,625],[271,625.76],[269,625.5],[269.5,624.5],[270.76,624],[270.76,623],[272.26,623],[273.26,622.26],[272.76,621.26],[272,621.5],[270.26,621.5],[269.5,621],[269.26,620.26],[267.76,620.26],[267.26,619],[265.76,618.76],[265.76,618.26],[267.76,618],[267.76,617.26],[269,617.26],[269.76,616.76],[269.26,615.26],[268,615.26],[268,614.5],[268.76,614],[267.76,613.76],[268.5,612.76],[268.76,611.5],[271.26,611.5],[272.5,611],[272.26,610],[273.5,610],[273.76,610.5],[275,610.5],[275.76,610],[278,610],[279.26,609.5],[279.26,608],[280.5,608.5],[280.76,608],[281.5,608.5],[282.5,608.5],[283.26,608],[283.76,606.76],[285,606.76],[285.76,604.76],[286.76,604.76],[287,603.5],[287.5,603.26],[290,603.5],[290.26,603],[291.26,602.76],[291.5,601.76],[291,601.26],[292,601.26],[292.76,600.26],[291.76,599.76],[291,600.26],[290,600.26],[289.76,599],[289,599],[289,598],[290.5,598.26],[291,597.76],[290.76,597],[292,597],[292,596.5],[293.5,595.26],[293.76,594.26],[294.5,593.76],[294.76,592.5],[295.5,592],[296.76,591.76],[297.76,592.76],[299,592.76],[299.5,591.76],[300.76,591.5],[300.76,592.26],[301.5,592.5],[301.76,593.76],[303.76,593.5],[305,593],[305,592],[306,592],[306.26,591.5],[308.5,591.76],[309.26,592.26],[310.26,592.26],[311.5,591.5],[312.26,591.76],[312.5,590.5],[313.76,590.76],[314.76,589.5],[315.5,589],[316.76,588.76],[317,587.76],[317.76,587.76],[318.5,588.76],[319.76,588],[320,590],[320.5,590.5],[321.76,590.5],[322.76,591.5],[323,594],[321.26,593.5],[323.26,595.76],[324.26,596],[324.5,596.76],[326,599.26],[326,600],[327.5,601.76],[328,601.76],[328.5,603.26],[329.26,603.5],[329.5,604.76],[332,605.76],[332.26,606.76],[333,607.26],[333,608.26],[333.5,608.5],[333.5,609.5],[334.26,609.76],[334.5,611.76],[335.26,612.5],[335.26,613.5],[335.76,614],[335.76,615.26],[337,615.5],[337,616.26],[338.5,618.26],[339.76,618.26],[340.5,619.76],[342,620.5],[343.26,620.5],[343.5,621],[344.76,621.26],[345,622],[346,622.5],[348.76,623],[348.76,623.76],[350.5,624.26],[350.26,625.26],[351.26,626],[351,627.5],[351.76,628.26],[351.76,629.26],[352.26,630.26],[353.76,630.76],[354.26,632],[354.26,633.76],[354.76,633.76],[356.26,635.5],[356.76,635.5],[357.5,636.5],[357.5,638.5],[358.5,638.5],[358.5,639.26],[359.5,639.76],[360.76,641.5],[362,641.5],[362.5,642.26],[363.76,642.5],[363.76,645.5],[363.5,646.26],[364.5,647.5],[367.26,647.76],[367.76,649],[368.26,649],[368.26,650],[368.76,650],[369,651],[370,651.26],[370,652.26],[371,652.76],[371,654],[372,654],[372,655],[372.76,655],[373.5,655.76],[374,657.5],[374.76,657.76],[374.76,659.5],[376.76,660.76],[377.5,660.76],[379.26,662.5],[380.26,664.5],[380.26,667],[380.76,668],[381.76,668.5],[382.5,670.5],[383.5,671],[383.5,673.5],[384.26,674.26],[383.26,674.26],[382,673.26],[380.76,673.26],[379.76,672.26],[379.5,670.76],[379,669.76],[376.76,666.5],[376.26,666.5],[375.76,665.5],[375,665],[374,665],[373.5,664.5],[372,664.26],[371.5,663.5],[369,663],[367.26,662],[365.5,661.76],[365.26,660.76],[363.26,660.5],[363.26,660],[362.26,659.5],[362.26,658.76],[360.5,656.76],[360.26,655.76],[359.76,655.76],[359.5,654.5],[358.5,653.76],[357,651.5],[355.5,651],[354.76,650.26],[353.76,650],[353.5,649.5],[350.5,649.76],[348.76,649],[344.26,649],[344,648.5],[342.5,648],[341.76,646.76],[339.76,646],[339.5,645.5],[338.5,645.5],[337,643.5],[335.5,643.26],[335,642.26],[334.26,642.26],[334,641.5],[332.5,641.76],[334.26,642.76],[334.26,643.26],[335.26,643.5],[335.26,644],[336.76,644.26],[338,646.26],[339.26,646.26],[339.5,646.76],[341,647.26],[342.26,648.76],[343.76,649.26],[344,649.76],[348.26,649.76],[348.26,650],[350,650],[350,650.26],[352.5,650.26],[352.76,650.76],[354.5,651],[355.5,652],[356.26,652],[356.76,653],[357.5,653],[357.5,653.76],[358.5,654.5],[358.76,655.5],[359.5,656],[359.5,656.76],[360.26,657.26],[360.5,658.26],[361.5,659],[362.76,661],[364.26,661.26],[365,661.76],[365.26,662.5],[366,662.5],[367.26,663.5],[368.76,663.5],[370.26,664.26],[371.76,664.5],[373,665.5],[374.26,665.5],[375,666.5],[375.5,666.5],[376.26,667.5],[376.76,667.5],[377,668.5],[377.5,668.76],[377.76,670],[378.76,670.76],[378.76,672.26],[379.5,672.76],[379.76,673.5],[380.5,673.5],[381.26,674.26],[382,674.26],[382.76,675],[384.26,675.5],[385.5,676.76],[385.76,679],[383,678.5],[382.5,678],[379.76,678],[378.76,677],[376,677],[376,677.26],[372.5,677.26],[372.5,677],[370.26,677],[370,676.5],[367.76,676],[366.76,674.5],[366.26,674.26],[361.76,674.26],[361.5,673.5],[360.5,673.26],[359.5,672.5],[357.76,672.5],[356.5,672.26],[355.76,671.26],[350.76,671.26],[349.76,671.5],[349,670.5],[346.76,670.5],[346.76,670.76],[345,670.76],[343.5,670.5],[342.5,671],[341.5,669.76],[340.76,669.76],[340.26,670.5],[338.26,671.26],[336.26,671.26],[336,672],[335.26,672.5],[335.26,673.5],[334.5,674],[333,674.26],[332.5,675.26],[330.76,675.26],[330.5,676],[329.5,676],[328.5,677],[327.5,677],[326.76,678],[325.26,678],[323.76,679.76],[322.76,680],[322.26,681],[321.26,681],[320.5,682],[319,682.76],[317,683],[316,682.26],[311,682.26],[311,682.76],[313,682.76],[313.5,683.26],[314.76,683.26],[316,683.76],[318.5,683.76],[318,685.5],[316.5,687],[316.26,687.76],[316.26,689.76],[316.76,689.5],[316.76,687.5],[318.76,685.76],[319.26,685],[319.5,683.76],[320.26,683],[321.76,682.76],[321.76,681.76],[322.76,681.76],[322.76,681],[323.5,681],[323.76,680.26],[324.76,680],[325,679.26],[326.26,678.5],[327.26,678.5],[329.5,677],[330.5,677],[331,676.26],[332.5,676.26],[334.26,674.5],[335.5,674.26],[336.26,673],[336.26,672.26],[337,671.76],[338.76,671.76],[338.76,671.5],[340.76,671.26],[341.26,670.5],[342.5,672],[343.5,671.76],[343.76,671.26],[348.76,671.26],[349.5,672.26],[352.5,672.26],[352.5,672],[355,672],[356,673],[358.76,673.26],[360.26,674],[361.26,675.26],[366.26,675.26],[366.26,676],[367,676.26],[367.26,677],[368.5,677.26],[369.26,677.76],[370.76,677.76],[371.76,678.26],[373,678],[376.76,678],[377,677.5],[378.76,678],[379.5,679],[383,679],[384.26,679.76],[385.5,679.76],[386.76,681],[386.76,682],[387.26,682.5],[388,685.76],[388.5,686.26],[388.5,687.5],[389.26,688.5],[390.76,689.5],[394.76,689.5],[396.76,688.76],[400.26,688.76],[400.76,689.76],[403.5,689.76],[404.26,690.5],[405.76,690.5],[406.76,691],[408.76,692.5],[409.76,692.5],[410.5,693.76],[412.26,694],[413.26,694.5],[414,695.5],[415.5,695.76],[416,696.5],[416.76,696.5],[417.5,697.5],[419,697.5],[419.26,698],[421.76,698.5],[422.76,699.76],[424.5,699.76],[425,700],[425.26,701.26],[427,703.26],[429.26,703.26],[429.26,704],[431.26,706.5],[432.26,707],[432.26,708],[432.76,709],[434,709],[434.76,709.5],[437.26,710],[438,711],[440.26,711],[439.76,712.76],[440.5,713.5],[442.26,713.26],[442.5,712.76],[443.5,712.76],[444,714.5],[444.5,715.26],[445.5,715.26],[446,715.76],[447.26,715.76],[447.26,716.5],[446.5,716.76],[446.5,717.76],[447.76,718],[449.76,716.76],[450.5,716.76],[451.26,715.76],[452.26,715.76],[452.5,716.76],[453.76,716.76],[454.26,716],[455.5,715.76],[456,717],[457,717.26],[458,718.5],[459.5,718.5],[460.76,717.76],[459.76,717.76],[458.76,716.76],[458,716.76],[458.26,715.76],[462.5,715.76],[462.5,714.76],[464.76,714.26],[464.76,715.76],[464,716.26],[464,717],[464.76,717.5],[464.76,718.5],[465.26,719],[464.76,720.5],[463,720.76],[462.26,722],[462.26,724],[461.5,723.76],[459.5,724],[459.26,726],[458.26,726.76],[456.5,726.76],[455.76,726.26],[455.5,727],[453.76,727],[452.26,728.5],[453,729],[452.5,730.26],[451,730.5],[450.5,731.5],[449.5,731.76],[449.26,731],[447,731.26],[446.26,732.26],[444.76,732],[444.76,732.5],[443.76,731.76],[443.26,730.76],[442,730],[440.76,729.76],[441,730.76],[439.76,731],[439.5,729.76],[438.76,728.5],[436.76,728.26],[436.26,727.5],[434.76,727.5],[434.26,727],[433.26,727],[432.5,727.5],[431,727.26],[430.76,726.5],[430,726.5],[430,725.76],[428.26,725.76],[425.76,725.26],[425,726],[423.76,726.26],[423.26,727],[421.5,727],[420,726.76],[417.76,727],[417.5,728],[416.5,728.76],[415,729],[414.5,730.26],[412.26,730.26],[411.5,730],[410.5,730.76],[408.76,731.26],[408.76,732.26],[408.26,732.76],[406.76,732.76],[406.76,735],[407,735.5],[407,737.5],[407.76,738.5],[406.76,739.5],[406.76,740.76],[407.5,741.5],[407.26,742.5],[406.5,742.5],[406.76,745],[405.26,745.26],[404.76,745],[404,746],[404,747.26],[403.5,747.5],[403.76,748.76],[403,749.5],[401.76,749.5],[401.26,751],[399.76,752],[399.5,753.26],[397.26,753.26],[396.26,753.5],[395.5,754.5],[394.26,754.76],[394.26,754.26],[392.5,754.76],[392.5,754.26],[390.76,754.26],[390.26,755.5],[389,755.5],[388.76,755],[387.5,755],[387.5,755.76],[386.5,755.76],[386.76,754.26],[387.5,754],[387.5,752.76],[387,752.5],[387,750.5],[386.76,750.5],[386.76,746.26],[387,744.76],[386.5,744],[387.5,742.5],[388.5,742.26],[391.5,742],[392.26,741],[392.26,740.26],[393,739.76],[394.76,739.5],[394.5,738.5],[394.76,736.76],[394.26,735.76],[393.5,735.26],[393.76,734],[395.26,733],[395.26,731.76],[394.5,731.26],[394.76,729.76],[395.26,729.26],[395.5,727.5],[397.26,726.5],[397.26,725.26],[399.26,722.76],[400.26,722.5],[400,721.5],[399.26,721],[398.76,720],[399,717.26],[398,717.26],[397.76,716.76],[396.5,716.5],[396.26,715.76],[394.76,715.5],[394.26,714.26],[392.5,713.26],[389.5,713.26],[388,713.5],[386.76,713],[385,713],[384.5,712.76],[384.76,711],[385.5,711],[385.26,710],[382.26,710],[381.5,711.5],[379.76,712.5],[379.76,713.26],[378.5,713.76],[379.76,715.76],[378.5,716.76],[378.26,718.5],[377.5,718.5],[377.5,720],[378.76,720.76],[378.76,722.5],[378,723],[377.76,724.5],[376.5,725.5],[376.76,727],[377.76,727.5],[377.26,728.5],[378.26,730.26],[378,731.26],[378.26,734],[377.76,734.76],[378.76,735.26],[380.76,737],[380.76,739.26],[381.26,739.76],[383,740],[384.26,741.76],[384.5,743],[385.5,743.5],[385.5,744.26],[386.26,745.76],[386.26,747.26],[385.76,748.5],[385.76,751.26],[386,752.5],[386.5,752.76],[386.5,753.76],[386,754.26],[386,755.5],[385.26,755.5],[382.76,755.5],[383.26,756.76],[383.76,756.76],[383.5,757.76],[384.26,758.26],[383.5,759.76],[381.26,759.76],[381,760.26],[380,760.26],[380,763.5],[378.76,763.76],[378.26,764.26],[377.5,764],[377.5,765],[376.26,765.76],[373,765.76],[372,765.26],[371.76,766],[369.5,765.76],[369.26,766.5],[367.76,766.76],[366,768],[366,768.76],[365.26,768.76],[364.76,769.5],[364.76,771.5]]],[[[362.26,567.5],[363,570],[363.76,570.76],[363.76,572],[363.26,572],[363.26,573.26],[362.76,573.26],[363,574.5],[363.76,575.26],[363.76,576.26],[364.5,576.5],[364.76,577.26],[365.76,578.26],[365.5,579.5],[365.5,582.26],[366.26,582.76],[366,584.5],[367.26,585.5],[367.26,587],[368.26,587.26],[368.26,588.76],[367.76,589],[368,590.76],[367.26,591.26],[368.5,591.76],[368.5,592.76],[369.5,593.5],[370.5,593.76],[372.26,593.76],[373,595],[374.5,594],[375,595],[378.76,595],[379.76,594.26],[381.26,594],[382,593.26],[383,593.5],[385,593.26],[385.5,593.76],[385,595],[385,596],[385.76,596],[385.5,597.5],[384.26,598.5],[383.5,599.5],[383.26,601.26],[382.5,601.76],[382.5,604.26],[384.5,606.5],[384.5,608.5],[384,609.76],[383.26,610.5],[381.76,611],[381.26,611.76],[380.5,611.76],[380.5,612.5],[379.26,613.26],[379.26,614.26],[380.26,614.26],[380.76,613.5],[382.26,613.5],[382.26,613],[384.5,612.76],[385.26,613.76],[385.26,615.26],[386.26,615.26],[387,614.26],[388.76,614.26],[389,615.26],[390.5,615],[390.76,616.5],[391.26,616.76],[391.5,619.26],[390.76,619.76],[390.76,620.76],[389.26,621.76],[387.5,622.26],[388,623.26],[389.5,623],[389.5,623.76],[388.76,624.26],[388.76,625.26],[389.76,625.26],[390.26,624.26],[391.26,624.26],[391.5,625],[392.5,625.5],[392.5,626.76],[393.26,626.76],[394.5,628],[395.5,628],[396,628.76],[396,629.76],[396.5,630],[396.5,631.26],[397,632],[396.5,632.26],[396.26,634.5],[395.5,635],[395.5,636.26],[394.76,637],[394.76,638.26],[395.76,638.26],[396.76,636.76],[397.26,636.5],[399.76,636.76],[400,635.5],[399.5,635.26],[400,633.5],[400.5,633.26],[400.76,632],[403.26,632.26],[404,634.26],[404.5,634.5],[405,636.76],[405,638.26],[404.5,638.5],[404.76,640.26],[404.26,641.26],[404.26,644],[405,644],[405.5,643],[406.5,643],[407.76,642.26],[410.26,643.76],[410.26,644.26],[411.26,644.26],[413,645.5],[414,645.5],[414.5,646],[414.26,647.5],[413.5,648.5],[412,648.76],[412,650],[411.26,650.5],[411,652],[411.26,653.5],[410.76,653.76],[410.76,655.5],[409.76,656],[408.76,656],[408.5,657.26],[409.5,657.5],[410.26,658.26],[411,658],[412.26,659],[413.26,660.26],[414.26,660.26],[414.76,661],[415.76,661],[416.76,662.26],[417.76,662.5],[418.76,664.26],[418.76,668.26],[420,669],[420.5,670],[421.5,669.5],[422.26,669.76],[424.76,669.5],[425,670.26],[425.76,670.26],[425.76,671],[427.5,671],[428,671.26],[428.76,670.26],[428.76,672],[429.5,672.26],[429,673.5],[429.26,675],[430,675.5],[429.76,676.5],[428.76,677.76],[428.26,677.76],[426.76,679.26],[425,679.5],[424.76,680],[423.26,680],[423.26,681],[425.26,681],[425.76,680.5],[427.76,680.5],[427.76,680.26],[430.5,680.26],[431,680],[431.76,681],[432.26,681],[432.26,682.26],[434,682.5],[434.76,683],[434.76,684],[436.26,685],[436.26,685.5],[437.5,686.26],[437.5,687],[438.26,688],[439.26,688.26],[439.5,689],[441.76,691.26],[442,692.76],[442.76,693],[442.76,694.26],[443.76,695.26],[444.26,695.26],[445.26,696.5],[446.5,696.76],[449,698.26],[449,699],[450.26,700.26],[450.5,701.5],[451.5,702.26],[451.76,703.26],[452.5,703.5],[452.76,704.26],[452.76,707.26],[452,707.76],[452.5,708.26],[453,707.5],[453.76,708.5],[452.76,709],[452.26,710],[451,710],[450,709],[449.26,709],[448.5,709.76],[447.5,709.76],[446.76,709],[444.76,709],[444,710.76],[443,710.5],[443,709.5],[441.5,708],[441.26,707],[440.76,707],[440.76,708],[440,707.76],[439.26,706],[437,705],[435.76,705],[434.5,703.76],[434.5,702.5],[432.76,701.5],[430.76,701.76],[430.5,702.26],[429.76,702],[430,700],[428,700],[427.26,699.5],[425.76,699.5],[424.76,698.26],[423.76,697.5],[420.5,697.5],[420,696.76],[419.26,696.5],[417.5,696.5],[417,695.76],[415.76,695.5],[415.5,695],[414.5,694.76],[413.5,693.5],[412.5,693.5],[412,692.76],[410.76,692.5],[410.26,691.76],[409,691.5],[408.76,691],[407,690.5],[406.5,689.76],[405.5,689.26],[403.5,689.26],[403.5,689],[401.5,688.76],[400.76,688],[398.76,688],[398.76,687.76],[397,687.76],[396.5,688.26],[395.5,688.26],[394.5,688.76],[393.26,688.5],[391.5,688.5],[391.5,688],[389.76,687.5],[389.5,686],[388.5,685],[388.5,683.76],[387.5,682],[387.5,680],[386.76,679.26],[386.5,676.26],[385.76,676.26],[385.5,674.5],[385,674.26],[384.76,673.26],[384.26,673],[384.26,670.76],[383.5,670],[383.5,669.26],[382.76,668.5],[382.5,667.5],[381.5,667.5],[381.5,666.76],[380.76,666.5],[381,664.5],[380.26,662.5],[379.76,662.5],[379.5,661],[378.76,660.26],[377.76,660.26],[377.26,659.76],[375.76,659.5],[375.26,659],[375.26,656.5],[374.5,655.26],[373.26,655],[372.5,653.5],[371.5,653.26],[371.5,652],[370.76,651.76],[370.76,651],[369,649.76],[369,649],[368.26,648.26],[368.26,647.26],[366.5,647.26],[365.26,647],[364.26,646],[364.26,641.76],[361.76,641],[360.76,640.5],[360.5,639.76],[359.5,639.26],[359.5,638.5],[358,638],[358.26,636.26],[357.76,636],[357.5,635],[356.5,634.76],[356,633.76],[355,633.5],[354.76,633],[354.76,630.76],[353.76,629.76],[352.76,629.76],[352.76,628.76],[351.76,627.5],[351.76,625.26],[351,625],[351,623.76],[349.76,623.26],[348.76,622],[346.76,622],[346,621.76],[345.76,621],[345,621],[344.76,620.26],[342.5,620],[342,619.26],[341,619.26],[340.26,618.26],[340.26,617.5],[338.26,617.26],[338.26,616.26],[337.76,615.5],[336.26,614.5],[336.26,612.76],[335.5,612.26],[335,609.5],[334.5,609.26],[334.26,607.76],[333.5,607.5],[333.5,606.5],[332.5,605.76],[332.26,604.76],[331.26,604.5],[329.76,603.5],[329.76,602.76],[329,602.5],[328,600.76],[326.76,600],[325,595.76],[323.76,595],[323.5,593.5],[323.5,591],[324.26,590.26],[324.26,589.26],[325,588.76],[327.26,588.26],[327.76,588.76],[328.76,588.76],[329,589.26],[329.76,588.76],[330,589.26],[331.5,589.26],[332.5,588.26],[334.76,588.5],[336,587],[336.26,586.26],[337,586],[337,585.26],[337.76,584.76],[338.26,585.5],[338.5,585],[339.26,585.5],[340.5,585.5],[341.5,584.5],[342.76,584],[343,582.5],[343,579.26],[343.76,578.5],[344.5,578.5],[344.26,576.26],[344.5,575.26],[345.26,574.76],[346.5,574.5],[346.5,574],[349,573.26],[349.26,572.5],[350.5,572],[351,570.76],[353,570.76],[353.5,570],[354.76,570],[354.5,567.76],[356.76,568],[357,567.5],[358.26,567.5],[358.76,568],[359,567],[359.76,567],[360.26,567.76],[361.26,568.26],[362,567.5],[362.26,567.5]]],[[[287,598.76],[286,599],[285.76,598.26],[285,597.76],[287,597.76],[288,598],[288,598.5],[287,598.26],[287,598.76]]],[[[289.5,600.5],[288.5,601],[288.5,600.5],[289.5,600.5]]],[[[297,643.5],[296.26,644.26],[296.76,642.76],[297,643.5]]],[[[295.5,643.26],[296.26,643.26],[295.76,644],[295.5,643.26]]],[[[286,655.76],[284.76,655.5],[285,655],[287,654.76],[287,655.5],[286,655.76]]],[[[307,619.26],[305.5,619],[305.5,618],[306.26,618],[307.76,619],[307,619.26]]],[[[305,619.5],[306,619.5],[306,620.26],[305,620],[305,619.5]]],[[[306.26,637.5],[306.26,638],[305,638],[305,637.5],[306.26,637.5]]],[[[307.26,639.5],[306.26,639.26],[306,638.5],[308.26,638.5],[307.26,639.5]]],[[[306,639.76],[306,640.5],[305.26,640.5],[305.5,639.5],[306,639.76]]],[[[297.76,647.26],[298.76,647],[298.76,647.5],[297.76,647.26]]],[[[309.26,638.76],[309.76,639.5],[309,639.26],[309.26,638.76]]],[[[312,639.5],[312.26,640],[311.26,639.76],[311.26,638.76],[312,638.76],[312,639.5]]],[[[312.26,641],[312.5,641.76],[311.26,641.5],[311.26,640.76],[312.26,641]]],[[[435.76,706.76],[435,706.76],[434.76,705.76],[436.76,705.26],[436.76,706],[437.5,706],[437.5,707.5],[437,707.76],[436.5,707],[435.76,706.76]]],[[[456.5,714.5],[456.76,712.76],[458.76,712.76],[459,713.26],[460.26,713.76],[461.5,713.76],[461.5,714.5],[460,714.76],[458.26,714.76],[456.76,715],[456.5,714.5]]]]},"properties":{"id":"k34","key":"k_the_riverlands","name":"The Riverlands","counties":114,"color":"#eae2e1","owner":null,"ownerCountryId":null,"notes":""},"id":"k34"},
{"type":"Feature","geometry":{"type":"MultiPolygon","coordinates":[[[[554.76,962],[555.26,962],[555.26,963.5],[554,964],[554.26,962.5],[554.76,962]]],[[[552.76,966.76],[553.26,965.5],[554,965.5],[554,967.5],[554.5,968],[554.5,969.26],[555.76,971],[555.76,969.26],[556.26,968.76],[556.26,965.76],[556,964.26],[556.76,963.76],[556.76,961],[557.5,960.5],[558.76,960.26],[558.76,959.76],[560.26,958.76],[560.26,958],[561.5,957.5],[562,956.76],[562.76,957.26],[562.76,958.5],[561.5,959.76],[561.5,960.76],[561,961],[561,962],[562,961.76],[562.76,961],[562.76,963.5],[562,964],[561,965.76],[560,966.26],[559.76,967.26],[559.76,969.76],[560.26,969.76],[560.5,970.76],[561.76,970.76],[561.76,972],[560.26,972.76],[560.26,976.5],[558.76,977.26],[558.26,978.26],[557.26,978.26],[556.26,980],[555.5,980],[555,981],[554,981.26],[553.76,982],[552.26,982],[551.76,983],[552,983.76],[551.76,984.76],[550.76,984.76],[550.5,985.5],[549.76,986],[549.76,987],[549.26,987.5],[548.26,987.26],[548.76,986.5],[549.76,984],[549.76,981.5],[548,981.26],[548.76,980.5],[548.76,979.5],[548.26,978.76],[548.26,977.76],[547.76,977.5],[548.26,976],[548.26,974.5],[548.76,974.76],[551,974.5],[551,969.76],[550.76,969.26],[552,968.5],[552.26,966.76],[552.76,966.76]]],[[[552.26,985],[552.76,984.26],[553,985],[552.26,985]]],[[[551,986.5],[551.76,986.26],[551.76,987],[551,987.76],[550,987.76],[550,987.26],[551,986.5]]],[[[566.5,971.76],[565,971.76],[564.5,971],[565.5,970.5],[565.76,969.5],[567.5,969.5],[568.5,968.76],[569,967.76],[568.26,967.5],[568.76,967],[568.76,966],[566.76,965],[566.76,964],[567.26,963.5],[568.76,963.5],[569.26,962.76],[569.26,961],[569.5,960.5],[568.76,960],[569.26,959.26],[569.26,958],[570.5,958],[570.5,957],[569,956.26],[569.26,955.76],[571,955.76],[571,955.5],[573.5,955.76],[574.26,955],[573.76,954.26],[574,953.5],[574.76,953.5],[575.26,952.76],[576.5,952.76],[577.26,951.76],[579,950.76],[579,950],[581.26,950],[582,949.5],[582.5,950.26],[583.5,950.26],[582.76,951.76],[581.76,951.76],[581.26,952.76],[580.5,953.26],[581,953.76],[581,954.76],[580.5,955.26],[581,956.76],[581,958],[579.26,958.5],[578.76,959.26],[577.76,959.5],[579,961.5],[579,965.5],[578.76,965.76],[575.5,965.76],[575.5,966],[573.26,966.26],[572.5,966.76],[572.26,967.76],[571.5,968.76],[570.76,968.76],[570.76,970.5],[569.76,970.76],[569.76,971.26],[568.5,971.5],[566.5,971.5],[566.5,971.76]]],[[[562.26,973.26],[563,972.76],[564.26,972.5],[564.5,973],[566.26,973],[565.5,973.5],[565.26,974.5],[564.26,974.5],[564,975],[562.26,974.5],[562.26,973.26]]],[[[572.26,1003.76],[573,1002.76],[573.26,1003],[573,1004.5],[571.76,1004.26],[572.26,1003.76]]],[[[571.26,1006.5],[572.5,1005.26],[573.76,1005.26],[573.76,1005.76],[574.76,1005.26],[574.76,1006.26],[573.76,1007.26],[573.76,1008.5],[574.76,1009.26],[574.76,1009.76],[573.76,1009.76],[572.26,1011.5],[571,1012],[571,1012.76],[570.26,1013],[569.5,1014],[568.76,1014],[568,1014.76],[566,1014.5],[566.76,1014],[566.76,1013.26],[568.5,1012],[568,1011.26],[568,1010.26],[568.5,1010.26],[568.76,1009],[569.26,1008.76],[570.26,1006.5],[571.26,1006.5]]],[[[580.5,967],[580.76,966],[581.76,965],[581.5,964.26],[581.5,962],[581.76,961.26],[583.26,960],[583.5,961.5],[584,962.5],[584,964.26],[585.26,964.26],[585.26,965],[584.5,965.76],[582.26,966],[582,966.5],[580.5,967]]],[[[580.26,973],[581.5,973.5],[582.26,973.26],[584,973.26],[584.26,973.76],[584,975],[584.5,975.26],[584.76,976.76],[583.5,976.76],[583.5,977.76],[582.5,978.5],[582,980.76],[581,980.76],[579.76,980.26],[579.5,978.5],[577.76,978.5],[577.76,977],[579.26,976.5],[579.26,975.5],[580,974.76],[580.26,973]]],[[[579.5,981.5],[578.76,981.26],[578.5,980.5],[579.26,980.26],[579.5,981.5]]],[[[584.26,952.76],[584.76,952],[586.26,951.5],[588.5,951.5],[589,950.76],[590.76,949.76],[590.76,953.5],[591,953.76],[590,954.5],[590,955.76],[589.5,956.26],[588.26,956.26],[587.76,957.5],[588.26,957.76],[588.26,959.26],[587.5,959.76],[587.5,960.76],[586.5,961.5],[586,962.76],[585,963.26],[584.76,962.76],[584.76,960.76],[583.76,960.5],[583.5,958.5],[584,958.26],[583.5,957],[584.26,954.5],[584.76,954.26],[584.26,952.76]]],[[[587,962.26],[587.5,961.5],[588.26,961.5],[588,963],[587,963],[587,962.26]]],[[[586.5,998.26],[587,997.76],[587,996.26],[588.5,995.5],[588.76,993.76],[593.26,993.76],[594,993],[594.26,991.26],[596,991],[597,990.5],[597.5,989.5],[599.5,989.5],[600.76,989.76],[601.5,991],[602.26,991],[602.26,992.26],[601.76,993.26],[601.76,994.5],[601.26,995.5],[602,996.26],[603.26,996.5],[602.76,997.5],[601,998.26],[601,999.26],[600.26,999.26],[600.5,1001.5],[599.76,1002],[599,1003.5],[598.26,1003.76],[597.76,1004.5],[596.76,1004.5],[596.26,1005.76],[595.5,1005.76],[595.5,1006.5],[594.76,1007],[593,1006.76],[591.5,1007.5],[591.5,1008.5],[590.76,1009],[590.76,1010],[589.26,1010.76],[588.76,1011.5],[587.26,1011.5],[587.76,1010.76],[587.76,1009],[588,1007.5],[588.5,1007],[588.26,1006.26],[588.76,1006],[588.76,1005],[589.76,1005],[590.26,1003.76],[591.26,1003.76],[591.5,1003.26],[592.5,1003],[592.76,1002.5],[594.5,1002.5],[595,1001.76],[594.76,1001.26],[593.5,1001],[593.26,1000.26],[595.26,998.76],[595.26,998.26],[594.26,997.5],[591.26,997.5],[591.26,997.26],[589.5,997.76],[589.26,998.5],[586.5,998.26]]],[[[587.5,1002.5],[589.76,1002.26],[590.26,1002.76],[588.76,1004.26],[588,1004.26],[587.76,1005.26],[587.26,1005.5],[586.76,1004],[586,1003.76],[585.76,1003],[587,1003],[587.5,1002.5]]],[[[592.26,946],[593.5,945.76],[594.26,946.26],[594.5,947],[593.76,947],[592.76,947.76],[591.26,947.5],[590.26,947],[591.26,945.76],[592.26,946]]],[[[592.26,974.5],[592,974],[592.76,973.26],[592.76,974.5],[592.26,974.5]]],[[[589.26,978.26],[590.26,978],[591.26,977.26],[591.5,976.26],[592.76,976.26],[593.76,975.26],[594.26,974],[594,972.76],[594.76,971.76],[596,972],[596.76,973],[598,973],[598,972],[599.5,971.76],[600.26,970.76],[600,969],[599.26,968.76],[599.26,968],[600,967.5],[601.5,967.5],[602,966.5],[603,966.26],[603,966.76],[605,967],[605,967.76],[604,968.26],[604,970],[603.76,970],[604,972],[605.26,972.76],[603.76,974.76],[602,974.76],[601.76,975.26],[600.76,975.5],[600.76,977],[600.26,977],[599.26,978],[598.76,977.76],[596,977.5],[595.76,978],[594.76,978],[594,978.5],[594.26,980.26],[593,980.26],[592.76,981],[591.5,981.5],[589.26,981.76],[588.76,981],[590,980],[590,979],[589.26,978.26]]],[[[590.5,1011.26],[591.5,1010.26],[591.5,1011.5],[590.5,1011.26]]],[[[596.76,947.26],[597,946.76],[598.5,946.76],[599,947.76],[599.76,947.76],[600,946.76],[603.5,946.76],[603.76,948.5],[604.5,947.76],[605.76,947.5],[606.5,946.76],[606.76,948.26],[606.26,948.5],[606.26,949.5],[607.5,950],[607.5,951],[606.26,951],[605.5,951.5],[604.5,951.5],[604.26,952],[604.5,953.5],[603.76,954.26],[603.76,956.26],[604.26,956.76],[605.5,956.76],[604.26,958.5],[603,958.5],[602.76,959.5],[602,960.26],[600.26,960.26],[599.26,961.26],[599,960.76],[597.5,960.76],[597.26,959.76],[599,959.5],[599.5,958.5],[599.5,957],[598.26,955.5],[598.26,954.5],[597.5,954],[596.26,954],[595,953.5],[595,952.76],[595.76,951.76],[595.76,950.76],[594.5,950.26],[592.76,950.26],[593.26,948],[596,947.76],[596.76,947.26]]],[[[597,959.26],[596.76,958.76],[597.76,958],[597.76,959],[597,959.26]]],[[[608.76,954.5],[609,953.76],[610.5,953.5],[611,954],[611,955.26],[611.5,955.76],[609.76,956.76],[609.5,957.5],[608.26,957.5],[608.26,956.76],[609,956],[608.76,954.5]]],[[[609.76,959],[609.5,958],[610,957.76],[610.26,959.26],[609.76,959]]],[[[608,960],[609.26,959.76],[610.26,960.5],[610,962.76],[609.5,962.76],[609.5,963.76],[609,964.26],[606.76,964.26],[608,963.26],[608,960]]],[[[608.26,989.76],[605.5,989.76],[605.5,988.76],[606.26,988.26],[605.5,987.26],[605.5,986.26],[607.5,986.26],[608.76,985],[609.5,985],[610.26,984],[611.76,984],[612.26,983],[613.5,983.5],[614.76,983.5],[615,984.26],[616.26,983.5],[616.26,982.76],[617,982.76],[618.5,984.26],[619.76,984.26],[621,984.76],[621.26,985.26],[621.26,987.26],[620.26,987.76],[618.26,988],[620.26,988.26],[621.26,989.26],[620.76,990],[619.76,990],[619.76,990.76],[618.5,990.76],[618.26,992.26],[617,992.76],[615.5,992.26],[615.26,991.76],[616.5,991.26],[615.76,990.5],[614.5,990.5],[614,989.76],[612.26,990],[611.76,991],[610.26,990.5],[610,989.5],[608.26,989.76]]],[[[609.26,993.26],[609.26,992.76],[610.26,992],[610.5,992.76],[611.5,992.76],[611.76,993.26],[612.76,993.26],[612.76,993.76],[611.76,994.26],[611.5,995.26],[609.26,995.26],[608.26,995],[608,994.26],[609.5,994.26],[609.26,993.26]]],[[[609.26,1005.26],[611,1005.76],[611.26,1005.26],[612.26,1005.26],[612.26,1006.5],[611.5,1007],[611.5,1008.76],[610.5,1009.5],[609,1009.26],[608.76,1008.5],[609.26,1008.26],[609.26,1005.26]]],[[[619.26,992.26],[618.76,991.5],[619.76,991.26],[619.26,992.26]]]]},"properties":{"id":"k35","key":"k_the_stepstones","name":"The Stepstones","counties":20,"color":"#dcd5e1","owner":null,"ownerCountryId":null,"notes":""},"id":"k35"},
{"type":"Feature","geometry":{"type":"MultiPolygon","coordinates":[[[[303.26,939.26],[303.26,936.76],[303,935.76],[304.76,934.5],[304.76,933.76],[306.5,933.26],[307.5,932.26],[308.76,932.26],[310.5,931],[310.5,930.5],[312.26,930.5],[312.5,930],[314.5,930],[314.5,929],[315,928.5],[316,928.5],[316,927.76],[317,927.76],[317.26,926.76],[317.76,926.5],[317.76,923.76],[317.5,923],[319,923],[319.5,923.5],[321,923.26],[321.26,922.76],[323.26,922.26],[323.5,921.5],[324.26,921.5],[324.76,920],[325.76,920],[326.26,919],[326.76,919],[326.76,920],[327.5,920.5],[328.76,920.76],[328.76,921.5],[331.76,921.76],[332.5,922],[333,922.76],[333.76,922.76],[333.76,921.5],[335.26,921],[335.5,920.5],[338,920.26],[339,920.76],[339,919.76],[339.5,919.5],[339.76,918.5],[339.5,917.76],[340.5,917.76],[341,916.26],[342.26,916.26],[343,917],[343.76,916.26],[344.5,916.26],[345.5,915],[347.5,915.26],[347.76,914.5],[347.76,912.26],[349.76,911.26],[349.76,910.76],[350.76,910.76],[350.76,907.26],[350.26,907],[348.26,907],[347,906],[347,904.76],[346,904.26],[345.76,902.76],[345.26,902.76],[347,900],[346.5,899.76],[347.76,897.76],[348.76,897.76],[348.76,896.76],[350.26,896.76],[350.5,896.26],[351.76,896.5],[352.26,895],[352.76,895],[352.76,892.76],[355.26,892.76],[355.76,893.5],[356.76,893.5],[357.5,892.5],[359,892.5],[360.76,892],[362.26,891],[364,890.76],[364,890],[365.76,889],[368.26,886.5],[369.26,886.26],[370.26,884],[372.5,883],[373,881.76],[373.76,882.5],[375.5,882.5],[376,881.26],[376.76,880.76],[376.76,880],[378,879.76],[378.5,878.5],[379.76,879],[380.76,879],[380.76,878.5],[381.76,877.76],[384.76,877.76],[385.26,878.26],[385.26,877.26],[387.5,875.5],[388,874],[391,874],[392,873],[391.76,872.5],[389.5,872.26],[389.5,871.5],[388.76,871],[389,869.76],[389.76,869.5],[389.5,867.26],[390.26,866.26],[391.5,866.5],[391.76,865.76],[391,865.76],[391,864],[391.26,863.26],[390.76,862],[391,860.26],[391.5,860],[391.5,858.26],[391.26,856.76],[392,857.26],[392,855.76],[392.5,854.76],[393.26,854.5],[392.76,854],[392.76,852.76],[392,852],[392,850],[391.26,849],[390.26,848.26],[390,846.76],[390.76,846.5],[390.76,845.5],[389.26,843.76],[388.5,843.26],[388.76,842.76],[387.26,842.76],[387.26,842],[386.26,841.5],[386,840.5],[385.26,839.76],[385.26,839],[384,838.5],[384,837.5],[382.76,837.26],[382,836.76],[382.26,836],[381.5,835.76],[381.5,834.76],[383.5,834.5],[384.26,833.76],[384.26,832.76],[385.5,832],[386.5,831.76],[387.5,830.76],[387.5,829.76],[387,829.26],[387,827.5],[386,826.76],[386,824.76],[386.26,824.26],[387.76,823.5],[388,822.5],[388.76,822.5],[389.26,821],[390.26,820.26],[391.26,820.26],[391.5,819.76],[392.26,820],[392.5,818.26],[393,818.26],[393.26,816.26],[394.26,815.76],[395.5,816],[396.26,814],[396,812],[395.26,811.26],[396.26,810.5],[397,808.5],[397.5,808.5],[397.76,808.5],[399.26,809.26],[400.26,809.26],[401,810.26],[402.26,810.26],[402.5,811],[403.26,811.5],[404.26,811.5],[404.5,812],[405.26,811.76],[407.5,811.76],[408.5,811.5],[409.26,812.26],[410,812],[411.76,812],[411.76,812.5],[413.26,812.76],[413.5,812.26],[416.26,812.26],[416.5,811.76],[417.26,812],[417.76,813.5],[418.76,813.5],[418.76,812.76],[421.26,812.76],[422.76,813],[423.26,811.5],[425,811.5],[425,812.5],[426.26,813.26],[426.76,814.26],[427.76,814.26],[428,813.5],[429.76,813.26],[429.76,814],[430.5,814],[430.5,814.76],[431.26,815.26],[432.5,815.26],[433.26,814.76],[434.76,814.76],[435.26,815.5],[436.26,815.5],[436.76,816.5],[438.76,816.5],[439.26,818.26],[440.5,818.76],[442,819],[442,818.26],[443,817.5],[444,817.5],[444.5,818.5],[445.5,818],[446,818.76],[447.26,818.76],[447.76,819.26],[448.76,819.26],[449.26,820.76],[450.26,820.76],[450.76,821.5],[452.5,821.76],[453.5,821.26],[454,822.5],[456,822.76],[456.76,822.5],[457.26,824.26],[457.76,825],[459.26,825.76],[459.5,828],[459.26,828.5],[461.5,830.26],[463.5,830.26],[464.5,830],[464.76,830.5],[464.26,831.5],[463,831.76],[462.5,832.76],[461,832.76],[459,833.76],[457,834],[457,835.26],[455.26,836.26],[454.5,836.26],[453.5,837],[453,838.76],[451.26,840.26],[451,842],[449.5,843.26],[449.5,844.26],[451.26,843.26],[452,843.26],[452.5,842.26],[453.5,841.76],[454.26,840.5],[455,840.26],[454.76,838.5],[455.5,837.76],[457,837.76],[457.76,836.76],[459.26,836.5],[459.76,835.76],[461.5,835.76],[463.5,834.26],[463.5,833.26],[464.5,833.26],[465,832.76],[466.26,832.5],[467.26,830.5],[468,831],[469.5,831],[469.76,830.26],[472,830.26],[472.26,829.5],[473.26,829.26],[473.26,828.76],[475.5,828.76],[476,828.26],[476.26,826.76],[477,825.76],[478,826.26],[479,825.5],[480.76,825.26],[481,826],[481.76,825.5],[482.76,825.5],[483.5,825],[484.76,825],[485,824.5],[486,824.5],[486.76,823.26],[488.26,823.26],[488.26,824],[490,824.26],[491.76,824.26],[494,824.76],[494,824.26],[495.26,824],[496,823.5],[496.26,824],[498,824],[499,825],[500.76,825],[501.76,824.76],[502.26,824],[503,824],[503.76,823],[505.26,822.76],[505.5,822],[506.26,822],[507.26,821],[509,821],[509,819],[509.5,819.26],[511,819],[512.5,820.76],[513,821],[514.76,821],[514.76,821.76],[514,822],[514,822.76],[515.5,823],[516.5,824.5],[518.26,824.76],[518.76,823.76],[519.76,823.76],[520.76,824.5],[522.26,824.5],[523.26,823.76],[524.76,823.5],[525.76,825.26],[526.5,825.76],[528.76,825.76],[529.5,826.26],[528.5,827],[528.5,828.5],[527.5,829.26],[527.5,829.76],[525.5,829.76],[525.5,830],[523.5,830],[523.26,830.5],[522.26,830.5],[521.76,831.5],[520.26,831.5],[520,832.26],[520.76,832.76],[520.76,833.5],[522.76,833.26],[522,834.5],[521.5,836.76],[520.76,836.76],[520.76,837.76],[519.76,837.76],[519.76,839],[520.76,839],[521.26,840.26],[524,841.26],[524,842.5],[524.5,842.5],[525,843.76],[523.5,844],[523.26,846],[521.76,846.5],[521.5,846],[520.76,846.5],[519.26,846.5],[518.76,846],[517.76,846],[517.76,847.5],[515.76,847.5],[515.5,848],[514,848],[513,846.5],[511,846.5],[510.76,846],[509.76,846],[510,847],[510.76,847.76],[510.76,848.76],[512.5,850],[513.26,850],[513.76,849.26],[514.76,850],[516,850.5],[513.5,851.26],[509.5,851.26],[509,851.76],[508,851.76],[508.26,851],[507.26,850.5],[505.26,850],[504.76,850.5],[503.26,850.26],[503.26,849],[502.5,849.26],[500.5,849.26],[499.26,850],[500,850.76],[502,850.76],[501.5,851],[501.5,852],[503,852.76],[502.76,853.76],[503.26,853.76],[503.76,855],[503.76,856.76],[504.5,857.76],[505.76,858.26],[505.76,860],[505,860.26],[505,862],[505.26,863.5],[504.5,863.5],[504,864.5],[503.26,864],[504.26,863.26],[504.26,861.76],[503.5,861.5],[503.26,860.5],[503,862.26],[502.5,862.5],[502.26,863.5],[501.76,863.5],[501.26,864.5],[502.5,865.26],[502.5,867.26],[503,868.76],[502.26,869.5],[501,869.5],[500.76,870.26],[502,870.5],[501.26,873],[500.5,873.26],[500.5,875],[500.26,875],[500.26,876.76],[500.5,877.5],[499.76,878],[496,878],[495,879.26],[494,879.76],[492.26,879.76],[491.5,878.76],[490.26,879],[487,879],[486.5,880.26],[485.76,880.76],[485.76,881.5],[484,881.76],[482,882.76],[481,882.5],[480.76,882],[479.26,882],[477.76,881.26],[474.26,882],[473.76,883.26],[473,883],[471.76,883.26],[471.76,884.76],[473.26,885.76],[475,885.76],[475.5,886.26],[478,887],[482.26,887],[482.5,888],[481.5,889.26],[478,889.26],[477,889.76],[475.76,889.76],[475.76,891.76],[474.5,891.76],[474.26,892.5],[473.26,893],[473,895.26],[473.76,895.26],[474,896.5],[475.5,896.5],[477,897.26],[478.76,897.26],[479.5,896.5],[482.5,896.5],[483.5,896.26],[484.26,894.76],[485.5,894.5],[486.76,896],[488,896],[488.76,895.26],[490.76,895.26],[490.76,896.26],[491.26,897],[492,897],[490.76,898.5],[491.26,898.76],[491.76,900.76],[492.76,901],[493,901.5],[495.5,901.5],[495.5,902],[494.26,902.76],[494.26,903.5],[495,904.26],[494.76,905],[493.76,905],[493.76,905.76],[494.76,906],[495.5,906.76],[498,906.76],[498.76,906.5],[499.5,907.26],[500.26,907.26],[501.26,906],[504,906],[504.26,906.76],[505.5,906.76],[505.76,906.26],[507.26,906],[505.76,905],[503.26,905],[502.76,903.5],[502,903],[500.26,903],[500,902],[499,902],[499,901],[499.5,900.26],[500.5,899.76],[500.5,899],[501.5,898.26],[502.26,897],[502,895.5],[504.26,895.5],[504,893.5],[505.26,893.5],[506.26,894.26],[507.26,894.26],[507.5,895.76],[509,896.5],[509,898],[508.26,898],[508.26,899.5],[509,900],[510,900],[510,900.76],[510.76,901],[511.26,901.76],[514.26,901.76],[514.26,903],[515,903],[515,904.26],[515.5,905],[520.5,905],[520.5,906.5],[521.5,907.26],[522.76,906.76],[525.26,906.5],[525.76,907],[525.5,908.26],[526.76,908.26],[528,909],[527.5,906.26],[528.5,905.76],[528.5,904],[529.5,903.26],[530.76,903.5],[532.26,902.5],[534.26,902.76],[534.5,902.26],[535.5,902],[535.26,899.26],[536.76,900.76],[539,900.76],[539,900.26],[540,900],[542,900],[543.26,902],[545,902],[545.26,901],[547,901],[547.26,902],[550,902],[551.26,901.76],[551.26,902.26],[549.76,903],[549.26,904],[548.26,904],[547.76,904.5],[547.76,906],[546.76,906.76],[546.5,907.76],[544.76,907.76],[544.5,908.76],[543.76,908.76],[543.76,910],[543,910],[541.76,911.5],[541,911.76],[540.76,912.76],[540,913],[540.5,910.76],[539.76,909.76],[539,910.26],[538,911.76],[538.5,911.76],[538.26,913],[538.76,913.26],[538.76,914.5],[537.5,915.26],[535.5,915.26],[534.5,915.76],[534.26,917.5],[531.76,917.5],[531.26,917.76],[531,919],[530.26,919.26],[530.76,920.76],[530,921.26],[527.26,921.26],[526.26,922.26],[525.76,922.26],[525.5,923.26],[524.76,923.26],[524.26,924.26],[523.5,924.26],[522.76,923.26],[521.76,923.26],[521.76,924.5],[521,925.26],[519,925.26],[518,926.26],[516.26,926.26],[517,927],[518.26,927.5],[520.76,927.5],[520.76,928.26],[522.76,929],[522.26,930],[520.76,930],[520.5,930.76],[519.26,930.26],[517.26,931.26],[517.26,932],[516.26,932.26],[516.76,933.76],[516,934],[515.5,935.76],[514.26,935.76],[514,936.76],[515,937.26],[515,938.76],[514,939.26],[514.26,940.76],[515,940.76],[515.76,941.5],[516.76,941.5],[516.76,943.26],[517.26,943.76],[519,943.76],[519.76,943.5],[520,945],[518.76,945.5],[517.26,945.76],[516.76,947.26],[515.76,947.5],[514.26,948.5],[513.5,948.5],[512.76,949.26],[509.76,949.26],[508.26,949],[508.26,949.5],[509.5,950.26],[509.5,951.76],[509,952.76],[508,953],[506,952.76],[504.76,953.26],[504.76,954],[503.76,954.5],[503.26,953.76],[502,953.76],[501.26,952.5],[500.26,952.5],[500,953],[498.5,952.5],[497.5,953.26],[495.5,953.26],[494.5,953.5],[494,952.76],[492.26,953.5],[492.26,953],[490.76,952],[491,950.76],[492.26,950.26],[492.76,949.26],[494.26,949.26],[494.26,948.5],[495.26,948.5],[495.5,949],[496.26,948.5],[496.26,947.5],[497.5,948],[498,947.26],[498,945.5],[496.5,944.76],[495.76,944.76],[495.26,945.5],[495,944.26],[493.76,944.5],[493,945],[493,943.5],[492.5,942.5],[490.5,942.5],[489.76,943.76],[488.76,943.5],[488,942.5],[486,942.5],[485.5,940.76],[483,940.76],[483,939.5],[482,939.26],[481.76,938.76],[479.26,938.76],[478.26,939.5],[477.26,939.5],[477.26,940.76],[474.5,940.76],[473.76,941],[474.26,939.76],[473.26,939],[472.26,940],[471,940.26],[470.76,941.26],[469.26,941.5],[467.5,941.5],[467,940.76],[466,940.5],[465.5,939.76],[464.76,939.76],[463.5,941],[462,940.76],[462,939.76],[460.76,939],[459.5,939],[459.26,937.5],[458,937.76],[458,938.26],[456.5,938.76],[456,939.76],[454.76,940.26],[453.26,940.26],[453,939.76],[451,939.26],[450.76,939.76],[449.5,939.26],[449.26,937.5],[448.76,937],[446.26,937.26],[445.76,936.76],[445.5,934.76],[445,934.76],[444.76,933.76],[445.5,933.26],[445.26,932.5],[445.5,931],[446.26,930.76],[446.26,929.76],[445.5,928.76],[444.76,928.76],[444.5,927.76],[443.26,926.76],[440.76,926.5],[440.5,925.26],[441,924.5],[440,923.76],[440.5,922.76],[440.5,921.5],[441,921.26],[440.76,920.5],[439,922.26],[438,924],[436.76,924.76],[437,926.26],[436.5,928.5],[437,929],[437,930.76],[435.5,932.26],[435.76,932.76],[435.5,934],[433.76,934.26],[433,935.26],[433,936.26],[431.5,936.76],[431.26,937.5],[429.5,937.5],[429.5,937.26],[427.76,937.26],[426.5,937.76],[426.5,938.5],[425,938.26],[423.26,938.26],[422.5,938],[422.76,936.5],[422,936],[418.26,936],[418.26,935.76],[416,935.76],[415.5,936.26],[415.5,937.26],[413,937.26],[412,937.76],[411.5,938.5],[410.5,937.76],[410.76,936],[409.26,935.76],[408.76,935.26],[407.76,935.76],[406.76,935.76],[406.76,934.5],[405.76,934.5],[405.26,935],[403.76,935],[403.5,935.5],[402.5,935.76],[402,936.5],[400.5,936.26],[399.26,936.76],[398.5,938.26],[398.26,938.26],[397,938.26],[396.26,937.26],[395.26,937],[395.26,936.5],[394,935.5],[393.5,934.5],[392.76,934.5],[391.5,933.76],[390.5,933.76],[390,933.26],[388.76,933.26],[388.76,933.76],[386,933.76],[385,933.26],[383.76,934.26],[383.76,934.76],[381.76,934.76],[381,934.26],[381,938],[380.26,938],[379.5,937],[378.5,937.5],[374.26,937.5],[373.76,938.26],[372.26,938.26],[371.26,939],[370,939],[369,938.5],[368,938.5],[367.76,939.5],[366.5,940.26],[364.76,940.26],[364.76,940.5],[362.26,940.5],[361.76,940.26],[361.5,941],[360.26,941],[359.76,941.5],[357.5,941.76],[357,942.5],[355.5,942.26],[352.5,942.26],[350,943],[349,942.76],[348,944],[347,943.76],[345.26,943.76],[344.5,943.26],[342.5,943.26],[342,943],[341.5,943.76],[339.76,943.76],[338,943.26],[335.5,943.26],[334.5,944],[332,944.26],[331.5,944.5],[331,943.76],[329,943.76],[328.5,943.5],[327.5,944.76],[326.76,945],[321.26,945],[321.26,945.26],[318.5,945.26],[317.76,944.76],[315.26,944.76],[315.26,945],[313.26,945],[312.26,944.5],[310.5,944.5],[310,944.26],[309.76,942.76],[308.5,941.5],[308.5,940.76],[307.76,941.26],[305.76,941.26],[303.5,939.26],[303.26,939.26]]],[[[442.5,944],[443.5,944.26],[444,945],[445.26,945],[445.5,946.5],[446.26,946.76],[446.26,948],[444.76,947.76],[444.5,948.26],[442.5,948.26],[442,946.76],[439.5,946.76],[439.5,945.76],[441.26,945.26],[441.5,943.5],[442.26,943.26],[442.5,944]]],[[[446.26,937.76],[446,938.26],[445.26,938],[445.26,937.26],[446.26,937.76]]],[[[444.26,943.26],[443.26,942.76],[443.5,942.26],[444.76,942],[445,942.5],[446.26,942.76],[446.26,943.5],[444.5,943.76],[444.26,943.26]]],[[[476.76,890.76],[476.5,890.26],[477.76,891],[477.76,891.76],[476.76,892],[476.76,890.76]]],[[[448.26,940.26],[448.26,939.76],[449.26,939.5],[449,940.5],[448.26,940.26]]],[[[451.26,944.5],[452.5,944.76],[453,943.76],[454,944.5],[454.76,946.5],[455.76,947.26],[457,947.76],[456.76,948.76],[455.5,948.76],[454.5,948],[453.5,948],[452.76,948.5],[452.5,948],[451.5,948],[451.26,947.5],[448.76,946.26],[448.76,945.26],[450.76,945.26],[451.26,944.5]]],[[[474,958.76],[475,957.76],[476.26,958],[476.26,959],[475.76,959.5],[473.76,959.26],[474,958.76]]],[[[478.26,891],[478.26,890],[479.5,890],[479.76,890.76],[479,891.26],[478.26,891]]],[[[479,951.26],[479.26,951.76],[481,951.5],[481.26,951],[482.5,951.76],[482.5,952.26],[483.5,952.76],[484.5,952.76],[485,951.76],[486,951.76],[486,952.76],[487.26,954.26],[486,954.76],[484.76,954.76],[484.76,955.26],[483.76,955.76],[483.76,957],[483.26,957.26],[483.76,958],[483.76,959.26],[482.76,959.5],[482.5,960],[481.5,960],[480.5,959.26],[479,959.26],[478.76,959.76],[477.26,959.76],[477,959],[477.76,958.76],[477.76,957.5],[479,957.5],[479.26,956.26],[478.76,954.5],[476.5,954.5],[477,953.76],[477.26,952.5],[477.76,951.76],[479,951.26]]],[[[485.76,948],[485.76,946],[487.5,946],[488.5,947.26],[488.5,948.26],[486.76,949.76],[485.5,949.76],[485.26,948.76],[485.76,948]]],[[[487.76,953.76],[487.5,953],[488.5,953],[488.76,954],[488,954.26],[487.76,953.76]]],[[[503,874.26],[503.26,873.76],[504.5,874],[504.26,875],[503.26,875],[503,874.26]]],[[[502.5,891.26],[503.26,891.5],[503.26,890.26],[504.26,890.26],[504.76,891.26],[504.5,892.26],[503.76,892.5],[503.76,893.26],[502.26,892.5],[502.5,891.26]]],[[[511.26,816.76],[510.5,816.76],[510.76,815.5],[511.5,815.26],[511.26,816.76]]],[[[507.26,816.5],[507.26,816.26],[510,816.26],[510,817],[509.26,818.5],[507.5,818.26],[507.26,816.5]]],[[[514,819],[514.76,818],[516,817.76],[516,820],[515.5,820.26],[513.76,820],[514,819]]],[[[519.76,847.26],[520.5,847],[521.26,848.26],[520.5,848.26],[519.76,847.26]]],[[[518.76,847.5],[519.5,848.26],[518.5,848.26],[518.76,847.5]]],[[[517.76,849.5],[519,849.76],[518.26,851.26],[517.5,851.26],[516.76,850.26],[517,849.5],[517.76,849.5]]],[[[526.26,834.5],[525.76,833.26],[526.76,833],[527.26,834.26],[526.26,834.5]]],[[[523.26,835],[523,834.26],[524,833.5],[524.76,833.5],[525.26,834.26],[526,834.5],[525.76,835.5],[523.76,835.76],[523.26,835]]],[[[522.76,837],[522.26,836],[523,836],[523.26,837],[522.76,837]]],[[[527.5,840.26],[528.5,840.26],[528.26,840.76],[527.5,840.26]]],[[[524.76,840.5],[525.5,840.26],[525.76,840.76],[527,840.76],[527.26,841.26],[528.5,841.26],[528.26,842.26],[526.5,842.76],[526.5,843.26],[525.5,843.26],[525.76,842.5],[525,842],[524.76,840.5]]],[[[530.26,844.5],[530.76,844],[531.5,845.26],[531.26,846.26],[529.5,847.5],[529.5,846],[530.26,844.5]]],[[[526.76,925.76],[526.26,925.26],[527,924.5],[528.26,924.5],[527.76,926],[526.76,925.76]]],[[[523.76,927.26],[522.76,927.5],[522.76,927],[523.76,927.26]]],[[[523.26,928.5],[522.5,928],[526,928],[527,928.5],[526.76,929.5],[525.5,929.5],[525.26,930],[524,930],[523.26,928.5]]],[[[526.5,937.26],[526.76,936.5],[526.26,935.5],[527.5,935.5],[528,936.5],[527.76,937.76],[526.76,937.76],[526.5,937.26]]],[[[528.76,943],[528.26,942.5],[528.26,938.26],[529.26,937.5],[529.26,936.5],[528.26,936],[528.76,935.26],[528.76,931.26],[530.26,931],[532,930.26],[533.76,929.26],[533.76,926.26],[534.26,925.26],[535.5,924.76],[538.5,924.5],[539,924],[540,924],[540.26,923.5],[541,924],[541,924.76],[540.26,925.5],[540.26,926.76],[541,927.26],[541,928.26],[540.5,928.5],[541,929.5],[539.76,931.5],[539,931.76],[539,932.76],[540,933.5],[540.26,934.26],[539.76,934.5],[539.76,935.5],[539.26,936.26],[538.26,936.5],[536.5,936.5],[535.76,937],[535.76,938.26],[534,938.76],[533,941.5],[532,941.76],[530.26,943.76],[528.76,943.5],[528.76,943]]],[[[526.26,950.76],[526.76,950],[528,950],[528.76,949.5],[529.76,949.76],[530,950.76],[529.26,951],[529,951.76],[527.5,952],[527,951.26],[526,951.26],[526.26,950.76]]],[[[528.76,952.5],[529,952],[530.5,951.76],[529.76,952.76],[528.76,952.5]]],[[[528.5,953.26],[530,953.5],[529.5,954],[528.5,954],[528.5,953.26]]],[[[524.26,954.26],[523.76,953.5],[527,953.5],[527.76,953.26],[527.5,954],[528.26,954.5],[527,955.5],[525.76,955.26],[525.5,955.76],[524,955.26],[524.26,954.26]]],[[[523.26,956],[523,956.5],[522,956.5],[522.26,956],[523.26,956]]],[[[536.26,842.26],[535.76,843],[535.76,842],[536.26,842.26]]],[[[533,843.26],[533.5,842.5],[534.5,842.5],[534.5,843.5],[535.26,844.26],[536.26,844.26],[536,845.26],[532.5,845.26],[532,845],[533,843.26]]],[[[539.5,847],[540.26,847.26],[540.5,848.26],[541.5,848.26],[542.76,847.5],[544,847.5],[545,846.76],[546.76,847],[546.76,848.76],[548.26,848.26],[548.26,847.5],[549.26,847],[549.26,850.26],[549.5,850.76],[548.26,852.5],[549.26,853.26],[549.26,854.26],[548.76,854],[547,854],[547,854.76],[547.76,855.5],[548,856.5],[549.26,856.5],[549.26,857.26],[550.76,858.26],[551.76,858.26],[552,859],[553.26,859.76],[553.26,860.76],[551.26,861],[551.26,861.76],[550.5,862.5],[549.76,862.5],[549,864],[547.76,864],[547.76,865],[546.26,866],[548,866.26],[549,867],[548.5,869.5],[549,870.5],[549.76,871],[550,872.26],[549,872.26],[548,873.26],[547.26,875],[547.26,876.76],[546,876.5],[543.5,876.76],[543.76,877.76],[544.26,877.76],[544.26,878.76],[545,879.76],[545.5,879.76],[546.5,880.76],[547.76,880.5],[549.5,880.5],[550.76,881.26],[550.5,882],[549.26,882],[548.5,882.5],[547.5,882.5],[547.26,883],[545.76,883],[545.76,883.5],[543,883.5],[542.76,883],[540.76,883],[540,882.26],[538,882.26],[536.76,881],[536.76,880.26],[536,879.26],[536,877.26],[535.5,876.5],[535.5,875.5],[534.5,874.76],[533.26,874.76],[531.5,873.5],[531.76,872.5],[532.5,871.26],[532,871],[532.26,869.26],[531.5,868.76],[529.5,868.5],[529,867.5],[526.5,867.26],[526.5,866.5],[527.76,866],[528,865.26],[528.76,864.76],[529.26,863.26],[531.26,862.5],[532.5,862.5],[532.5,860.26],[533.26,859.76],[534.5,858.26],[535.26,858.26],[535.76,857.26],[534.26,856.76],[534.5,855.76],[535.76,855.5],[535.76,854],[534,853],[534,852],[533.5,851.26],[534.76,850.5],[535,848.5],[534,847.5],[533.5,847.5],[533.76,846.5],[535.26,846.5],[536.26,846],[538,846],[539.5,847]]],[[[533.5,922.5],[532.76,922.76],[532.5,922.26],[533.26,921.76],[533.5,922.5]]],[[[534,924.26],[533.5,923.76],[533.76,923],[535.76,923],[536,923.76],[534,924.26]]],[[[535.5,940.76],[535.5,940],[537.26,939],[537.26,940.5],[536.76,941.26],[536.5,943.26],[535,943.26],[533.5,944.26],[533.5,942.5],[534.26,942.5],[534.5,941],[535.5,940.76]]],[[[529.5,948.26],[529.76,947.26],[530.76,947.26],[531,946.5],[532,946.5],[532.76,947.76],[534,948.76],[534.26,948.26],[535.5,948.76],[534.5,949.76],[532.76,949.76],[532,951],[531,951.5],[531.26,950.76],[530.76,949.76],[529.76,949.26],[529.5,948.26]]],[[[545.76,909],[545.76,908.5],[547,908],[547,908.76],[546.26,909.26],[545.76,909]]],[[[544.26,919.76],[546,919.5],[546.76,918.5],[546.76,917.5],[547.5,917.26],[548.5,916],[549.76,915.76],[551.26,916],[551.26,916.5],[550,917.5],[550,918.76],[549.5,919.5],[548.76,919.76],[548.76,921],[549.26,921.5],[548.76,922.5],[549,923.26],[548.76,924.26],[548,924.76],[547,924.76],[546,925.76],[544.76,925.76],[543.5,925],[543.26,923.5],[542.76,923],[543,922],[543.5,921.76],[543.5,920.5],[544.26,919.76]]],[[[541.76,927.5],[541.76,926],[542.5,925.76],[543.5,926],[543.76,926.5],[543.76,928.26],[542.76,929],[541.76,929],[541.76,927.5]]],[[[543,931.5],[542.26,931],[542.26,930],[543.5,929.76],[543.76,930.26],[543.76,932],[543,931.5]]],[[[542,934],[540.76,934.26],[541,933.5],[542,933.5],[542,934]]],[[[550.76,847.76],[550.76,846.76],[551.26,845.76],[552.26,845.76],[553,846.26],[551.76,849],[550.26,849],[550.76,847.76]]],[[[550.5,851],[551.5,850.26],[551.5,849.76],[552.76,849.5],[552.76,850.76],[552,851.5],[550.26,851.5],[550.5,851]]],[[[557.76,864],[557.76,863],[558.5,863.26],[558.5,864.26],[557.76,864]]],[[[554,863.76],[555.26,864],[555.5,863.26],[556,863.76],[557.26,863.76],[557.5,866.5],[559.76,866.26],[560,866.76],[561,866.5],[561.26,867.76],[560.26,868.76],[560.26,870],[559.76,870.5],[558.76,870.5],[558.5,870],[557,870],[556.5,870.5],[553.76,870.5],[553.76,869],[553.26,868],[550.76,868.26],[550.5,867.26],[552.5,865.76],[552.5,864.26],[554,863.76]]],[[[558.76,899.5],[557.76,899.76],[558.5,899],[558.76,899.5]]],[[[554.5,900],[555.5,899],[556.76,900.26],[556.5,901.26],[555.76,901.76],[553,901.76],[552.76,900.76],[553.76,900],[554.5,900]]],[[[551.26,900.5],[550.5,900.26],[552,900],[551.26,900.5]]],[[[553.26,903],[553,902.76],[554.76,902.5],[554.76,903.26],[553.76,903.5],[553.26,903]]],[[[548.5,906.26],[548.5,905.5],[549.5,905],[549.5,905.76],[548.5,906.26]]],[[[552.26,916.26],[553,915.76],[553,914.5],[553.76,914.5],[554,915.5],[554.5,915.76],[554,916.5],[552.5,917.5],[552.26,916.26]]]]},"properties":{"id":"k36","key":"k_the_stormlands","name":"The Stormlands","counties":98,"color":"#e2dce7","owner":null,"ownerCountryId":null,"notes":""},"id":"k36"},
{"type":"Feature","geometry":{"type":"MultiPolygon","coordinates":[[[[363,566.76],[363.26,567],[365,567],[365,567.26],[368.26,566.76],[368.5,567.5],[369,567.26],[371,567.26],[371.26,568],[374,569],[373.5,570.26],[375,570.26],[375.26,571],[376.76,570.76],[377.26,571.26],[378.5,571.26],[379,572],[380.76,571.76],[381.76,571],[382.5,569.26],[383.26,568.76],[384,569.26],[383.26,570],[383.76,570.5],[384.5,570.26],[386.5,570.26],[386.5,569],[390.26,569],[390.5,568.5],[392,568],[392,567],[393,567.26],[394,566.76],[394.26,566],[396.5,566],[396.5,565.5],[397.5,565.5],[398.76,566.5],[399.76,566.5],[399.76,567],[401.76,567.5],[402.5,569],[404.5,569.5],[404.76,570],[409.26,570],[409.5,569.26],[409,568.76],[409,567.76],[407.76,567.26],[407.76,566.5],[406.26,565.5],[406.26,564.76],[405.26,564],[405.26,563.5],[406.76,562.5],[406.76,561.5],[407.26,561.5],[407.76,562.5],[408.5,562.5],[409.5,563.26],[411,563.26],[411.5,562.5],[413.76,562.26],[413.76,563],[414.76,563.5],[416.26,563.26],[418.26,563.26],[418.76,564.26],[419.5,564.26],[419.26,565],[420.76,565],[421.76,564],[423.26,563.76],[423.26,562.26],[424.76,561.76],[424.76,561.26],[423.26,561.26],[423.26,559.76],[421.26,559.26],[421.26,558.26],[420.76,557.26],[422.5,557.5],[422.76,557],[425,556.76],[427,558],[429,558.26],[429,556.76],[430,556.76],[430,557.26],[432.26,557.5],[432.76,558],[433.76,558],[433.76,559.26],[438.26,559.26],[437.76,557.76],[438.5,557.26],[439.76,557.26],[440.5,556.26],[441.5,556.26],[442.5,557],[445.26,557],[445.5,556],[446.5,555.5],[447.5,555.5],[448,555],[449.26,555],[449.26,553.76],[449.76,553],[449,552.5],[449.5,552.26],[449.26,551.5],[449.76,551.26],[452.76,551.26],[453.5,550],[455.76,550],[457,550.26],[458.26,551.5],[459.76,550.5],[460.76,551.26],[464.76,551.26],[465,549.76],[465.76,549.26],[467.5,549.26],[469,548.76],[469,548.26],[471.26,547.26],[472.26,545.76],[473.5,545.76],[474,546.76],[474.5,546.76],[474.76,547.76],[473.5,548],[472.5,549.26],[470.76,549.76],[470.5,550.76],[471.5,550.76],[471.26,551.5],[470.5,551.76],[468.5,553.5],[468.5,554.5],[468,554.5],[466.5,556.26],[468,556.5],[468.76,557],[469.5,556.5],[469.76,555.5],[471.26,555.5],[472,556],[473,556],[472.5,554.5],[473.5,555],[474.5,554.5],[476.26,554.5],[476.26,554],[477.76,553.76],[479.26,554.76],[480.26,554.76],[480.5,555.26],[481.5,554.5],[481,553.76],[483,553.76],[483.26,552.76],[484,553],[485.76,553],[486.5,552.5],[487.76,552.5],[487.76,553.26],[487,553.5],[487,554.26],[489,554.26],[489,554.5],[490.76,554],[490.76,553.5],[493.26,553.5],[494.26,553.26],[495.76,552],[497.26,550],[498.76,549.76],[500.5,549.76],[500.5,550],[502.26,549.26],[502.26,548.26],[502.76,548.26],[504.26,547.26],[504.26,545.26],[505.26,544.76],[507.5,544.76],[509,543.76],[511,543.76],[512.5,542.76],[513,541.26],[514.26,541],[518.26,541],[519.76,540],[521,540],[521.76,539.26],[524.5,539.5],[524.26,540.26],[521.76,540.26],[521.5,541],[520.76,541.5],[520.76,542.76],[519,542],[518.76,542.76],[517,543],[516.76,543.5],[515.5,544.26],[515,545],[515.26,546.26],[513.26,546.26],[512,547.76],[511,547.76],[510.76,547.26],[509,547.76],[508,549.5],[506,549.5],[505.5,549.76],[505.5,551],[503.76,551.76],[503.26,553.26],[501.26,553.5],[500.26,554.5],[499.26,554.76],[499.5,555.5],[498.26,555.5],[497.26,556.5],[496,556.5],[495.26,557.5],[494.76,557.5],[495.26,558.5],[493.76,559.26],[493,560.26],[491.5,561.26],[491.5,562],[490.76,562.5],[488.76,565],[490,565],[491,564.26],[491.76,564.26],[492.26,563.26],[493.76,563],[495.76,563],[496.5,562],[497.5,561.76],[497.5,561.26],[499,561.76],[500,561],[504.5,561],[506.26,559.5],[506.26,558.5],[507.26,558.26],[507.76,557.26],[507.76,556.26],[509.76,555.5],[510.5,554.5],[512,554.5],[512.76,553.5],[513.5,553.5],[514.26,552.76],[516,551.76],[517.76,551.5],[518.5,550.5],[519,551.76],[518,552.5],[517.5,554.26],[516,554.5],[515.26,554],[514.76,555],[514,555.5],[512.76,555.76],[512,556.76],[513,557.5],[510.76,560],[509.76,560.76],[510,563.26],[509,563],[507.26,563.5],[506.5,565],[504.76,566.26],[504.26,567.26],[503,567.26],[502.26,569],[500.76,569],[500.5,569.76],[499.76,570],[499.76,571],[497.76,571.26],[496.76,572],[496,573],[495.5,574.26],[494.5,574.76],[493.5,575.76],[495.26,575.76],[495.76,575],[497.26,574.5],[498.26,573.76],[498.5,572.76],[500.26,572.76],[500.26,573],[502,572.76],[503,571.76],[505.5,571.76],[506.26,571],[508.26,570.76],[509,570],[509,568.76],[512.76,568.76],[513.5,568],[515,568],[515,566],[514.26,565.76],[514.5,565],[515.76,565],[515.76,564.5],[517.26,564.26],[517.76,562.76],[518.76,563],[519,562.5],[520.26,562.26],[521,561.26],[522.26,561.5],[524.5,561.26],[524.5,560.76],[526.5,560],[526.76,559.26],[529.26,559.5],[531.26,558.26],[532.26,558.26],[532.26,560],[531,560],[529.76,560.5],[529.76,561.26],[528.5,561.26],[527.5,562],[526.76,562],[524.5,563.76],[524.26,565.26],[522.5,566],[522,567],[523.26,567.76],[522,569.26],[520,569.5],[519.76,570],[518.76,570],[517.5,571],[516.5,571],[516.76,571.5],[516.26,572.76],[515.26,573],[514,574.76],[513.26,574.76],[512.76,575.76],[512,575.76],[511.76,576.76],[512.76,576.5],[513,576],[515,575.76],[516,574.76],[517.5,574.76],[518,573.5],[519,573.5],[519.76,573],[521.5,572.76],[522,571.76],[524.76,571.76],[526.26,571],[526,569.5],[526.5,569],[527.5,569],[528.26,568.5],[529.5,567],[530.76,567],[530.76,566],[531.26,565.76],[534,565.76],[534.76,564.26],[534.76,563.26],[538.76,563],[539.26,562.26],[540,562.26],[540.76,561.26],[540.26,561],[540.76,560.26],[541.76,560.26],[542,559.26],[542.76,559.76],[543.76,559.76],[544.76,558.76],[545.76,558.76],[546.76,558.26],[547.26,557],[551.26,557],[551.5,557.76],[550.26,558.26],[548.76,558.26],[548.26,559.5],[549.26,560],[548.76,560.76],[546.76,560.76],[545.26,561.5],[544.5,562.26],[543.26,562.26],[542.26,563.26],[542,564.26],[539.76,564.26],[539.26,565.5],[538,565.5],[537.76,566],[535.76,567],[536,568],[537,568],[536.5,569],[535.26,569],[534.5,570.26],[535,571],[534.26,571],[532.76,571.76],[531.76,571.76],[531.76,572.26],[530,573.5],[528.5,573.5],[527.5,574.5],[525.76,574.76],[526.5,575.76],[526.76,576.76],[526.26,577.26],[524.5,577.76],[524.5,579.5],[523.5,579.5],[523.5,580],[522.26,580.5],[520.76,580.5],[520,581.5],[518,581.5],[518,581.26],[515.76,581.26],[515.76,581.5],[514,581.76],[512.26,582.76],[511.26,582.5],[509,582.5],[508.76,583],[507.5,583.26],[507.26,582.76],[504.76,582.76],[503.26,584],[502.5,583.5],[501.5,583.5],[500.76,584.26],[499.26,584.76],[499.26,585.5],[498.5,586.26],[497.76,586.26],[497,587.26],[496.5,587.26],[496.5,588.26],[493.76,588.26],[493.26,589.76],[491,590.26],[490.76,590.76],[488.76,592],[488.76,594],[487.76,594],[487.26,594.5],[486.26,594.5],[485.26,595],[485,595.76],[484,597],[483.26,597],[483,597.76],[482,598],[481.76,599],[481.26,599.26],[481.76,600.76],[480.76,600.76],[480,601.5],[478.5,602.26],[478.76,603.26],[478.76,605.26],[478,605.76],[476.26,605.76],[475.26,606.76],[475.26,607.5],[474.26,607.5],[472.76,608.5],[472.5,609.5],[471.76,610.5],[470.76,610.76],[470.5,611.5],[469,612],[469.26,612.5],[472.5,612.5],[474,612],[474.26,611.5],[477.26,610.26],[477.26,609.5],[478.26,609],[477.26,608.5],[477.26,607],[478,606.26],[479,606.26],[479.5,605.76],[480.26,603.76],[483,603.76],[483.5,603],[484.26,602.76],[484.26,601.26],[485.26,600.76],[485.26,599.26],[487.5,599.5],[487.76,599],[491,599],[492,598.26],[493.5,598.26],[494.5,597.5],[495.26,598.26],[496.26,598],[496.26,596.76],[498,596.5],[498.5,595.76],[500,594.76],[502,594.5],[502,593],[503.76,592.76],[504.26,592],[505,592],[505.76,591.26],[507.76,591.26],[509.26,590.76],[510.26,591.5],[512.26,591.5],[513.26,590.76],[513.26,589],[513.76,588.5],[517,588.5],[517.5,588.76],[518,587.76],[517.76,586.76],[518.76,586.26],[520.76,586.26],[521.76,588],[520.76,588.26],[520.26,589],[520.5,589.76],[518.76,590],[518.26,590.76],[519,590.76],[519.76,591.76],[521,591.76],[521.76,591.26],[523,591.26],[523,590.26],[522,589.76],[522.76,589.5],[523.76,589.76],[525.26,589.26],[525,588.5],[526,588],[528.5,588],[529.5,586.76],[534,586.76],[535,586],[537.26,585.76],[537,584.5],[537.76,584.26],[540.26,584.26],[540.5,583.76],[541.5,583.5],[542.76,582.5],[544,582.5],[545.5,581.76],[547,581.76],[547.76,582.26],[549,582.26],[549.26,581.5],[550.26,581],[551.26,581],[552.26,580.5],[552.76,579.26],[554,579.26],[555.76,578.26],[558.26,578],[559.26,577.5],[561.76,577.5],[561.26,578.5],[559.5,578.5],[559.76,579.26],[559.5,580.26],[558,580.76],[558.26,581.5],[557,581.5],[556.76,581],[555.76,581.26],[555.5,582],[554.76,582],[554,583],[553.26,583],[553.26,584],[554.5,584],[554.76,585.76],[556.76,585.76],[557.26,586.26],[558.5,586.26],[559.26,586.76],[558.76,587.76],[556.26,587.76],[556,588.5],[555.26,589],[554.26,588.5],[553.5,589.5],[552.5,590],[552.76,591.5],[550,591.5],[550,592.5],[548,592.5],[547.26,592.26],[546.76,593],[546,593],[545.76,594.26],[544,594.26],[542.26,595.5],[541.76,596.76],[540.5,596.5],[537.26,596.5],[535.76,598.26],[534.26,598.76],[533.26,599.5],[533.26,602.26],[532.76,603],[534.26,602.76],[535,603.76],[537.5,603.5],[538,602.76],[538,601.76],[539.26,602],[539.76,601.5],[541,601.5],[542,602],[541.5,602.76],[541.5,603.76],[542.76,603.76],[543,605.5],[544.5,606],[544.5,607.5],[545.26,607.5],[546,608.26],[546,607.26],[546.76,608],[548,606.26],[548.76,606],[548.76,605.26],[548,604.5],[549.76,604.26],[550,603],[551.5,603.26],[552,604],[553.26,603.26],[556.76,602.76],[556.76,603.76],[555.26,605],[555.76,606],[557.5,606.26],[557.5,607.5],[559,608.26],[560,608],[561.5,608.26],[562,608.76],[560.76,610.5],[561.26,610.76],[561.26,611.76],[560.26,612],[560,614],[559,614.26],[559,615],[560.5,615.5],[560.5,616.5],[561.26,616.76],[560.76,617.5],[559.26,618.5],[558.76,619.26],[557.76,619],[557.26,619.5],[557.26,618.26],[556.5,618.5],[554.5,618.5],[554.5,619],[552.76,619],[552,620.26],[549.76,620],[548.26,621.5],[547,621.76],[547.5,622.5],[548.76,622.5],[549.76,623.5],[550.76,623.26],[553.26,623.26],[554,623],[553.26,624.5],[551.76,624.5],[551,625],[550.5,626.5],[549,626.5],[548.5,625.76],[548.26,626.76],[547.5,626.76],[546.76,628],[544.5,628],[544.26,628.5],[543.26,628.5],[542.5,629.76],[540.26,629.76],[539.26,630.26],[538.5,631.5],[535.5,631.5],[535.5,632],[534.5,632.76],[534.26,633.5],[534.76,634.26],[533.76,634.76],[533.76,636],[532.5,636],[531.26,636.5],[531.26,635.5],[528.76,635.5],[528.76,634.76],[529.5,634.5],[529,633.76],[527.5,634.5],[527.26,633.76],[526,633.76],[525.26,634.26],[525.5,635.76],[524.5,636],[524.5,638],[522.5,639.26],[522.76,640.5],[524.5,641],[524,641.5],[521.76,641.5],[521.5,642.26],[520,642],[520.5,641.5],[520.26,640.76],[519.5,640.26],[518.26,640.5],[518,641.26],[517.26,641.5],[517,641],[515,641.26],[515.26,643.26],[513.5,644.26],[512.76,644],[512.76,645],[511.76,645.76],[511,645.5],[509,645.76],[508.26,646.76],[507,646.76],[506.76,648],[505.26,649.5],[504,649.5],[503.26,650.76],[502.26,651],[502.5,651.76],[508,651.76],[508.76,650.76],[510.5,650.5],[511.5,650],[512.76,650],[513.76,649.26],[516,649],[517,649.5],[519,649.26],[519.5,648],[522.26,648],[522.5,647.5],[524,647.5],[525.5,648],[528.5,647],[528.5,645.76],[528,645.76],[527.5,644.76],[529.76,644.5],[530,643.76],[532,643.76],[533.26,643.5],[534.5,642.5],[536.5,642.5],[538,643.26],[539,643.26],[539.26,642.5],[541,642.26],[541.76,640.76],[543.5,640.76],[543.5,640.26],[545.26,640.26],[545.26,639.76],[547,639.5],[547.26,640.5],[548.76,641],[551.76,640.5],[553,642],[554.76,641.76],[555.26,641],[556,641.5],[556.5,641.26],[557,642],[558.26,642],[558.76,642.5],[559.76,642.5],[560.5,643.76],[562.5,643.76],[563.26,644.5],[564.5,644],[565.5,644],[565.76,644.76],[566.5,645],[569,645],[568.76,646.26],[567.76,646.5],[567.76,647.26],[565.76,647.26],[564.5,647.5],[564.5,648.5],[565,648.76],[564.76,649.76],[564,650],[563.76,649.26],[563,650],[562,648.76],[561.26,648.76],[561,649.76],[560.26,650],[560.5,650.76],[560.26,651.76],[558.76,652],[558.26,652.5],[558.26,653.5],[559,653],[559.26,653.76],[559,656],[560,656.26],[560,655.5],[561,655.5],[561.26,654.76],[562.26,654.5],[562.26,655.76],[561.26,656.26],[561.76,657.5],[560.26,657.5],[560,658.26],[560,660],[558.76,660.5],[558,661.5],[557.76,662.76],[558.26,662.76],[559,664.5],[557.76,664.76],[557.76,665.26],[555.76,665.26],[555.5,664],[554,663.76],[553.26,664.76],[552.26,664.76],[552.5,665.5],[551.76,665.5],[551.76,666.76],[549,667.26],[549,668],[548.26,668],[548.26,668.76],[546.5,669.76],[546.26,670.76],[543.26,670.76],[542,672],[540.76,672.26],[539,672.26],[540.26,670.76],[539,669.76],[539,668.76],[538.5,668.26],[538.5,667],[539.26,666.5],[540.26,666.5],[541.26,665.5],[541,663.26],[542.5,663.26],[543.26,662.26],[544,662],[544,660.76],[541.76,661],[541.76,661.5],[540,661.76],[539.5,663.5],[537.26,663.76],[537.26,666],[536.26,666.26],[536,666.76],[534.76,667.26],[534.76,668.5],[535.5,668.76],[535.26,670],[533.5,670.5],[533.76,671.5],[533.26,672.26],[530,672.26],[529.5,673.26],[528.26,673.5],[526.5,673.5],[525.5,673.26],[525.5,672.76],[526.76,672.26],[526.76,671],[525.76,671],[525.76,668.76],[525,668],[522.5,667.26],[522.5,666.26],[521.5,666.26],[521,665.5],[520,665.5],[520,664.76],[519,663.5],[517,663.5],[517,663.26],[514.26,663.26],[513.5,663.5],[513.26,664.5],[512,664.5],[511.26,663.5],[509.5,663.5],[509,662.26],[508.26,662.76],[508.26,663.5],[507,663.5],[505.26,665.26],[506.26,665.26],[506.26,666.76],[508.26,666.26],[508.26,667],[509,668],[510.26,667.76],[510.5,668.26],[512,668.26],[513,668.76],[512.5,669.26],[513,670.26],[513.76,670.26],[514.26,671],[515.76,671.76],[515.76,672.26],[516.76,672.26],[516.76,673.76],[515.76,673.5],[516,675.26],[515.26,676.26],[513.76,676.26],[513,676.76],[513.26,678.76],[512.26,679.26],[511,681],[513.76,681],[514,682],[515,682],[515.76,682.76],[516.76,683],[518.5,683],[519.76,683.26],[519.76,683.76],[521.5,683.76],[521.76,684.76],[521,685.26],[522.26,685.76],[522.26,687],[521,687],[520.76,686.26],[518.5,686.26],[518.5,686.5],[515.76,686.26],[516,686.76],[514,686.76],[513,685.26],[511,686.76],[512.26,686.76],[511.76,687.76],[513,687.76],[514,688.26],[514,688.76],[512.5,688.76],[512.5,689.5],[511,689.26],[510.5,689.76],[510,688.76],[509.76,689.5],[508.76,689.76],[508.5,689.26],[507.26,689.26],[506.76,689.76],[507.76,689.76],[508.26,690.26],[508.26,691.26],[509,691.26],[509.26,690.5],[510,690.5],[510,691.26],[511,691],[511,692],[509.5,692],[509.76,693],[509,693.5],[505.26,693.5],[504.5,693.26],[504,694],[501.76,694],[501.26,694.5],[502.26,695.5],[501.5,695.76],[501.5,697.26],[500.26,697.5],[499.5,698.26],[498.5,698.5],[498.26,699.26],[497.5,699.76],[498.5,700.76],[497.76,700.76],[497.5,702],[495.5,701.76],[494.76,702.76],[493.76,702.76],[492.76,703.26],[493,704.26],[490.76,704.5],[490.5,705],[489.26,705],[488.76,704.26],[487.76,704.26],[485.5,705.5],[484.5,705.5],[484.26,705],[482.5,705],[482,705.5],[482,706.76],[480.26,706.76],[479.76,707.76],[479,707.76],[478.76,706.5],[477.76,706],[476.5,706.26],[476,707],[475.26,706.5],[474.26,706.76],[473.76,706],[472.5,706],[471.76,706.5],[470.76,706.5],[469.76,707],[469,705.76],[468.5,705.76],[467.5,707],[465.76,707.5],[465.76,706],[464.76,706.26],[463.76,707],[462,707],[461.76,708],[462.5,708.26],[461.76,709],[460,708.76],[459,709.76],[458,709.76],[456,708.5],[453.76,708.5],[453,707.5],[452.5,708.26],[452,707.76],[452.76,707.26],[452.76,704.26],[452.5,703.5],[451.76,703.26],[451.5,702.26],[450.5,701.5],[450.26,700.26],[449,699],[449,698.26],[446.5,696.76],[445.26,696.5],[444.26,695.26],[443.76,695.26],[442.76,694.26],[442.76,693],[442,692.76],[441.76,691.26],[439.5,689],[439.26,688.26],[438.26,688],[437.5,687],[437.5,686.26],[436.26,685.5],[436.26,685],[434.76,684],[434.76,683],[434,682.5],[432.26,682.26],[432.26,681],[431.76,681],[431,680],[430.5,680.26],[427.76,680.26],[427.76,680.5],[425.76,680.5],[425.26,681],[423.26,681],[423.26,680],[424.76,680],[425,679.5],[426.76,679.26],[428.26,677.76],[428.76,677.76],[429.76,676.5],[430,675.5],[429.26,675],[429,673.5],[429.5,672.26],[428.76,672],[428.76,670.26],[428,671.26],[427.5,671],[425.76,671],[425.76,670.26],[425,670.26],[424.76,669.5],[422.26,669.76],[421.5,669.5],[420.5,670],[420,669],[418.76,668.26],[418.76,664.26],[417.76,662.5],[416.76,662.26],[415.76,661],[414.76,661],[414.26,660.26],[413.26,660.26],[412.26,659],[411,658],[410.26,658.26],[409.5,657.5],[408.5,657.26],[408.76,656],[409.76,656],[410.76,655.5],[410.76,653.76],[411.26,653.5],[411,652],[411.26,650.5],[412,650],[412,648.76],[413.5,648.5],[414.26,647.5],[414.5,646],[414,645.5],[413,645.5],[411.26,644.26],[410.26,644.26],[410.26,643.76],[407.76,642.26],[406.5,643],[405.5,643],[405,644],[404.26,644],[404.26,641.26],[404.76,640.26],[404.5,638.5],[405,638.26],[405,636.76],[404.5,634.5],[404,634.26],[403.26,632.26],[400.76,632],[400.5,633.26],[400,633.5],[399.5,635.26],[400,635.5],[399.76,636.76],[397.26,636.5],[396.76,636.76],[395.76,638.26],[394.76,638.26],[394.76,637],[395.5,636.26],[395.5,635],[396.26,634.5],[396.5,632.26],[397,632],[396.5,631.26],[396.5,630],[396,629.76],[396,628.76],[395.5,628],[394.5,628],[393.26,626.76],[392.5,626.76],[392.5,625.5],[391.5,625],[391.26,624.26],[390.26,624.26],[389.76,625.26],[388.76,625.26],[388.76,624.26],[389.5,623.76],[389.5,623],[388,623.26],[387.5,622.26],[389.26,621.76],[390.76,620.76],[390.76,619.76],[391.5,619.26],[391.26,616.76],[390.76,616.5],[390.5,615],[389,615.26],[388.76,614.26],[387,614.26],[386.26,615.26],[385.26,615.26],[385.26,613.76],[384.5,612.76],[382.26,613],[382.26,613.5],[380.76,613.5],[380.26,614.26],[379.26,614.26],[379.26,613.26],[380.5,612.5],[380.5,611.76],[381.26,611.76],[381.76,611],[383.26,610.5],[384,609.76],[384.5,608.5],[384.5,606.5],[382.5,604.26],[382.5,601.76],[383.26,601.26],[383.5,599.5],[384.26,598.5],[385.5,597.5],[385.76,596],[385,596],[385,595],[385.5,593.76],[385,593.26],[383,593.5],[382,593.26],[381.26,594],[379.76,594.26],[378.76,595],[375,595],[374.5,594],[373,595],[372.26,593.76],[370.5,593.76],[369.5,593.5],[368.5,592.76],[368.5,591.76],[367.26,591.26],[368,590.76],[367.76,589],[368.26,588.76],[368.26,587.26],[367.26,587],[367.26,585.5],[366,584.5],[366.26,582.76],[365.5,582.26],[365.5,579.5],[365.76,578.26],[364.76,577.26],[364.5,576.5],[363.76,576.26],[363.76,575.26],[363,574.5],[362.76,573.26],[363.26,573.26],[363.26,572],[363.76,572],[363.76,570.76],[363,570],[362.26,567.5],[362.5,567.5],[363,566.76]],[[462,685.5],[462,684.5],[461.26,684.26],[461.26,683.5],[459.76,682.76],[459.76,682],[458,680.5],[457.76,679.26],[456.5,678.76],[456,677.5],[455,677.5],[454,676.76],[453.76,674.26],[453,673.76],[450.76,673.26],[449.26,673.26],[446.5,670.26],[446.5,668.76],[444.76,668.26],[444.26,667.26],[442.76,665.76],[442.5,664],[441.76,663.26],[441.76,662],[440.5,660.76],[439.5,660.5],[437,660.5],[435.76,660.76],[435.26,661.5],[433.76,661.76],[431.5,661.76],[430.5,663.26],[431.5,664.5],[432.26,664.5],[432.26,665.76],[431.5,666],[431.5,667.76],[431,668.5],[431,670.76],[431.5,671.76],[431.5,673.26],[432,674],[432.26,675.5],[432.26,677.5],[432.5,677.5],[432.76,679.26],[433.5,679.5],[434.26,680.5],[435.76,680.76],[436.26,682],[438,683.5],[438,684.26],[439.5,685.26],[440,686.5],[440.76,686.76],[441,687.5],[442.26,687.5],[442.26,688.76],[443.5,690.76],[443.5,691.5],[444.5,692],[444.5,693],[445.5,693.5],[447,695.26],[447.76,695.26],[448.5,696],[449.26,696],[450.26,697.5],[451,697.5],[451.26,699],[452.5,700],[453,701.76],[454,702],[454.26,704],[454.76,704.76],[456,704.5],[458,704.5],[459,704],[460,702.5],[459.5,701.76],[458.5,701.5],[458.5,700.76],[457.5,699],[457.5,698],[456.76,697.26],[456.5,695.5],[455.5,695.26],[455.26,694.26],[454.26,693],[453,692.76],[453,691],[452,690.5],[452,689.76],[451.26,688.76],[451.26,687.5],[452.26,687.26],[452.5,686.5],[453.26,686.5],[454.76,685.5],[457.5,685.5],[459,685.26],[459.26,685.76],[462,685.5]],[[423.76,660.26],[425,659.5],[425,658.76],[425.76,658.76],[426,658],[427.26,657],[428.5,656.5],[428.5,655.76],[429.26,654.76],[430.76,654.76],[430.76,653.76],[431.5,653],[433.26,652.5],[433.5,651.5],[435,650],[434.26,649.5],[433.76,648.5],[432.26,648.5],[431.26,649],[429.26,649],[428.26,648.26],[427.5,647],[426.76,647],[426.26,646.26],[425.5,646],[425.26,646.5],[423.5,646.26],[422.76,645.26],[422.76,642.26],[421.26,641],[419.76,639],[418.5,638.76],[417.26,637.5],[416.26,637.5],[415.76,637],[413.5,636.5],[413.26,636],[411.76,635.26],[411.76,634.26],[416.5,635.26],[417.76,635.76],[418.5,635],[418.5,633],[418.26,632],[417.26,630.5],[415.5,629],[413.5,629.26],[413,628.76],[412.5,629.5],[410,629.26],[409.76,630],[408.76,630],[408.76,629.26],[408,628.76],[407,628.76],[406,629.76],[405.5,629.76],[404.76,631],[404.76,631.76],[406,632.76],[406.26,634],[407.76,635.76],[408.76,636.5],[409,638.76],[410,639.26],[410.5,640],[411.76,640],[412.76,640.76],[414,641],[416.5,643],[418,643],[418.76,643.76],[418.76,645.26],[418.26,646.26],[417,646.26],[416.26,647.76],[416.5,649.26],[416.5,651.5],[415,652.26],[414.26,653.76],[413.26,654.26],[413.26,656.26],[414,657.26],[414.5,657.26],[415,658.26],[416.76,659.5],[417.5,659.5],[418,660.26],[419,660.26],[419.5,661],[420.26,661],[420.5,661.76],[423.5,660.76],[423.76,660.26]],[[481.5,647.76],[483,647.26],[484.76,647.26],[484.76,647],[487.26,647],[487,646.26],[485.5,645.76],[485.26,645.26],[483.26,645.26],[482.76,644.26],[478,644.26],[478.26,645.26],[477.76,645.26],[477.76,646.26],[480,646.26],[480.76,646.5],[481,647.5],[481.5,647.76]],[[416,617.26],[416.76,617],[416.76,616.26],[417.76,616],[417.76,615.5],[419,615.26],[419.5,614],[418,615],[416.5,615.26],[414.26,616],[412.76,618],[412.26,618.26],[409,618.26],[408,618.5],[406.26,620.5],[404,620.76],[403.5,622.26],[402.5,623.5],[403.5,623.5],[405,622.5],[407,622.5],[407.5,621],[408.76,620.26],[409.76,620.26],[411.5,618.76],[412.26,618.5],[414,618.5],[414.76,618.26],[416,617.26]],[[429,610],[429,610.26],[431.5,609.5],[432,608.5],[434,608.5],[434.5,609.26],[434.76,608.76],[436.5,608.76],[435.76,607.26],[431,607.26],[430.26,608],[427.5,608.5],[427.26,609],[426,609],[426.76,609.76],[429,610]],[[420,607],[420.5,606.76],[419.5,606],[418,605.76],[415,605.76],[414.5,605.5],[413.26,606],[412.5,606.76],[410,606.76],[410.26,607.76],[413,608],[413.26,607.5],[414,607.76],[416.26,607.76],[417.5,608],[418.5,607],[420,607]]],[[[409.26,541.26],[409.5,539.76],[410.76,539.26],[410.76,538.76],[413.26,537.5],[413.5,536],[415.26,534.76],[416.26,534.76],[416.26,534.26],[417.76,533.5],[419.5,533.5],[419.5,533],[421.26,533],[421.76,533.76],[422.76,534.26],[424,534.26],[424,535.26],[425,535.76],[427,536],[427,537],[426.26,537.26],[423,537.26],[422.26,538.76],[420.76,539],[420,539.76],[419,539.76],[418,540.26],[415.5,540],[414,541],[412.76,541.26],[412.26,541.76],[409.76,541.76],[408.5,542],[409.26,541.26]]],[[[410.76,543],[410.76,543.5],[409,543.5],[408.76,542.5],[409.76,542.5],[410.76,543]]],[[[414,556.5],[412.26,556.76],[412.26,555.26],[413.26,554.5],[415.76,554.5],[415,555],[414,556.5]]],[[[408.26,559.5],[408.5,560.26],[409.5,561],[409.26,561.5],[407.76,561],[408.26,559.5]]],[[[404,560.26],[404.26,561],[403.5,560.5],[404,560.26]]],[[[402.5,562.26],[401.76,561.26],[402.5,560.76],[404.26,561.5],[404.26,562],[402.5,562.26]]],[[[421.5,529],[420.76,528.5],[420.76,527.76],[421.76,528.26],[422.76,528.26],[422.5,529.26],[421.5,529]]],[[[424.76,528.26],[427.26,528.5],[427.76,528],[429,528],[429.5,527],[430.76,527],[431.5,525.76],[433,525.5],[433.26,526.26],[435.26,527.26],[436.5,527.26],[436.5,527.76],[438.26,528],[439.26,528.76],[439.26,529.5],[438.5,529.76],[438.26,531],[436.76,532.5],[433.76,532.5],[433.5,533],[432.5,532.76],[432.26,532.26],[430.26,532.26],[428.5,532.5],[428.26,533],[427.26,533],[426.5,532.26],[426.5,530.76],[425.76,531],[424,528.76],[424.76,528.26]]],[[[423.26,539.26],[424,539.26],[424.26,540.26],[423.26,541.5],[421.26,541.5],[420.5,541.26],[422,539.5],[423.26,539.26]]],[[[416,555.5],[416,555],[417,554.5],[417,555.5],[416,555.5]]],[[[444,530.76],[444.26,531.26],[446.76,531.26],[448.26,531],[448.5,532.26],[449.26,533],[451.5,533],[451.5,533.76],[452.26,534.5],[451.76,535.76],[450,535.5],[449.26,536.26],[447.26,536.26],[446.26,536.76],[445.5,535.5],[442.76,535.5],[441.26,534.26],[441.26,531],[442.5,530.5],[444,530.76]]],[[[453.76,534.76],[453.5,534.26],[455.5,534.26],[456.5,535.26],[456.26,536.5],[454.5,536.5],[453.5,535.5],[453.76,534.76]]],[[[476,545.76],[476.5,546.5],[475.26,546.5],[475.26,545.76],[476,545.76]]],[[[476,547],[477.76,547],[478.26,546.5],[479,547],[480,547],[479,548.5],[478.26,549],[477.26,548.76],[476,547.76],[476,547]]],[[[483.26,543.76],[484.76,543.26],[485,542.5],[486,542.76],[488.5,542.5],[490.5,541.26],[492.5,541.5],[491.76,542],[492.26,543],[491,543],[489.76,544.5],[487.76,544.5],[486.5,545.5],[485.5,545.5],[484.26,544.5],[483.26,544.26],[483.26,543.76]]],[[[479,544.76],[480.26,544.5],[481,543.76],[482.26,543.76],[482.76,544.26],[482.76,545.5],[482.26,545.76],[480.26,545.76],[479,545.26],[479,544.76]]],[[[483.5,545.5],[483.26,545],[484.26,545.26],[483.5,545.5]]],[[[481.26,548.26],[480.26,548.5],[480.26,548],[481.26,547.26],[481.26,548.26]]],[[[492.76,542.5],[493.5,542.5],[494,543.26],[492.76,543.26],[492.76,542.5]]],[[[495.76,547.26],[495,547.76],[495,546.5],[495.76,546.5],[495.76,547.26]]],[[[492.5,548.76],[493,548.5],[493.26,547.5],[494,548],[494,549.26],[493,549.76],[492.26,549.5],[492.5,548.76]]],[[[495.76,549],[496,547.5],[497,548],[498,549.26],[496,550],[495.76,549]]],[[[490.76,552.5],[491.76,552.5],[491.76,553],[490.76,553],[490.76,552.5]]],[[[498.26,557.5],[497,557],[498.26,556.26],[499.26,556.5],[499.26,557.26],[498.26,557.5]]],[[[494.76,703.5],[495,703.26],[497.76,703],[497.26,704.26],[496.5,704.26],[496,705.26],[493.76,705],[494.76,703.5]]],[[[508.5,542.5],[509,543.26],[508.26,543.26],[508.5,542.5]]],[[[504.26,553],[505.26,553],[505,553.5],[504.26,553]]],[[[499.5,556],[500.26,555.76],[500.5,556.26],[499.5,556]]],[[[499.5,560],[499.76,559.26],[501.26,559.76],[501,560.26],[499.76,560.5],[499.5,560]]],[[[510.5,566.76],[509.76,567],[510.76,565],[512.5,565],[513.26,565.5],[512.5,566.76],[511.76,567],[510.5,566.76]]],[[[510.26,567.76],[509.26,568.26],[509.26,567.5],[510.26,567.76]]],[[[504.26,568.26],[503.26,568.5],[503.26,568],[504.26,567.76],[504.26,568.26]]],[[[513.5,558.26],[513.76,557.26],[515.76,557.26],[516.26,557.76],[515.5,558.26],[515,559.26],[514,559.26],[513.5,558.26]]],[[[515.76,688.76],[515,688.26],[516,687.76],[515.76,688.76]]],[[[513.26,691.5],[512,691.5],[512.26,691],[513.26,691],[513.26,691.5]]],[[[521.5,542.76],[523,543],[523,543.76],[521.76,543.5],[521.5,542.76]]],[[[520.76,544.5],[520.26,544.26],[520.76,543],[521.5,543.5],[521.76,544.76],[520.76,544.5]]],[[[519,553.76],[519,554.5],[518.26,554],[519,553.76]]],[[[522,582],[521.5,581.26],[522.5,581.26],[523.26,582.5],[523,583.76],[522.26,583.5],[522,582]]],[[[521.26,582.5],[520.26,582.5],[520.5,582],[521.26,582.5]]],[[[522.26,586.76],[521.76,586.5],[522,585.76],[523,585.76],[523,587.26],[522.26,586.76]]],[[[517.5,674.5],[517.76,674],[519,673.76],[519.26,673],[520,673],[520.5,674],[519.5,674.5],[519.5,675.26],[518.26,675.76],[517.5,674.5]]],[[[522.76,688.26],[522,688.26],[521.76,687.5],[522.76,687.5],[522.76,688.26]]],[[[518,688.76],[518.26,688],[519.26,687.5],[520.76,687.5],[520.76,688.5],[520,689.26],[518.5,689.26],[518,688.76]]],[[[523.5,538.5],[524.5,538.5],[524.26,539],[523.26,539],[523.5,538.5]]],[[[523.5,581.76],[524,581],[525.76,580.76],[526,581.5],[525,583],[523.76,583.5],[523.5,581.76]]],[[[524.26,585.26],[524.26,586],[523.5,586],[523.5,585.26],[524.26,585.26]]],[[[528.76,637.76],[528,638],[527.76,637.26],[528.5,637],[528.76,637.76]]],[[[525.26,638.26],[525.76,637.26],[526.76,637.26],[527.26,637.76],[527.26,639],[525.76,639.26],[525.26,638.26]]],[[[528,638.5],[529,638.5],[528,639],[528,638.5]]],[[[524.76,641.5],[526.26,641],[526.26,642],[525.76,642.76],[525,642.76],[524.5,642],[524.76,641.5]]],[[[524.5,643],[524,643.26],[523.5,642],[524.26,642],[524.5,643]]],[[[527.26,675],[527.26,674.26],[530,673.76],[530,675.5],[529,676.26],[528.26,676.26],[528,675],[527.26,675]]],[[[533.26,537.76],[533.26,537],[534.5,536.76],[534.76,536.26],[538,536.26],[538.76,535.26],[539.76,535.26],[540.5,535.76],[541.76,535.76],[542.26,537.26],[541.5,537.26],[541,538],[539.76,538],[539.26,538.5],[537.26,538.5],[537,539],[534.76,539],[534.76,538.76],[532.76,538.26],[533.26,537.76]]],[[[531.5,540.5],[532,540.5],[532.5,539.5],[534.26,539.76],[534,541.26],[531.5,541.26],[531.5,540.5]]],[[[532.5,559.26],[533.26,558],[534.5,558],[533.76,559.26],[532.5,559.26]]],[[[537,561.5],[536.76,560.5],[537.76,560],[539.76,560.26],[539.5,561.5],[538.76,562],[537.76,562],[537,561.5]]],[[[536.26,562.5],[535.5,562.5],[535.5,561.5],[536.5,562],[536.26,562.5]]],[[[532,584.76],[532.26,584],[533.5,583.5],[534.5,583.5],[536.26,584.76],[536,585.26],[535,585],[534.5,585.5],[533.5,585.5],[532,584.76]]],[[[531.26,584.5],[530.5,584.76],[530.26,584.26],[531,584],[531.26,584.5]]],[[[534.26,672.5],[534.76,671.76],[535.5,673.26],[534.26,673],[534.26,672.5]]],[[[532,674],[532,673.26],[533.76,672.5],[534,673.26],[534.76,673.76],[534.76,674.5],[532.76,674.76],[532,674]]],[[[537.5,676],[537.76,674.76],[538.26,674.5],[539.26,673],[541,673],[540.76,674.5],[540.26,675],[538.5,675.26],[538.5,676],[537.5,676]]],[[[537.76,676.76],[537.76,677.26],[536.76,677.5],[537,676.76],[537.76,676.76]]],[[[542.76,538.26],[542,537.76],[543.26,537.76],[542.76,538.26]]],[[[545.26,563],[546.5,563],[546.26,563.76],[545.5,563.76],[545.26,563]]],[[[542.76,564.76],[543.26,563.5],[545,563.5],[544.26,565.5],[542.26,565.5],[542.76,564.76]]],[[[543.76,596.76],[543.26,596],[544,596.26],[543.76,596.76]]],[[[543,597],[542,597],[542.26,596.5],[543,597]]],[[[542.5,601.26],[543.5,600],[544.26,600.26],[544.5,602],[544,602.5],[542.5,602.5],[542.5,601.26]]],[[[545,602.5],[545,601],[545.76,601.26],[545.5,602.76],[545,602.5]]],[[[545.76,603.76],[546,603.5],[547.5,603.76],[547.5,605],[547,605.5],[546,605.5],[545,605],[545.76,603.76]]],[[[551.26,555],[551,555.76],[550.26,555.76],[551.26,555]]],[[[552.76,555.76],[552,556.5],[552.26,555.5],[552.76,555.76]]],[[[554,556.26],[553.76,556.76],[552.76,556.76],[553.26,556],[554,556.26]]],[[[551.26,560.76],[551.26,561.5],[549.26,561.26],[549.5,560.5],[551.26,560.76]]],[[[548.26,602.5],[548.26,603.26],[547.5,603.26],[548.26,602.5]]],[[[555,624.26],[554.76,624.76],[553.76,624.76],[553.76,624.26],[555,624.26]]],[[[551.5,627],[551.5,627.5],[550.26,627.5],[550.26,627],[551.26,626.5],[551.5,627]]],[[[553.5,638.5],[554,637.76],[555.26,637],[555.5,638.26],[555.26,640],[554.5,639.76],[554,640.5],[553.26,640.26],[553.5,638.5]]],[[[547,671.5],[546.76,670.76],[547.5,670],[548.5,670.5],[549,671.26],[549.26,672.5],[548.26,672.5],[548.26,672],[547.26,672],[547,671.5]]],[[[558.26,582],[559,582],[559.5,583.5],[558.76,583.5],[558.26,582]]],[[[558,590],[557.5,588.5],[559.5,588.5],[560.76,589.26],[560.76,590],[559.5,590.5],[558.5,590.5],[558,590]]],[[[562.76,589.5],[563,590],[561.76,590.26],[561.76,589.26],[562.76,589.5]]],[[[557.5,604.5],[557.76,603.5],[558.5,603],[559.26,603.5],[559.26,604.5],[558.76,604.76],[557.5,604.5]]],[[[555.26,622.26],[555.5,621.76],[558.26,621.76],[556.76,623.76],[555.5,623.76],[555,623.26],[555.26,622.26]]],[[[575,643.76],[575,644],[576.76,643.76],[577.26,645],[576,645],[575,645.76],[573.5,645.76],[573,646.5],[572.26,646.5],[572,645.76],[571,645.5],[571,644.76],[571.76,644.5],[572,643.76],[575,643.76]]],[[[577.5,645.76],[578.26,644.76],[579.26,644.76],[579.76,645.26],[579.76,646.26],[579.26,646.76],[577.26,646.76],[576.26,647],[577,645.5],[577.5,645.76]]],[[[563.26,655.26],[564,655],[564.5,654.26],[565.26,654.26],[565.26,656],[564.5,657.26],[562.5,656.5],[563.26,655.26]]],[[[560.5,663],[560.76,662.76],[562.5,662.76],[563.5,662.5],[563.76,661.76],[564.5,662],[564.5,662.76],[562.76,663.5],[562.5,664.5],[561.5,665.26],[560.76,664.76],[559.76,664.76],[560,663.5],[560.5,663]]]]},"properties":{"id":"k37","key":"k_the_vale","name":"The Vale","counties":94,"color":"#e8dfe9","owner":null,"ownerCountryId":null,"notes":""},"id":"k37"},
{"type":"Feature","geometry":{"type":"MultiPolygon","coordinates":[[[[452.26,213],[452.26,215.5],[453,215.76],[453,216.5],[454,217.26],[455.76,217.5],[455.76,218.76],[457.5,219.5],[457.5,220],[458.76,220.5],[457.5,221.26],[458,222],[458,223],[459,223.26],[457.76,224.76],[458.5,226.26],[459.5,227.26],[457.76,227],[457.76,228],[456,228.26],[456.76,228.76],[457.76,230],[457.5,230.5],[456,230.5],[455.26,230],[454.26,230],[454,230.76],[454.76,231],[454.76,231.76],[453.5,232.26],[453.76,233],[456,233],[456,232.5],[457,232.5],[457,232],[458.76,232],[459.76,232.5],[459.76,233.5],[460.76,234],[463.76,234.5],[463.76,235],[464.76,235.5],[466.5,235.26],[467.5,236],[466.76,236.26],[467.26,237],[468.26,237],[468.5,237.76],[468,238.76],[467.26,238.76],[467.76,239.76],[466,240.26],[464.76,241.5],[466,241.5],[467,240.5],[468.5,240.5],[469.26,241.76],[470.76,242.76],[472,242.76],[471.5,243.76],[471.76,245.5],[471,246],[470.5,247.5],[470.5,249.26],[471.76,250.5],[472.26,250.5],[472.5,251.76],[473.26,252],[473,253.26],[472.26,253.26],[472.26,253],[466,253],[465,253.26],[464.76,252.76],[463.5,253],[457.26,253],[456.26,253.76],[452.76,253.76],[452.76,253.5],[449,253.5],[449,253.26],[447.26,253.26],[447.26,253],[441.76,253],[439.26,254],[439.26,254.5],[438.26,254.5],[437.5,255],[437.5,254],[436.76,254],[436.76,253.26],[433,252.26],[432,251.5],[429,251],[428.26,251.5],[425.5,251.5],[424,251.26],[423.5,251.76],[421.26,251.76],[421,251.26],[419.26,251.26],[418,252],[414.26,252],[414.26,252.26],[411,252.26],[411,252.5],[405.5,252.5],[405.5,252.26],[398.76,252.26],[397.76,251.76],[395.76,251.76],[394,253],[392,253],[391.5,252.5],[390,252.76],[389.76,252.26],[388.5,252.76],[388,251.5],[386.26,251.5],[385,252],[383.76,252],[382.76,252.76],[381.26,252.76],[380.76,253.5],[378,253.76],[376.5,254.5],[373.5,254.76],[373.5,254],[372.26,253.76],[372,253],[371,253.26],[370.5,252.76],[369.5,252.76],[367.5,251],[367,250.26],[366.26,251],[362.76,251],[361.5,251.26],[361,252],[360.26,252.26],[355.76,252.26],[355.26,251.5],[354.26,251],[354.26,250.5],[353,249.5],[352.26,249.26],[352,250],[349.5,250.26],[349,249.26],[348.26,250],[347,250],[346.26,248.76],[343.76,248.76],[342.26,248.5],[341.5,247.76],[341.26,246.76],[340.5,246.26],[338.76,246.26],[338.76,247.26],[337.26,247.26],[336,247.26],[336.26,246.5],[338.26,246.5],[338.26,245.76],[339,245.26],[340,245.26],[339.76,244.5],[340,243.5],[338.5,242.76],[338,241.76],[337.26,241.76],[338.26,240.5],[338.5,239.5],[336.26,239.76],[336.5,238.26],[335.26,237.26],[335.76,237],[338,237],[339.5,236],[339.76,235],[340.26,235.76],[341,236],[342.26,234.76],[342.26,234],[344,234],[345,233],[345,232.26],[344.26,232.26],[345.26,230.76],[347,230.5],[347.26,229.26],[348.26,229],[350.5,227.76],[350.5,227.26],[351.5,227],[354.26,225.26],[356.5,225],[357.76,224.5],[358,225.5],[358.76,226],[360,225.76],[365.5,225.76],[365.76,225],[368.5,223.5],[369.76,223],[371.26,221.26],[372.76,220.76],[374,219.26],[375,218.5],[376.76,218],[378,216.76],[378.26,216.76],[378.5,216.76],[379.26,216.26],[380.26,216.26],[381,215.76],[384.26,215.76],[384.26,215.5],[389.26,215.5],[390,216.26],[391.76,216.26],[393,216],[393.26,215.5],[395.26,215.26],[396.26,214.5],[398.5,214],[398.76,213.5],[400.76,213.5],[400.76,213.76],[405.5,213.76],[405.5,214],[411.26,214],[412.76,213.5],[415,213.5],[415,213.76],[418.76,213.76],[418.76,213.5],[428,213.5],[428,213.76],[433.76,213.76],[435,213.26],[436.76,213.26],[436.76,213],[452.26,213]]],[[[351.26,219.5],[352,220],[352,221],[353.26,222.76],[353.26,223.76],[350.76,225.26],[349.76,225.26],[350,223.76],[350,221.26],[349.26,220.5],[349,219.5],[351.26,219.5]]],[[[330.76,238.26],[330.76,237.76],[331.76,237.26],[333.26,237.26],[333.5,237.76],[334.5,238],[334.26,238.76],[335.26,238.76],[335.26,239.5],[334.26,239.26],[334,238.76],[332.5,238.76],[332.26,238.26],[330.76,238.26]]],[[[456,213.5],[454.5,213.76],[455.26,212.76],[456,212.76],[456,213.5]]],[[[456,213.5],[457,213],[457,213.76],[456,213.5]]],[[[455,232.5],[455.76,232],[455.5,232.76],[455,232.5]]]]},"properties":{"id":"k38","key":"k_the_wall","name":"The Wall","counties":10,"color":"#dde1d4","owner":null,"ownerCountryId":null,"notes":""},"id":"k38"},
{"type":"Feature","geometry":{"type":"MultiPolygon","coordinates":[[[[173.76,823],[174.26,822.76],[173.76,821.76],[173.76,820.5],[173,820.5],[172.5,819.76],[173.26,819.5],[173.26,817.76],[172.5,817.5],[172.5,816.76],[173.26,816.26],[173,815.76],[173.26,814.26],[172.5,813.26],[173.26,813.26],[173.76,812.5],[173,812],[171.5,811.76],[172,811],[171.26,810.5],[171.26,809.5],[172.26,808.76],[173.5,808.5],[176,808.5],[177,808],[177.76,806.5],[178.5,806.5],[179,805.26],[178.26,805],[178.76,804.26],[180,804.26],[180.76,803],[180.76,801.76],[182.5,801.76],[183,801.26],[183.76,801.76],[183.76,800.76],[185.26,799.5],[185.76,798.26],[185,798],[183.76,799],[183.76,799.76],[182.76,799.76],[182.26,800.26],[181,799.76],[180.76,797.76],[181.76,797.5],[182,796.5],[184,796.76],[184.5,796.26],[184.5,795],[183.76,794],[183,794],[184.5,792],[185.5,791.5],[185.26,791],[183.76,791],[183.76,790],[182.76,789.76],[183.26,789],[182.76,787.5],[181.76,787.26],[181.26,786.26],[177,786.26],[175.5,786.5],[176.26,785.76],[177.26,785.5],[178,784.5],[179.76,784.76],[180.76,783.5],[183,783.26],[183,782.26],[182,782.26],[182.76,781.26],[185,781.26],[185.5,779.5],[186.26,780],[188,780],[188.76,780.5],[188.26,779.26],[189.5,779],[190.5,778],[188.5,778],[188.5,775.26],[188.26,774.5],[187,773.76],[188.26,773.76],[188.5,772.5],[189.5,771.76],[189.5,771],[188.5,771],[188,770.5],[188.76,769.5],[189.5,769.5],[190.26,768.76],[191.26,768.76],[191.76,767.76],[191,767.5],[191.26,767],[192.26,766.76],[192.26,764.26],[193.5,764],[193.76,763.5],[193.5,761.76],[194.5,761.76],[195,761.26],[195,758.26],[194,758.26],[194,757.76],[195.5,757.26],[194.76,756.26],[193.76,756],[193.5,755.5],[192.5,755.5],[192.5,755],[194,754.5],[194.26,754],[192.26,753.26],[192,752.76],[190.5,752.76],[189.5,753.26],[189.5,752.5],[188.5,752.5],[188.26,753],[185.76,753.26],[185,754],[184,753.76],[183.76,752.5],[181.76,752.5],[180.5,753.5],[180.26,754.26],[178.26,754.26],[177.26,755],[176,755.26],[175.76,754.26],[173.26,756.26],[173.26,755.76],[172.26,755.76],[172.26,757.5],[170.5,758.5],[170.76,759.5],[169.26,760.76],[166.76,761.26],[166.5,762],[166,761],[165,761],[164.5,762],[163.26,762],[162.76,761],[162,761],[161.5,761.76],[160,762],[159.26,762.76],[158.76,764],[157.76,764],[157.26,766],[156.76,766],[156.76,764.26],[157,763.26],[155.76,762.76],[156,761],[156.5,760.5],[155.76,760],[155.76,759.26],[157.5,759.26],[157.76,758.26],[157,757.26],[158.76,756.5],[159,755],[160.5,755],[160.76,754],[161.26,754.26],[163.26,754.26],[164,753.26],[164,751.5],[164.5,751.5],[164.26,750.5],[164.26,748.5],[165,747.5],[165.5,747.5],[165.26,746.5],[164.26,746.5],[164.26,745.5],[163.5,745.5],[163.5,744.76],[166.5,744.76],[167.26,744],[169.26,744],[168.76,743.5],[169.26,742.76],[169.26,741.76],[171,741.76],[170.26,740.76],[171.5,740.5],[172,739],[173.5,740],[173.26,741.26],[174.76,740.76],[174.76,740],[177,740.26],[177.5,739.76],[177.26,739],[180.26,739],[181,738],[181.5,738],[181.76,736.76],[182.26,736.5],[182.26,735.26],[183.5,735],[184.5,733.76],[185.76,734],[187.76,734],[188.5,733.26],[187.5,732.76],[189.5,732.76],[190,732.26],[191.76,732.26],[191.5,730.76],[194,730.5],[194.26,731],[195,730.5],[195.5,729.5],[195,728.5],[196.5,728],[196.26,726.76],[198,726.76],[199.26,726.5],[200.5,725.5],[201.26,726.5],[202.26,725.26],[203,725.26],[203,724.26],[204,724.26],[204,722.76],[205.5,721.76],[207,721.76],[207,720.76],[206.5,720],[207.26,719.76],[207.26,718.5],[206,717],[205.26,717],[206,715.76],[206.5,715.76],[206.76,714.26],[208,714.26],[209,713.76],[208.76,712.5],[208,712],[208.26,711],[209,709.76],[208.5,709.5],[208.5,708.26],[209.5,708],[209.76,708.5],[210.76,708.26],[210.76,707],[211.26,707],[212,706],[213,706],[213.76,705.5],[214,706],[215.26,706],[215.26,704.76],[215.76,705],[217.5,705],[217.5,704.5],[215.5,704.5],[215.26,703.76],[214.5,703.5],[214.26,704],[213.26,703.5],[211.76,703.5],[210.5,704.26],[206,704.26],[206,703.26],[206.76,702.76],[207.76,702.76],[208.76,702.26],[208.76,701.26],[208,701],[207.5,700.26],[206.26,700.26],[208.26,699],[208,696.76],[208.76,696.5],[208.76,695.5],[210.76,695.5],[210.76,695.26],[212.5,694.26],[214.5,693.76],[213.76,693.26],[213.5,692.26],[214.26,691.76],[214.26,690.5],[215.5,690],[215.76,688.5],[216.26,687.76],[218.5,687.5],[218.26,686.5],[219.5,686.5],[220.26,685.76],[219.5,685.26],[219.5,683.76],[220.76,683.76],[221.5,683.26],[221.5,682.5],[220.5,682],[220.5,681],[222.26,681],[222.5,679.5],[221.5,679.5],[220.5,679],[220.5,678.5],[219,678],[218,677.26],[217.5,676.26],[216.5,676.26],[216,675.76],[216,674.5],[216.5,674],[216.5,673],[215.5,672],[215.5,671.26],[214.26,670.76],[214.5,669.5],[215,669.5],[216,668.26],[215.5,667.5],[215.5,666],[218.5,665.5],[218,664.26],[218.5,664],[219.76,664.26],[222.26,664.26],[221.5,665.5],[223.26,665.76],[223.5,666.5],[225,666.5],[225.26,666],[224.26,665.5],[224.5,664.76],[226.26,664.5],[226.5,663.26],[227.26,663],[227,662.26],[227.76,662.26],[228.5,661.26],[229.26,661.76],[232.26,661.76],[232.26,661.5],[234.26,661.5],[234,662.5],[235.5,663],[238,663],[239.76,664.26],[240.5,665.5],[241.26,665.76],[243.5,665.76],[243.5,666.5],[242.5,667],[243.26,667.5],[241.76,669.26],[240.26,670.26],[240,671.5],[241.76,671.5],[242.76,670],[244.76,669.5],[245.5,668.26],[247.26,668],[247.76,667],[249.26,667.26],[249.5,666.5],[250.26,666],[251.26,666.76],[253.26,666.5],[253.5,667.5],[255,667.76],[257,666.5],[258,666.5],[258,665.76],[258.76,665],[260.76,665],[261,664.5],[262,664.5],[262.76,665.26],[263,663.76],[264,663.5],[265.76,663.5],[266.76,663],[266.76,663.76],[268,664.26],[267.76,664.76],[266.5,665.5],[266,666.5],[266.76,666.5],[267.76,665.5],[270,665.5],[270.26,664],[270.76,663.76],[270,662.76],[272.5,662.76],[274,662.5],[275,662],[276.26,662.76],[276.26,664],[277.76,664],[278.26,665.26],[279.26,665.26],[279.76,664.5],[283,664.5],[284,663.5],[283.76,663],[285,663],[285.5,662.5],[286.76,662.5],[287,661.76],[289.76,662.26],[289.76,663],[291,664.76],[291,666],[290.5,666.76],[289,667],[288,668.26],[287.76,669.76],[286.26,669.76],[284.76,671.26],[282,671.26],[282,672],[279.76,672.26],[279.5,673.5],[280.26,674.26],[281,674.26],[281,675.76],[280.5,676.76],[279.5,677],[279,678],[278.5,678],[277.5,679],[277.5,680.5],[276.5,681],[275.76,682],[275.76,682.76],[275,683],[275,683.76],[275.76,684.76],[275.76,688],[276.26,689],[277.76,690.26],[278,692],[278.5,693],[278.5,694],[278,694.76],[278,696.5],[276.76,698.26],[276.76,698.76],[274.76,700.5],[274.76,701],[273.76,701.76],[273.76,703],[272.26,704.26],[272.26,705.5],[270.76,705.76],[270.5,706.76],[269.76,707],[269.76,708.26],[270.26,708.76],[270.26,710.26],[271,711.26],[271.26,712.5],[272.26,712.5],[273,713.26],[273.76,713],[274,713.76],[275,713.76],[275,714.26],[276,714.26],[276.5,715.5],[277.5,715.76],[277.5,717],[278.26,717],[279.26,718.26],[279.26,720],[280,720],[281.26,720.76],[281.26,722.26],[282.26,722.26],[282,723],[283,723.76],[282.76,724.76],[282.26,724.76],[281.76,726.26],[281.26,726.26],[281.5,728.5],[281.5,732.5],[282.5,732.76],[282.26,733.5],[282.26,735.76],[282,736.76],[281,737.76],[280.5,740],[280.5,742],[281.26,742.26],[281.5,743],[282.26,743.26],[282.76,745],[284,746.26],[283.76,747.5],[283,747.5],[283.26,748.26],[282.5,748.26],[282.26,749.26],[283.26,750.26],[283.26,751.5],[282,751.5],[282,752.5],[282.76,752.76],[283.26,753.5],[283.26,754.5],[284.26,754.76],[284.26,755.26],[286.26,755.76],[286.76,756.5],[287.5,756.76],[287.26,759],[286.26,760],[286.26,761.76],[287.26,762.26],[288.26,762.26],[289.26,762.76],[289.76,763.5],[290.5,763.5],[291,765.26],[292,765.26],[292,766.26],[293,766.76],[293.26,767.76],[293.76,768],[293.76,769],[295.26,769.76],[296.5,770],[296.5,773],[298,773],[298.26,773.5],[296.76,775.26],[296.76,777.5],[296.26,777.5],[296,779.5],[296.76,780.26],[298.26,780.26],[298.5,782.26],[297.26,783],[297.26,783.76],[296.5,784],[296.5,784.76],[295.76,784.76],[295,785.5],[295,786.26],[294.26,786.26],[294.26,787],[291.76,787.26],[291.26,788.5],[290,789.5],[290,792],[289.26,792.5],[286.26,792.5],[286,793],[285.26,792.76],[285,794.26],[285.5,795.26],[283,795],[282.26,795.26],[281,800.76],[281.26,802.26],[282.26,803.26],[282.26,805.5],[281.26,806],[279.76,805.76],[279.5,806.5],[278.5,807],[278.5,807.5],[277.5,807.76],[276.5,808.76],[274.76,808.76],[274,808],[273.5,806.76],[272,806.5],[271,807.26],[269.76,807.26],[268.5,808.76],[268.26,809.5],[265.26,809.76],[264.5,810.5],[263.5,810.76],[263.5,811.5],[259.26,809.5],[258.26,809.26],[257.76,807.76],[256.26,807.76],[255.76,808.5],[255,808.76],[254.5,809.5],[254.5,810.5],[252.76,810.76],[251.5,810.26],[251.5,809.5],[249,808.76],[248.76,808.26],[248.26,809],[248.5,811],[247.5,811.76],[247.26,813.26],[245.26,813.26],[244.5,814],[243.26,814],[242.5,815.26],[241.76,815.26],[241.76,816.26],[240.5,817],[240.5,817.76],[239.76,818.26],[239,820.5],[237,821],[236.76,820.5],[236,820.76],[235.76,820.26],[234,820.5],[234,821.26],[231.76,821.5],[231.5,822],[230.5,821.26],[229.26,821.26],[228.26,820.76],[228.26,819],[228,818.5],[226.76,818.76],[226.5,819.5],[225.26,819.76],[225.26,820.76],[223.76,820.76],[223,822.26],[221,822],[220.76,823],[219.26,823],[218.26,823.76],[217.76,825.26],[217.26,825.76],[215.5,825.5],[214,825.76],[213.26,824.5],[212,824.5],[211.26,825],[211,826.5],[210.26,826.5],[210.26,827.5],[209,827.5],[208.5,826.76],[207.76,827.26],[205.5,827.5],[205,826.76],[202.26,827],[202.5,828],[200.76,829.26],[198.5,829.26],[197.26,829],[196.5,828.5],[196.26,829],[194.76,827.5],[193.26,827.5],[193.26,828.26],[191.76,828.26],[191.5,829],[189.76,829.5],[188.76,828.76],[185.76,828.76],[185.26,828.26],[184.26,828.26],[183.26,829],[181.5,828.76],[180.76,827],[180,826.5],[178,826.26],[177.5,825.5],[176.76,825.26],[176.5,824.26],[174.5,824],[173.76,823]]],[[[161,745.5],[161.5,745.5],[162,744.26],[162.76,744.76],[162.5,745.5],[163.26,746.5],[163.26,747.26],[161.76,747.26],[160.5,748.5],[159.76,748.5],[159.76,747.5],[161,745.5]]],[[[163,747.76],[162.76,748.26],[162,747.76],[163,747.76]]],[[[163.26,749.76],[162.26,749.5],[162.76,748.76],[163.5,748.76],[163.26,749.76]]],[[[153.26,766.26],[153.5,765.5],[154.5,765],[155.5,765],[156,766],[155.76,768.26],[154.5,768.76],[154,769.5],[153.5,767.76],[153.76,766.5],[153.26,766.26]]],[[[156.76,766.76],[157.76,766.5],[157.5,767.26],[156.76,767.5],[156.76,766.76]]],[[[153,769.5],[151.76,769.76],[152,768.76],[153,768.76],[153,769.5]]],[[[166,809],[165.26,809],[165.5,808],[167.26,808],[167,808.76],[166,809]]],[[[167.76,810.76],[167.26,810.76],[167,809.5],[168.26,809],[168.76,808.26],[170.26,808.5],[170.76,809.26],[170.5,810.26],[170,810.26],[170.5,811.5],[167.76,810.76]]],[[[176.76,728],[176.76,726.76],[177.5,725.76],[176.76,725.26],[177,724.26],[178,724.26],[178.76,722.76],[179.76,722.76],[180,722],[182,722],[182,720.76],[182.5,720],[182.5,718.26],[183,717.5],[183.76,717.5],[184.5,716.76],[185.5,716.76],[185.76,716],[186.5,716],[186.26,714.76],[186.76,713.76],[187.76,713.26],[187.76,712],[187.26,711.76],[187.26,710.76],[188.26,710.5],[188.76,709.76],[190.26,709],[191.26,707.26],[193,707],[194.26,705.76],[195.26,706],[195.26,708.5],[195.76,709],[195.76,710],[195,711],[194.26,711],[194.26,713.26],[194.5,714.26],[193.26,715.26],[193.26,718.5],[193.5,719],[192.5,719],[192.5,719.5],[191.5,719.5],[191,720],[191,722],[190.26,723],[190.26,725],[189.5,726],[188.26,726.26],[188,727.26],[187,727.26],[186.26,727.76],[183.5,727.76],[183.5,728.5],[182,728.76],[181,729.26],[180.5,730.76],[179.5,731.26],[178.5,731.26],[178,731.76],[176.76,731.76],[175.76,732.5],[175.76,731.5],[176.26,731],[176.26,728.26],[176.76,728]]],[[[174.76,730],[175.5,729],[175.5,730],[174.76,730]]],[[[174.26,731.5],[175.26,731],[175,732.26],[174,732.5],[174.26,731.5]]],[[[180,734],[180.76,733.5],[181,732.76],[183,733],[183.26,733.76],[182.5,734.76],[181.26,735],[181.26,735.5],[179.26,735.5],[179.26,734.76],[180,734]]],[[[180.26,737.26],[179.5,736.5],[181,736],[180.76,737.26],[180.26,737.26]]],[[[180.5,782.76],[180.26,782.26],[181,782],[181.26,782.76],[180.5,782.76]]],[[[188.26,730],[188.76,729.5],[190.76,729.76],[190.5,731.26],[189.5,732],[188.76,732],[188.26,731.26],[188.26,730]]],[[[185.26,731.76],[184.5,732.26],[184.26,731.5],[185.26,731.76]]],[[[186,776.26],[186.76,775.26],[187.5,775.76],[187.5,777.5],[186.76,777.5],[186,776.26]]],[[[195.26,714.26],[195,713],[195.76,713.5],[195.26,714.26]]],[[[195.5,715],[197,715.5],[197,717],[196.26,717.26],[196.26,718.26],[195.5,718.5],[195.5,719.5],[195,719.76],[195,718.26],[194.5,718.26],[194.26,715.76],[195.26,715.5],[195.5,715]]],[[[201.26,719],[200.26,719],[200.26,718],[201,716.5],[202.26,716.76],[202.26,717.76],[203.5,718],[203.76,718.76],[201.26,719]]],[[[195.76,721],[195.76,720.26],[196.5,719.76],[196.5,720.76],[195.76,721]]],[[[201.26,724],[201.26,725.26],[200.26,725.26],[200.26,724.5],[201.26,724]]],[[[192,730],[191.5,730],[191,728.76],[191.76,728.76],[192,730]]],[[[193.76,730],[193,730],[192.76,729],[193.5,729],[193.76,730]]],[[[205.76,676.76],[207.26,675.76],[208,675.76],[208.26,676.5],[210,676.5],[212.26,675.76],[213.26,677.26],[212.26,677.76],[210.26,677.5],[209.76,678.26],[208.5,678.76],[205.76,678.76],[205.26,678.5],[205.76,676.76]]],[[[204.5,677.76],[203.26,677.5],[203.5,677],[204.76,676.76],[204.5,677.76]]],[[[208.5,680.76],[207.5,680.5],[207.5,679.76],[209.26,679.5],[209.26,680.26],[208.5,680.76]]],[[[209,689.26],[208.26,689.26],[208.26,688],[209.26,688.5],[209,689.26]]],[[[204.76,700.76],[206.26,700.5],[206.5,701.76],[205,701.5],[204.76,700.76]]],[[[204.26,701.76],[203,702],[203,701.5],[204,701.26],[204.26,701.76]]],[[[200.5,703],[202.26,703],[203.26,702.5],[204.76,702.76],[204.5,704],[204,704.5],[203,704.5],[203,705],[201.26,705.26],[200.76,703.76],[200,703.76],[200.5,703]]],[[[205,705.5],[204,705.76],[204,705],[205.5,704.76],[205,705.5]]],[[[205.76,711],[206.5,711.76],[205.76,711.76],[205.76,711]]],[[[203.26,713],[204.76,712.76],[205.26,712.26],[206.26,712.26],[206,714.76],[203.76,715],[203.26,714.5],[203.26,713]]],[[[203.26,717.5],[203,716],[203.5,716],[203.76,717.5],[203.26,717.5]]],[[[211.26,670.76],[211.26,670.26],[213.26,670.76],[214.26,672.5],[214,674],[213.5,674.5],[212.5,674.26],[211.5,673.5],[211.5,671],[211.26,670.76]]],[[[211,672],[210.26,672],[210.76,671],[211,672]]],[[[210.26,675.5],[209,675.5],[209,675],[210,675],[210.26,675.5]]],[[[213.76,675.76],[215,675.26],[215.26,676.26],[214.76,676.76],[213.76,676.76],[213.76,675.76]]],[[[216.5,676.5],[216.5,677],[215.26,677],[215.5,676.26],[216.5,676.5]]],[[[213.76,678.26],[213.26,677.5],[214,677.26],[213.76,678.26]]],[[[218.76,682.5],[219.76,682.76],[219,683.26],[218.76,682.5]]],[[[209.5,686.5],[210.26,685.5],[211.26,685.5],[212,686.26],[213,686.5],[213,687.76],[210.26,687.76],[209.5,688],[209.5,686.5]]],[[[211.76,691.76],[211.76,690.76],[213,690.5],[213,692],[211.76,691.76]]],[[[227.76,661.26],[227,661.26],[227.5,660.5],[227.76,661.26]]],[[[222.26,662],[223.26,661.5],[223.5,662.5],[224,662.5],[224,663.5],[221.5,663.5],[220.76,663.26],[221,662.5],[222.26,662]]],[[[221,661.76],[220,662.26],[220.26,661.5],[221,661.76]]],[[[224.76,663],[224.5,662.26],[225.76,662.26],[225.5,663.26],[224.76,663]]],[[[236,661.26],[236,661.76],[235,661.76],[234.26,660.76],[235.5,660.76],[236,661.26]]],[[[236,661.26],[236.76,660.76],[236.5,661.5],[236,661.26]]],[[[243.26,664.5],[242,664.5],[242,663.76],[243.76,663.5],[243.26,664.5]]],[[[245,663.76],[246,663.76],[246.5,664.26],[247.76,664.26],[247.76,664.76],[245.5,666.26],[244.26,666.76],[244.5,665.26],[244,664.5],[245,663.76]]],[[[246.76,663.76],[246.5,663],[247.76,663],[247.76,663.76],[246.76,663.76]]],[[[249.26,664],[248.26,664.26],[248.76,663.5],[249.26,664]]]]},"properties":{"id":"k39","key":"k_the_westerlands","name":"The Westerlands","counties":78,"color":"#e6e2ea","owner":null,"ownerCountryId":null,"notes":""},"id":"k39"},
{"type":"Feature","geometry":{"type":"Polygon","coordinates":[[[321.76,78.26],[321.26,78.26],[321,77.5],[319,75.76],[317.76,76.5],[317.5,77.5],[316,78.76],[315.26,79.76],[315,81.5],[313.5,82.76],[311.26,83.5],[311.26,84],[309.5,84.26],[309,83.76],[307.26,83.76],[307,85],[306.26,85.26],[305.76,84.26],[304.5,84.26],[303,83.5],[302.26,83.5],[301.26,82],[299,82],[297,81.26],[296,80],[292.76,78.76],[292.26,78],[289.5,78],[289.5,77.76],[289.26,77.76],[288.76,77.76],[288.5,76.76],[288,76.5],[288,75.5],[289,74],[289.76,74],[290.5,73.26],[290.5,72.26],[291.5,72],[291.76,71.26],[292.76,71.26],[293.26,69.76],[295.26,69.76],[295.5,68.76],[294.76,68.5],[294.76,67.26],[296,67.26],[296,66.5],[294.5,66],[294.26,65.5],[291.76,65.26],[289.26,64],[288,64],[287,63],[286,62.5],[284.5,62.26],[284.26,61.5],[283.5,61.26],[283.5,60.26],[282.76,60.26],[283.26,59.5],[283.26,58.5],[280.76,58.26],[280.5,57],[279.5,56.26],[279.5,55.5],[278,54.76],[277.76,53],[276.26,51.5],[276,49.5],[275.26,48.26],[274.5,48.26],[274.5,47],[275.26,46.76],[275.26,45.76],[274.76,45.5],[274.5,43.5],[274.76,43.5],[274.76,41.5],[274,41.26],[274,40],[275,39.5],[275,38.76],[274,38],[275,37.26],[275,36],[274.5,35.76],[275.26,35.26],[275.5,34.26],[276.5,34.26],[276.5,32.76],[279.76,32.5],[279.76,31.5],[280.5,31.26],[280.76,30.26],[281.5,29.76],[283,29.76],[283.5,30.5],[285.5,30.5],[285.76,30],[286.26,30.76],[287.26,30.76],[287.5,30],[288.26,30.26],[288.5,31],[290.76,30.76],[291.5,30.26],[291.76,30.76],[292.76,30.76],[293.26,31.5],[294.5,31.5],[294.76,31],[296.76,31.26],[297,31.76],[300.76,31.76],[301.5,32.26],[302.76,32],[302.76,32.5],[303.76,32.5],[304.76,33.5],[304.76,34.5],[305.5,35.26],[307,35],[307.26,36.5],[308.26,37],[308.26,38.26],[308.76,38.5],[309,40.76],[309.76,40.76],[309.76,42.5],[309,43],[308.76,44],[308,44],[307.26,44.76],[306.76,47.76],[307.5,48.26],[307.76,49],[308.5,49],[309,48.26],[310,48],[310,46.26],[311,45],[311.76,45],[312,44.26],[313,43.5],[313.26,44],[315,44.26],[315.76,43.76],[316.76,45],[317.5,45],[318.26,45.76],[319.26,45.76],[319.5,46.26],[320.5,46.26],[320.5,47.76],[322.76,47.76],[323.76,48.26],[326,48.26],[326.26,47.76],[327.26,47.76],[327.5,48.76],[328.5,49.26],[328.5,49.76],[329.5,50.5],[331.5,51],[331.5,50.26],[332.76,49.76],[334,51.26],[335.26,52.26],[336.26,54.26],[337,54.76],[337.26,56],[337.26,58.5],[337,58.5],[337,60.5],[337.26,61.26],[336.76,62],[337.26,62.26],[337.26,63.26],[336.26,63.26],[335.26,63.76],[336.5,64.76],[337.5,64.76],[338.26,65.76],[337.26,66.5],[337.26,67],[336.26,67.76],[336.5,69.26],[335.5,69.5],[335.5,71],[334.76,71.5],[333.5,71.5],[332.5,72],[330.26,72.26],[329.5,73.5],[329.5,77],[328.5,77],[328.26,76.26],[327.26,76.26],[326.76,75.76],[324,75.5],[323.76,76.26],[322.26,77],[322,78.26],[321.76,78.26]]]},"properties":{"id":"k40","key":"k_thenn","name":"Thenn","counties":8,"color":"#d8e4e2","owner":null,"ownerCountryId":null,"notes":""},"id":"k40"},
{"type":"Feature","geometry":{"type":"MultiPolygon","coordinates":[[[[638.26,968.76],[637,969],[636.76,969.5],[635.26,969.76],[635.26,971.76],[635.76,972.26],[635,974.5],[634.26,975.26],[634.26,976],[633,976.5],[632,976],[632,976.76],[630.76,976.26],[630.26,975.5],[629.5,975.5],[629,976.76],[627,976.76],[626.5,976.5],[626.76,975.26],[627.76,974.76],[627.5,972.76],[626.76,973],[626.5,972.5],[625.26,972.76],[625,972],[623.76,972],[623.76,972.5],[622.76,972.5],[622.5,973.5],[621,974.26],[620.76,975.26],[618.5,975.5],[618,974.5],[616.26,975.5],[616.26,978],[615.26,978.26],[614.26,979.26],[612.76,979.26],[612.26,980],[611.5,980],[611.26,980.76],[610,981.26],[609.26,981],[609,981.5],[607.76,982],[606.76,981.76],[604.76,981.76],[605.5,981],[606.26,979.5],[607.5,979.76],[607.5,979.26],[609,977],[608.26,976.26],[608.5,974],[609,974],[609.76,972.76],[610.76,972.5],[610.76,971.26],[611.76,970.5],[612.5,970.5],[612.5,969.26],[614.5,969.5],[615.76,968],[616.26,968],[616.26,965.76],[615.76,965.26],[616.76,964.26],[618,964.26],[618,963.76],[616.76,962],[615.76,962],[615.5,961.5],[616.5,960.76],[616.76,959.76],[616.26,959.5],[616.26,958.5],[617,958],[617,957],[616.26,956.76],[615.76,955.5],[614.76,955.26],[614.76,953.5],[614.5,954.26],[613.26,954.26],[612.5,954.76],[612.5,953.76],[611.5,953.26],[611.5,950.26],[613.76,950.26],[613.76,949.76],[612,948.26],[612,947],[612.76,946.76],[612.5,946.26],[611.5,946.76],[611.26,945.26],[610.26,945],[609.26,944.26],[609.26,943.76],[610.26,943],[610.26,941.76],[611.5,941.76],[612.5,940],[612.5,938.26],[614,939],[616,938.76],[615.26,938],[615.26,936.5],[613.76,936.5],[613.5,935.76],[614,935.26],[615.26,935],[615.5,934.26],[614.5,933.5],[614.5,932.76],[615.26,932.26],[615.5,931.5],[617.5,931.5],[618.5,930.26],[616.76,929.76],[616.5,929.26],[619.5,928.5],[620.26,927.5],[622.26,927.26],[623,926.5],[623,925],[624.26,925.76],[624.26,926.26],[625.5,926.5],[625.76,927.5],[626.76,928],[628.26,928],[628.76,929.26],[629.5,929.5],[630,929],[631,929.5],[632.76,929.26],[633,930.5],[632.5,931],[632.5,932.26],[633,932.26],[634.76,933.5],[635.5,934.5],[636.26,934],[635.26,933.26],[635.26,932.76],[636.26,932.26],[639.5,931.76],[639.5,931.26],[641,931.26],[641.76,930],[642.5,930],[643.5,931.26],[645,931.26],[645.26,930.26],[645.26,928.5],[646.26,928.26],[645.5,926.5],[646.5,926.26],[646.76,926.76],[648.5,926.5],[648.76,926],[649.76,926],[651,926.76],[651.26,925],[652.26,924.76],[654,923.76],[655,925.26],[656.26,925],[656.26,924],[657.26,924.76],[659,925],[660.5,924],[661,922.26],[661.76,922],[662.76,922.5],[662.76,921.26],[664,922.5],[666.5,923],[667.26,922],[667.76,922],[669.5,924],[669.76,927],[670.76,928],[672.26,928.26],[673.5,929.76],[673,930],[673.26,931.26],[672.26,930.76],[671.5,931],[671.76,931.76],[671.5,933.26],[670.5,935.5],[670.26,936.76],[669.76,937],[669.76,938],[668.5,938],[668,938.5],[667,938.5],[666.5,939.26],[665.5,938.76],[664,939],[663.5,938.5],[662,938.26],[661.76,937.76],[660.26,937.76],[660,937],[659.26,937.76],[657,938.5],[656.76,939],[655.26,939],[655,938.5],[653.26,938.76],[652.26,940],[651,940.26],[651.26,942],[649,943],[648,943],[647.5,943.76],[645.76,944.26],[645.26,945],[644.5,944],[643.5,944],[642.5,944.5],[642.26,945.5],[641,945],[639.76,943.76],[638,943.76],[637.26,942.76],[635.5,942.76],[634.76,943],[634.76,943.76],[633.5,943.76],[633,944.76],[631.76,944.76],[632,945.5],[631.26,945.26],[631,946.76],[629.76,946.76],[629.76,947.76],[628.76,948.26],[628.5,949],[626.5,948.76],[626,949],[626.26,949.76],[627,950],[627.5,950.76],[627.26,951.5],[627.26,954],[626.5,954.26],[626.5,955.26],[625.76,955.5],[626,956.5],[627,957],[627.5,958.5],[628.5,958.5],[628.76,959.26],[630.26,958.76],[631,959.76],[631,961.26],[632,961.76],[632,962.26],[633,962.26],[633,962.76],[634,963],[635,962.5],[636,964],[636.26,965.26],[637,965.5],[636.26,966.5],[636.76,967.76],[638.26,968.26],[638.26,968.76]]],[[[581,925.76],[581.5,925.76],[581.5,924.76],[582.76,924.76],[583,925.5],[584.76,925.26],[585.26,926.5],[586,926.5],[586.5,927.26],[585.5,927.26],[585.26,928.26],[586.26,929],[586.26,929.76],[587,930.76],[589.26,930.76],[590.5,932.26],[589,932.5],[588,933.5],[587.5,934.76],[586.26,935],[586.26,936.26],[584.5,936.5],[584.76,935],[584.26,934.76],[581.5,934.76],[581,934.26],[579.76,934.26],[580.26,933.5],[581,933.5],[581.76,931.76],[581.26,931.5],[581.26,929.76],[580.5,930.26],[580.5,928.76],[582,928],[582,927.26],[581,926.76],[581,925.76]]],[[[591.26,930.76],[590.26,931],[590,930],[591,930],[591.26,930.76]]],[[[598.76,930.76],[600.26,931.26],[601.26,930.5],[601,929.76],[601,928],[600.5,927.76],[600.5,926],[601.26,924.76],[602.26,924.76],[602.5,924.26],[604.26,923.26],[604.5,922.26],[605.26,922],[605.26,920.26],[607.26,920.5],[607.76,920],[609.5,920],[609.5,920.26],[611.5,920.26],[611.5,919],[613,918.26],[613.5,917.5],[614.76,917.26],[614.76,919.5],[614.5,919.5],[614.5,921.5],[614.76,922.5],[613,923.5],[613,924.5],[612.5,925.26],[611,926.26],[610,926.26],[609.76,927],[609,927],[607.5,928.5],[610,928.5],[611.5,927.76],[613,927.76],[613,929.26],[612.5,929.5],[610.76,929.5],[609.76,930],[609.26,931],[607.76,931],[607,931.76],[607,933.5],[607.5,934],[606,934.76],[606,935.5],[605,935.76],[605,936.26],[603.76,938],[602.76,938.26],[602,939.26],[600.26,938.26],[600.76,936.5],[599.76,936.5],[599.26,935.76],[598.5,936],[597.5,935.76],[594.76,935.76],[594.76,934.5],[595.5,934],[596.76,934],[597.26,933.26],[598,931],[598.76,930.76]]],[[[608.76,943.26],[608.26,943.26],[608.5,942],[609.26,942.26],[608.76,943.26]]],[[[617.76,925.26],[617.76,926.26],[617,926.5],[617,927.26],[615.5,927.26],[614.26,927.76],[614.26,925.5],[615,924.76],[615.76,924.76],[616,924],[617.26,924.26],[617.26,923.76],[618.26,923.5],[617.76,925.26]]],[[[647.26,925.5],[647.26,926],[646.26,925.76],[646.5,925.26],[647.26,925.5]]]]},"properties":{"id":"k41","key":"k_tyrosh","name":"Tyrosh","counties":11,"color":"#dfd6e2","owner":null,"ownerCountryId":null,"notes":""},"id":"k41"},
{"type":"Feature","geometry":{"type":"MultiPolygon","coordinates":[[[[11.5,1517.5],[11.76,1517],[13.5,1517.26],[13.5,1518.5],[14.26,1519],[14.26,1520],[13.76,1520.5],[11.5,1519.76],[11,1517.76],[11.5,1517.5]]],[[[15,1520],[15.26,1518.26],[14,1518],[14.26,1517],[15.26,1516.5],[16.5,1516.5],[17.26,1515.5],[19.26,1515.5],[19.26,1516.76],[20,1517.5],[19,1519.26],[17.26,1519.76],[15.76,1520.76],[14.76,1520.76],[15,1520]]]]},"properties":{"id":"k42","key":"k_unknown","name":"Unknown","counties":1,"color":"#e4e1e9","owner":null,"ownerCountryId":null,"notes":""},"id":"k42"},
{"type":"Feature","geometry":{"type":"MultiPolygon","coordinates":[[[[968.26,1076.26],[970.5,1076],[971.26,1075],[972.76,1074.76],[974.26,1074],[974,1072],[975.5,1071],[975.76,1069.76],[976.26,1069],[977.26,1069],[977.5,1069.5],[979,1069.5],[980,1068.76],[980.76,1067.76],[981.26,1068.5],[980.5,1069],[979.5,1070.5],[978,1071.76],[977.5,1072.5],[977.5,1073.5],[978.76,1074.26],[979,1076],[977.5,1077.76],[977.5,1079],[978,1079.5],[977.76,1081.5],[978.5,1081.76],[978.26,1082.5],[978.26,1085],[975.76,1086.5],[976,1088.76],[975.26,1089.26],[975.26,1090.5],[976,1091.5],[975.5,1092.26],[974.26,1092.5],[974.76,1093.76],[975.76,1093.76],[975.5,1095.5],[976,1095.76],[975,1097.5],[973.5,1097.76],[972.5,1098.5],[971.76,1099.5],[971.26,1101.26],[969.26,1101.5],[967.76,1103.5],[966.76,1104],[965.5,1105.5],[964.5,1105.76],[964,1106.76],[965.5,1106.76],[965.76,1106.26],[969.26,1104.76],[969.5,1104.26],[971.26,1104],[972.5,1103.26],[973.76,1103.26],[974.76,1102.76],[975.76,1101.26],[975.76,1100.26],[977,1100.76],[978.5,1100.5],[979.26,1099.76],[979.26,1098.76],[980.76,1097.76],[982.26,1097.76],[983,1097.26],[985,1097],[985.5,1096.26],[986.76,1096],[985.76,1095.26],[985.76,1094.26],[985.26,1093.5],[985.26,1091.5],[985.5,1091.5],[985.5,1089.76],[984.76,1089],[984.76,1087.76],[986.26,1086],[986.76,1086],[987.5,1084.76],[987.5,1083.26],[988.26,1083],[988,1082],[988.26,1080.5],[987.5,1080.5],[986.76,1081.26],[985,1081],[985,1078.26],[986.26,1077],[987,1075.5],[987.26,1072.76],[988.76,1070.26],[989,1068.76],[988.5,1068.26],[987.5,1068.26],[987.26,1067.76],[988.26,1067.76],[988.26,1067.26],[989.26,1066.26],[989.5,1064.5],[990.26,1063.76],[992.26,1063.26],[992.76,1062],[993.76,1061.26],[996,1060.5],[996,1057.26],[996.5,1056],[997.76,1055],[998.26,1053.26],[999,1052.26],[1000.76,1052],[1002.5,1050.76],[1003,1049.5],[1004.5,1049],[1006,1047.5],[1008.26,1047.5],[1009.26,1047],[1011.26,1045.26],[1010.76,1044],[1010,1044],[1009.26,1043.26],[1009.26,1042.26],[1010.26,1041.26],[1011.76,1041.26],[1012.76,1040.26],[1013.26,1039],[1014.26,1038.76],[1014.26,1037.5],[1017.76,1036.76],[1020.26,1036],[1020.76,1035.26],[1021.76,1035.76],[1024.5,1035.76],[1025.26,1035.26],[1026.76,1035.5],[1027.76,1036],[1027.26,1037.26],[1027.26,1038.5],[1028,1039.5],[1028,1040.26],[1026.76,1041.76],[1026.76,1043],[1026.26,1043.5],[1026.26,1044.5],[1027,1044],[1028.26,1041.5],[1029.76,1040.5],[1030,1040],[1029.26,1037.26],[1030,1037],[1031,1035.76],[1032.5,1035.5],[1033.26,1034.5],[1032.76,1034.26],[1029.26,1034.26],[1029.26,1033],[1027.76,1032.76],[1026,1033.5],[1023,1032.76],[1023.26,1031.26],[1024.76,1031],[1025.26,1030.5],[1026.5,1030.5],[1029,1029.76],[1030.5,1029.76],[1030.26,1028.76],[1026.26,1028.76],[1025,1029.5],[1021.26,1029.5],[1020,1029.76],[1019.5,1029.26],[1021.5,1028.5],[1022.26,1028],[1023.26,1026.26],[1024.5,1026.5],[1024.76,1026],[1026,1025.76],[1025.5,1024.76],[1026.5,1024],[1026.76,1023],[1027.5,1022.76],[1029.26,1022.76],[1030.26,1022],[1031.5,1023],[1031.26,1024.5],[1031.5,1025.26],[1033,1025.26],[1033.76,1025.76],[1033.76,1027.26],[1032.5,1027.76],[1032.5,1029],[1034,1029.76],[1034.26,1030.5],[1033.76,1031.5],[1034.26,1032],[1035.5,1032],[1035.76,1031],[1036.26,1031.5],[1038.5,1031.26],[1038.5,1032.26],[1040,1032.26],[1040,1033.26],[1041.5,1033.26],[1042.26,1034.5],[1043.26,1034.5],[1042.76,1035.5],[1043.26,1035.76],[1043,1037.5],[1044,1037.76],[1044.76,1037.26],[1045.5,1038.5],[1046.26,1037.76],[1047.76,1038],[1048.26,1037.26],[1049.26,1037.5],[1049.26,1036.76],[1050.5,1037.26],[1049.5,1038.76],[1049.5,1039.76],[1050,1040.26],[1050,1041.26],[1049.26,1041.26],[1048.5,1042.26],[1049.26,1042.76],[1049.26,1044],[1048.26,1044.5],[1047,1044.5],[1046,1044],[1046,1046.5],[1045,1046.76],[1045.26,1047.5],[1044.76,1048.5],[1043.5,1049],[1043.5,1050.26],[1045,1051.26],[1045.26,1052.76],[1046.5,1053.5],[1046.26,1054.26],[1043.76,1054.76],[1044,1055.26],[1042.76,1056.5],[1041.26,1056.5],[1042.26,1057.5],[1044.26,1057.76],[1044.26,1058.5],[1043.5,1058.5],[1042,1059.26],[1041.5,1061.26],[1040.26,1061.26],[1039.26,1061.76],[1039.5,1064],[1040.26,1064],[1040.76,1064.76],[1041.5,1065],[1041.26,1066.5],[1040.5,1066.76],[1040.76,1068.76],[1040.26,1068.76],[1040.26,1069.76],[1041,1070.5],[1042,1070.26],[1042.26,1069.76],[1044,1069.76],[1045.26,1069.26],[1046.26,1069.5],[1046.26,1071],[1045.76,1072.26],[1046,1074],[1044.26,1074],[1043.76,1074.26],[1043.76,1076.26],[1043,1077.26],[1042,1078],[1041.5,1079.5],[1042.5,1079.26],[1043.26,1079.76],[1043.26,1081],[1042.76,1081.26],[1042.76,1082.26],[1042,1083.5],[1040,1084.26],[1039.76,1085],[1040.26,1085.26],[1039.76,1087],[1041.26,1088.5],[1043,1088.76],[1043.5,1090],[1042.5,1090.5],[1042.5,1092.5],[1042,1094],[1041.26,1095],[1040.26,1095],[1039.76,1095.5],[1040,1096.76],[1040.5,1097.26],[1041.76,1097],[1042.5,1095.76],[1044,1095.26],[1044.76,1094],[1045.26,1093.76],[1046,1091.5],[1046.5,1091.26],[1048.26,1091.26],[1048.5,1091.76],[1050,1092],[1051,1091.26],[1051.26,1089.26],[1052,1089.5],[1052.26,1088.76],[1053.76,1088.76],[1054.5,1088.26],[1056,1088],[1055.76,1087],[1056,1085.26],[1058,1085.26],[1059.5,1087.26],[1060.76,1087.5],[1061.26,1087],[1062.5,1087],[1062.5,1087.76],[1063.5,1087.76],[1064.76,1086.76],[1066.76,1087],[1067,1088.26],[1067.76,1088.26],[1068.5,1089.26],[1068.26,1091],[1067.76,1092],[1068.76,1092.76],[1071,1092.26],[1071.5,1091.5],[1073,1091.5],[1073.26,1092.26],[1074,1092.5],[1073.76,1093.26],[1074.5,1093.26],[1075,1094.5],[1076.5,1094],[1079,1094],[1079.26,1095],[1081.26,1095.26],[1082,1096.26],[1083.26,1096.76],[1083,1097.76],[1084.76,1098.76],[1084.5,1099.76],[1083.5,1100.76],[1084,1102.5],[1082,1103.76],[1082,1104.26],[1085,1105.26],[1085,1105.76],[1083.5,1106.76],[1083.76,1107.26],[1085.5,1107.76],[1086,1109.76],[1084.76,1110.26],[1083,1113],[1083,1113.76],[1083.76,1114],[1083.26,1114.76],[1082.26,1115],[1083,1116.76],[1082,1117.5],[1081.76,1118.26],[1080.76,1118],[1080.5,1117.5],[1079.26,1117.26],[1079,1116.76],[1078,1116.76],[1077.76,1117.26],[1078.5,1118],[1078.5,1119],[1077.5,1119.76],[1075.26,1120],[1075,1119.5],[1073.76,1119],[1073,1120],[1073,1121.76],[1072.5,1122.26],[1071.5,1122],[1071.5,1120.76],[1070.76,1120],[1070.5,1119],[1070,1118.76],[1070,1117.5],[1070.76,1117.26],[1070.76,1116.26],[1069.76,1115.5],[1069.76,1116],[1068.5,1115.5],[1069,1114.76],[1069,1113.5],[1067.26,1112],[1066.26,1112],[1065.76,1112.5],[1064.76,1112.5],[1064.26,1111.5],[1063.5,1111.5],[1063.76,1110.26],[1065.26,1110.5],[1065.5,1110],[1063.26,1108.76],[1061.26,1108.76],[1061.26,1107.26],[1059.26,1107],[1058.76,1107.5],[1056.5,1107.5],[1056,1106.5],[1055.26,1106.5],[1054.76,1108],[1053.76,1108],[1053.26,1109],[1052.5,1109.26],[1052.26,1110.76],[1053.26,1110.76],[1054.26,1111.76],[1054,1112.5],[1053,1112.76],[1053.76,1113],[1053.76,1114.26],[1054.5,1114.76],[1057.5,1114.76],[1057.76,1115.26],[1059.26,1115.76],[1059.26,1118],[1059.5,1119.5],[1060.26,1121.26],[1061.5,1121],[1061.76,1121.5],[1062.76,1121.5],[1064,1123.5],[1064,1124.26],[1063,1125],[1063.5,1125.5],[1063.26,1126.76],[1065,1127.5],[1065.26,1128],[1066.5,1128],[1067.26,1129],[1068,1129.26],[1070.26,1131.76],[1070.76,1131.76],[1071,1130.5],[1072,1130.5],[1073,1131.26],[1073,1134.76],[1073.26,1135.26],[1074.26,1135.5],[1074.26,1137.26],[1073.76,1137],[1073.26,1138.26],[1072.5,1139.26],[1071.76,1139.26],[1071.26,1140.26],[1071.26,1141.76],[1070,1141.76],[1068.76,1142.76],[1070.76,1143],[1070.76,1145.5],[1071.76,1146],[1071.76,1146.76],[1072.5,1147.26],[1072.26,1148],[1071.26,1149.26],[1070.76,1149.26],[1071,1152],[1069.76,1152],[1068.76,1152.5],[1068,1153.5],[1068,1154.26],[1068.76,1154.76],[1068.5,1156.76],[1069,1157.26],[1069,1159.26],[1069.76,1159.76],[1069.76,1161],[1069.26,1161.5],[1069.26,1162.5],[1068.26,1163.5],[1067,1163.5],[1067,1164.26],[1068.76,1164.76],[1068.76,1165.76],[1068.26,1166.76],[1070,1167.26],[1070.26,1168.5],[1068,1169],[1068.26,1170.26],[1067.76,1171],[1067,1170.76],[1063.76,1170.76],[1063,1171.5],[1061,1171.5],[1061.26,1172.26],[1060.26,1174],[1057.76,1174],[1057.76,1175],[1054.76,1175],[1054.76,1173.76],[1056.26,1173.26],[1056,1172.5],[1057,1172.26],[1056.76,1171.26],[1054.5,1171.26],[1053.5,1171],[1053.26,1170.5],[1051,1170.5],[1050.5,1169.5],[1050.5,1168.26],[1051.26,1167.5],[1050.5,1166],[1051.5,1165.5],[1051.5,1164.5],[1052,1164.5],[1052.5,1162.5],[1052,1162],[1050.5,1161.76],[1050.5,1160.26],[1049,1159.76],[1049.26,1158.76],[1050.76,1158.76],[1052.26,1157],[1052.76,1157],[1052,1156],[1051,1156],[1051.76,1154.5],[1053,1155],[1054,1155],[1054.76,1154.26],[1054.76,1153.26],[1056,1152.26],[1056.76,1153.26],[1057.5,1153.26],[1059,1152.26],[1058.26,1151],[1057.5,1151.26],[1054.5,1151.26],[1054.26,1150.5],[1053.76,1150.76],[1052.5,1150.5],[1052.26,1151.26],[1051,1152.26],[1049.76,1152.26],[1048.76,1151.5],[1047.5,1151.5],[1046.5,1152],[1045,1153.5],[1043.76,1153.5],[1043,1154.5],[1043,1155.76],[1042,1156.5],[1040,1156.26],[1040.26,1158],[1039.5,1159],[1039.5,1159.76],[1038.26,1160.5],[1036.76,1160.5],[1036.26,1160],[1036.26,1161],[1035.76,1161.76],[1034,1162.26],[1033.76,1161.5],[1032.5,1161.5],[1031.76,1161],[1031.5,1160],[1029.76,1159.26],[1030.76,1158.76],[1032,1157.5],[1031.76,1156.26],[1030.76,1155.5],[1029.76,1155.5],[1028.26,1154.5],[1027.76,1153.26],[1027.26,1153.5],[1025.26,1153.5],[1024.76,1153],[1022.76,1152.5],[1024.26,1151.26],[1023.26,1150],[1021.76,1149.26],[1020,1150.26],[1020,1150.76],[1019,1150.76],[1017.76,1150.26],[1017.26,1151],[1016.26,1151.26],[1015.76,1150.76],[1014.76,1150.76],[1014,1150.26],[1013.76,1151.76],[1012,1151.76],[1011.76,1153.26],[1013,1153.5],[1012,1154.26],[1010,1154.26],[1009.76,1153.76],[1007.76,1153.76],[1007.76,1153],[1006.76,1152.5],[1005.76,1152.5],[1005.76,1151.5],[1003.5,1152.5],[1002,1152.5],[1002,1151.76],[1001.26,1151.5],[1000.76,1150.76],[999.76,1150.76],[1000.26,1149.26],[1001.26,1148.76],[1001.5,1147.5],[1000,1148],[1000,1147],[999.5,1146],[998.26,1146],[998,1147.76],[997,1148.5],[994.76,1148.5],[994.76,1149],[991.26,1148.76],[990,1150],[989.26,1149.76],[988.76,1150.5],[988,1150.5],[987.76,1149.5],[988.5,1149.26],[988.5,1148.5],[987,1147],[986,1147.5],[984.5,1147.76],[985.76,1149.5],[984.76,1150.26],[982.76,1150.5],[982.5,1151],[982,1150.26],[981.26,1150],[981.26,1149],[980.76,1148.76],[979,1148.76],[977.76,1148.5],[977.26,1147.5],[978.5,1147],[979.76,1147],[979.76,1146],[979,1145.26],[978.26,1145.76],[976.5,1145.76],[976.5,1146],[974.5,1146],[973,1145],[973,1144],[971.26,1143.76],[971.76,1142.76],[971.26,1141.76],[968.26,1141.76],[968.26,1140.76],[966.76,1140],[966.26,1139.26],[965.5,1139.26],[964.76,1140],[963.26,1140],[961.76,1139.5],[960.26,1137.5],[960.76,1136.76],[961.76,1136.26],[961.76,1135.26],[961,1135],[961,1133.5],[960.5,1133.26],[960.26,1130.76],[959.5,1130.26],[957.26,1130],[957.26,1129.26],[956.26,1129],[957,1128],[958,1128],[958.26,1126.76],[957.76,1126.5],[957.76,1125.5],[958.76,1125.76],[959.5,1124],[958.26,1123],[958.5,1122],[960.26,1122],[962.26,1121.76],[961.76,1120.26],[960.26,1120.26],[958.5,1121],[956.26,1121.26],[956.5,1119.26],[954.76,1119.26],[953.5,1120.76],[952,1120.5],[952,1121.5],[951.26,1123.26],[950.5,1123.76],[949.26,1123.76],[949.26,1124.5],[948.26,1124.76],[947.76,1126],[946.76,1126.76],[946,1126.76],[945.5,1125.76],[944,1125.5],[943.76,1126],[942.5,1126.26],[941.76,1127.26],[941.76,1128.26],[939.5,1128.26],[939,1128.5],[939,1130.76],[938.76,1131.26],[937.76,1131.5],[937.76,1132.5],[936.76,1133.5],[937,1134.26],[936.76,1135.5],[937.5,1136],[937.5,1136.76],[936.26,1137.5],[935.5,1137.5],[934.76,1138.26],[934.76,1140.26],[933.26,1140.5],[933,1142],[933.76,1142.26],[933.76,1144],[933,1145.26],[933,1147.26],[933.26,1148.26],[932.26,1148.26],[931.5,1146.76],[930.76,1146.26],[929.5,1146.5],[929.5,1143.76],[929.76,1143.76],[929.5,1142],[928.26,1141.26],[928.5,1140.76],[928.5,1138],[928.76,1137.5],[928,1137.26],[927.76,1136.26],[929.26,1135.5],[929.26,1132.26],[929.5,1131.5],[930.26,1131.5],[931,1130.76],[931,1128.76],[931.5,1128.76],[931.5,1127.76],[930.76,1127],[930.76,1126],[930.26,1125],[931.26,1124.5],[931.26,1123.76],[932.5,1123.76],[932.5,1123.26],[933.76,1122.26],[933.76,1119],[933.26,1118.76],[933,1117],[935,1116],[935,1114.26],[935.26,1114],[937,1114],[937.76,1113.5],[938,1112.76],[939.26,1112],[939.26,1111.26],[937.5,1110.26],[938.76,1108.5],[940,1108.5],[940,1108],[941,1107.76],[941,1107],[942,1106.5],[941,1105.76],[941.76,1104.5],[943.26,1104.5],[944.26,1103.5],[944.26,1102.76],[946.26,1102.5],[946.26,1102],[947.26,1102],[947.26,1100.5],[947.76,1099.5],[948.5,1099.5],[948.76,1098.76],[950.76,1099],[951.26,1098],[953.5,1098],[954.26,1096.5],[953.76,1096.26],[954.5,1095.5],[956.5,1095.5],[956.76,1095],[959,1095],[960.5,1094.26],[960.26,1093.76],[958,1093.76],[957.5,1093.5],[957.5,1091.5],[957.26,1090.5],[956.76,1090.5],[956.76,1089.26],[957.26,1088.76],[959.26,1088],[960.26,1085.76],[961,1085.76],[961.26,1085],[962,1085],[962.26,1083.76],[963,1082.76],[960.76,1081.76],[961,1080.76],[962.76,1080.76],[964,1079.76],[964,1077.5],[964.5,1077.26],[965.5,1076],[967.5,1076],[968.26,1076.26]]],[[[995.5,1045],[996.5,1046.5],[996,1046.76],[994.26,1046.76],[993.26,1047.5],[993,1048.5],[991.26,1049],[990,1049],[989.5,1049.5],[990.26,1051.5],[991.26,1052],[990.5,1052.76],[989.26,1052.76],[989,1053.26],[988.26,1052.26],[986.76,1052],[986.76,1050.76],[985,1051.26],[985,1049],[985.76,1048.26],[985.76,1047],[985,1046.26],[983.5,1046.5],[982.76,1045.5],[982.76,1044.5],[983.5,1044],[983.5,1042],[984.26,1042.5],[985.76,1042.26],[987,1041.5],[987.5,1040.76],[988.5,1042.5],[990,1042],[990.26,1043],[991,1043],[991.76,1042],[992.5,1042.5],[992.26,1043.5],[993.26,1044.26],[993.26,1044.76],[994.76,1044.5],[995.5,1045]]],[[[915,1147],[915.26,1146],[917.5,1146],[918.5,1145.5],[919,1144.76],[920,1144.76],[920.76,1145.76],[920.76,1146.76],[919.76,1147],[919,1147.76],[919.5,1148.76],[919.5,1149.76],[920,1149.76],[920,1151.5],[920.26,1152.5],[918.26,1153.5],[918.26,1154.76],[918.76,1155.26],[919,1156.5],[919.76,1157.5],[922,1158.26],[922.5,1159],[922.5,1163.26],[921.76,1164],[921.76,1165.76],[922.5,1167],[922.5,1167.76],[923.76,1168],[923.76,1169.76],[923,1170.5],[922.26,1170.5],[922.26,1171.26],[923,1171.76],[922.5,1172.76],[920,1172.76],[920,1174],[920.5,1174.26],[920.5,1175.26],[918.5,1177],[918.5,1178.5],[919.76,1178.5],[919.5,1179],[919.26,1181.26],[917.76,1181.76],[917.76,1182.76],[917,1183.76],[915.5,1183.76],[914.76,1183.26],[914.76,1182.26],[915.5,1181],[915.5,1179.76],[914.5,1179.5],[915,1178.76],[915.26,1176.76],[916.26,1174.5],[916.26,1170.5],[915.26,1168.76],[915.26,1168],[917,1165.26],[917,1163.76],[916,1163.26],[914.76,1162],[913.5,1162.26],[912.76,1161.76],[912.76,1158.76],[914.26,1158.26],[915.26,1157.5],[915.26,1155.76],[915.5,1155.26],[914.5,1154.26],[914,1151.26],[913,1151],[912.26,1150.26],[912.26,1149.26],[914.26,1148],[915,1147]]],[[[917,1185.26],[916.76,1184.5],[918.76,1183.76],[919,1184.5],[918.5,1185.76],[917.5,1185.76],[917,1185.26]]],[[[915.26,1187.5],[915.26,1185.26],[916.76,1186],[917,1187.5],[916.5,1188.76],[914.76,1189.76],[914.76,1188.5],[915.26,1187.5]]],[[[917,1220],[917,1219.26],[917.76,1219.5],[918,1220.5],[919,1221.26],[921.5,1221.26],[922.26,1222],[922.26,1223],[921.5,1223.26],[921.5,1224.5],[922.76,1225.76],[923.5,1226],[923.5,1227],[925.76,1227.26],[926.5,1229],[925.5,1229.26],[925.5,1230.26],[927,1231],[927.26,1232.76],[928.76,1233],[928.76,1233.5],[926.76,1234.76],[927.26,1236.5],[928.5,1237],[930.76,1236.76],[931.26,1238.26],[930.5,1238.76],[931.76,1240.26],[932.5,1240.5],[932,1241.26],[930.76,1242],[932,1243.26],[933,1243],[936.5,1243],[937,1243.5],[937.26,1245],[936.76,1245.76],[938.26,1245.76],[938,1247.26],[936.76,1247.76],[935.5,1248.76],[935.5,1249.76],[936.26,1250.26],[937.26,1250.26],[938.26,1250.76],[938.26,1251.5],[937.5,1251.5],[936.76,1252.26],[935.76,1252.26],[934.76,1253],[934,1254],[933.5,1255.76],[931.76,1255.76],[931.26,1256],[930.5,1255.26],[930.5,1254.5],[928.26,1254],[927.5,1253],[926.76,1252.76],[927,1252],[928.76,1251.76],[928.76,1251],[929.5,1249.76],[929.26,1248.5],[928.5,1248],[928.76,1247],[930,1247],[930,1245.76],[929.26,1245.5],[929,1244.5],[928.26,1245],[926.76,1244],[926.76,1242.26],[926.5,1241.5],[925.76,1242],[925.76,1241.26],[925,1240.26],[923.5,1239.26],[922.5,1239.26],[923,1238.5],[922.26,1237.5],[919.76,1238],[918.76,1236.76],[918.26,1235.26],[918.26,1234.26],[918.76,1234],[917.76,1232.76],[916.5,1232.26],[916.26,1230.76],[918,1230.76],[919.26,1231],[920,1230.5],[920,1229],[919,1228],[919.76,1227.26],[919.76,1226.26],[918.26,1225.76],[917,1226.76],[916,1226.76],[915.26,1225.26],[913.5,1225.26],[912.26,1224.5],[911.76,1223],[913.5,1222.76],[914.26,1222],[915.76,1222],[916.76,1221.26],[917,1220]]],[[[923.5,1208.26],[922.26,1207.76],[923,1205.76],[924,1204.76],[924,1201.5],[923.76,1201.5],[923.76,1199],[924.26,1197.76],[925,1197.26],[926,1197.26],[926.5,1196.5],[927.5,1196.26],[927.5,1195],[925.5,1193.26],[925.5,1192.26],[927.26,1191.26],[928.26,1191],[928.76,1190],[929,1188.5],[929,1186],[929.5,1185.26],[930.76,1185.26],[933,1183.26],[935.26,1183.5],[935.5,1183],[936.76,1182.76],[936.76,1181],[937.26,1180.26],[937.26,1179],[938,1177.76],[938.76,1178.76],[939.76,1179.26],[941,1179],[941,1177.5],[939.5,1177.5],[939.76,1175.5],[939,1175.5],[938.5,1174.76],[936.76,1173.76],[936.5,1172.76],[937,1172.26],[937,1171],[938.5,1170.26],[939.76,1169.26],[940,1168.26],[940,1166.5],[940.26,1166],[941.26,1166],[941.5,1166.5],[942.26,1166],[942.26,1162.76],[941.5,1162.26],[941.26,1161.26],[942.76,1161],[944,1159.26],[946.5,1158.26],[946.26,1156.76],[946.76,1156.5],[947.5,1155.26],[948.76,1155.26],[949.26,1154.5],[951.26,1154.5],[952,1155.5],[951,1155.76],[950.5,1157.26],[951.26,1159.26],[953,1159.5],[952.76,1161],[954.26,1162],[957,1162],[957.5,1162.5],[956.5,1165.26],[955.5,1165.5],[955.26,1166.26],[955.5,1168.26],[956.5,1168.5],[956.5,1169.5],[957,1170.5],[956.26,1171],[956,1172.26],[955,1172.5],[954.76,1171.76],[953.5,1172],[953.26,1172.76],[952.26,1173.76],[952.26,1175.76],[952,1175.76],[951.5,1177.5],[952,1178],[952,1179],[951.5,1180],[950.26,1181.5],[949.5,1181.76],[949.76,1182.76],[949.76,1184.76],[950.26,1185.26],[950.26,1186.26],[948,1186.26],[947.76,1187],[946.76,1187.76],[946.76,1190],[946,1190.76],[945.76,1192.76],[944.76,1194.26],[945.76,1194],[946.76,1192.5],[947.26,1192.5],[948,1191],[949,1190.26],[952.26,1190.26],[953.5,1189.5],[954,1187.26],[955.26,1187.26],[956.26,1186.26],[954.76,1183.26],[955,1182.26],[956.76,1182.5],[957.26,1183.26],[958.26,1183.26],[959.5,1182.26],[959.5,1181],[960,1180.5],[961.26,1181.76],[963.26,1181.76],[963.5,1183.26],[964,1183.5],[965.76,1183.26],[967.76,1182.5],[967.76,1184],[968.26,1185],[966.26,1186.5],[966.26,1188.76],[966.5,1190.26],[965.5,1191.26],[965.5,1192.5],[964,1193.26],[963,1194.26],[962,1194.26],[960.5,1195],[963.26,1195],[964.5,1195.5],[965.26,1196.5],[967,1197.26],[967,1198],[965.26,1198.76],[962,1198.76],[961.26,1199.76],[960.76,1199.76],[960.76,1201.5],[960.26,1202.5],[958.26,1203],[955.5,1203],[954.26,1203.5],[953.5,1205.26],[952.26,1205.5],[948,1205.5],[946.26,1204.5],[944,1204.76],[943.76,1206],[942.26,1207.5],[940.76,1208],[940.76,1209.5],[941.26,1211],[942.5,1211.26],[943,1211.76],[943,1213],[941.76,1213.76],[941.76,1215],[942.5,1215.26],[942.76,1216.26],[941.76,1216.5],[941.5,1217.26],[940.76,1217],[940.5,1216],[939.26,1216.5],[938.76,1218],[937.76,1219],[937.26,1221.5],[936.76,1221.76],[936.5,1224],[937.26,1224.5],[937.76,1225.5],[937.76,1226.76],[937.26,1227.26],[937.26,1228.26],[938.76,1228.76],[938.5,1230.26],[938.5,1232.5],[938,1234],[938.5,1234.26],[938.5,1235.5],[936.76,1235.26],[936.76,1234.5],[936,1233.26],[933.26,1233.26],[933,1230.26],[932.5,1229.76],[932.26,1228],[931,1227],[931,1226.5],[930,1225.76],[930,1225],[930.76,1224.76],[930.76,1224],[931.5,1223.5],[931.5,1222],[929,1219.26],[927.76,1219.26],[927.76,1218.26],[929,1217.26],[928.76,1216],[927.5,1216],[927,1216.5],[926,1216.5],[925.5,1215],[924.76,1214.26],[924.76,1213.26],[925.76,1212.26],[925.76,1211.5],[925,1210.76],[925,1209.5],[923.5,1208.26]]],[[[937.76,1109],[937.26,1109],[937.5,1108],[938.26,1107.76],[938.26,1108.76],[937.76,1109]]],[[[939.76,1251],[940.5,1250],[941.76,1250.5],[941.5,1252],[939.76,1252],[939.76,1251]]],[[[949.5,1152],[950.5,1151.5],[950.76,1150.76],[952,1152.26],[952,1153.76],[951.5,1153.5],[949.5,1153.5],[948.26,1153],[948.76,1152.26],[949.5,1152]]],[[[950,1211],[951.26,1211],[951.76,1211.5],[952.76,1211.5],[953,1211],[954,1210.76],[954.5,1211.5],[954.5,1213],[955.5,1212.76],[955.76,1212.26],[956.76,1212.76],[956.76,1213.76],[955.76,1214.5],[956.26,1215.5],[956.26,1217.26],[956.76,1217.26],[957.5,1218.26],[956.76,1219.26],[955.76,1219.5],[955.26,1220.26],[955.5,1221.5],[954,1222.5],[954,1223.5],[954.76,1224],[956.26,1224.26],[957.26,1225.5],[956.76,1225.76],[956.5,1226.76],[955.76,1227],[955.76,1228],[956.5,1229],[956.5,1230.5],[955,1230.5],[953.76,1231.76],[953.76,1233],[952.26,1233],[951.5,1233.5],[951.26,1236],[952,1236.5],[952.26,1238],[951.5,1239.26],[953,1240.5],[953,1241.26],[952,1241.76],[950.26,1244.26],[950.26,1245],[948.5,1245.26],[948.26,1244.26],[948.76,1244],[947.26,1241.76],[948.26,1241],[948.5,1240.26],[948.5,1238.5],[948.26,1237.76],[947,1236.5],[946.76,1235.26],[945.26,1232.76],[944.5,1232.5],[944.5,1231],[945.26,1230.76],[946.5,1228.26],[946.76,1226.5],[946,1225.76],[946,1224.5],[947.76,1223.26],[947.76,1221],[947.5,1220],[948.76,1219.76],[949.26,1219.26],[948.76,1217.76],[947.5,1216.5],[946,1216.26],[946,1215.5],[945.26,1214.26],[947,1213.76],[948.26,1212.76],[949.26,1211.26],[950,1211]]],[[[950,1246.5],[951.26,1244.5],[951.76,1244.5],[952,1245.76],[952,1247.5],[951.26,1248.5],[949.5,1247.26],[950,1246.5]]],[[[964,1168.76],[963.76,1167.26],[964.5,1166.76],[965.5,1165],[965.76,1163.26],[964.76,1162.76],[965.76,1161],[966.26,1161],[965.76,1159.5],[967.26,1159],[968.26,1157.26],[969.26,1157.26],[969.5,1157.76],[969.5,1161],[968.76,1162],[969.26,1162.26],[969.26,1164],[968.76,1164.26],[968,1166.76],[967.26,1167],[967.5,1168.76],[966,1169],[964.5,1170.26],[963.76,1170.26],[964,1168.76]]],[[[955.26,1211],[955.76,1209.5],[957.5,1209.26],[958,1210.26],[958,1211.5],[957,1211],[956.26,1211.26],[955.26,1211]]],[[[968.5,1182.76],[969.76,1181.76],[970.76,1181.76],[970.76,1183.26],[970,1184.5],[968.76,1184.5],[968.5,1182.76]]],[[[977,1185],[978,1185],[978.5,1185.5],[981.26,1185.5],[981.76,1184.76],[982.5,1184.76],[982.76,1185.5],[983.5,1186],[983.5,1187],[982.76,1187.26],[983,1188.76],[983.76,1189.76],[985,1190.26],[985.26,1191.5],[984.26,1192.26],[984.26,1196.5],[985.26,1196.5],[985.5,1197.76],[986.5,1198.26],[986.5,1196.26],[986,1195.76],[986,1194],[987,1193.26],[987,1192.76],[988,1192.76],[988.76,1193.26],[991.26,1193.26],[992.26,1192],[992.26,1190],[993.26,1188.5],[995.5,1188.76],[995.5,1187],[996,1186.76],[996.26,1185.5],[996.76,1184.76],[997.76,1184.76],[998.5,1185.5],[1000,1185.26],[1000,1184.5],[1000.76,1183.5],[1000.5,1181.5],[1003,1181.5],[1004.76,1181.26],[1005,1180],[1007.5,1178],[1007.5,1176.76],[1006.76,1175.76],[1008.76,1174],[1009.26,1173.26],[1010.5,1174],[1011.76,1175.76],[1013.26,1175.76],[1014.5,1177],[1014.5,1178.5],[1014,1178.76],[1013.76,1179.76],[1014.26,1181],[1013.26,1182.5],[1014.76,1182.5],[1015.76,1183.26],[1015,1184.76],[1014,1185.26],[1013.76,1186.5],[1014,1188.5],[1013,1189.26],[1012.5,1191],[1011.26,1191.26],[1011,1192],[1009.76,1192.26],[1009.76,1193.5],[1010.76,1194.76],[1012.76,1196.5],[1012.5,1197.5],[1012,1197.76],[1012.5,1198.5],[1012.5,1201],[1010.76,1201],[1009.26,1203.26],[1009,1204.76],[1008.5,1205.26],[1008.5,1207.5],[1008.76,1207.76],[1007.5,1208.26],[1005.26,1208.26],[1004.5,1208.5],[1005.26,1210.26],[1007.26,1210.26],[1007,1211.26],[1007,1213],[1006.26,1213],[1005.76,1214.26],[1005,1214.76],[1007,1216],[1006.76,1217.5],[1007.5,1217.76],[1008,1218.5],[1008.76,1218.76],[1008.76,1220.5],[1010.26,1221.26],[1011.76,1221.26],[1011.76,1222],[1013,1221.5],[1013,1219.5],[1016.5,1219.26],[1016.76,1218],[1017.26,1217.26],[1017.26,1215.26],[1017.76,1214.5],[1019,1214.26],[1019.26,1213.26],[1020.5,1213],[1020.5,1211.26],[1021,1211.26],[1021.76,1212.26],[1022,1213.26],[1021.76,1214.5],[1021,1214.76],[1020.5,1216.76],[1020.5,1218.26],[1022.26,1219.26],[1022.26,1220.26],[1021.5,1221.5],[1020.76,1224],[1020,1224.5],[1018.5,1226.26],[1020.76,1227.26],[1020.76,1228.76],[1018.5,1231.5],[1017.26,1231.76],[1016.26,1230.26],[1015.5,1230.26],[1014.76,1231.76],[1011.5,1231.76],[1009.5,1231],[1008.76,1230.26],[1006.26,1230.5],[1005.5,1229.26],[1004,1229.26],[1003.76,1231.26],[1004.76,1232.76],[1004.76,1234.26],[1003.76,1235.5],[1003.76,1236.5],[1004.76,1237],[1005.26,1237.76],[1005.26,1239],[1006.5,1239.76],[1006.76,1241],[1005.76,1241],[1005,1241.5],[1005.5,1243.76],[1008.26,1244.5],[1008.26,1245.76],[1009,1246.26],[1009.26,1247],[1010.26,1246.76],[1011.76,1247],[1012.5,1248],[1012,1249.5],[1010.5,1249.76],[1010.76,1251.5],[1012,1252.5],[1012.76,1251.5],[1013.26,1251.5],[1013.26,1253.26],[1013.5,1254.5],[1014.5,1254.5],[1015.5,1253.26],[1016.76,1253.5],[1017,1255.5],[1016.26,1255.76],[1015.76,1256.5],[1014.5,1256.76],[1014.26,1258.26],[1012.76,1259],[1012.26,1260],[1012,1261.76],[1011.5,1262],[1008.5,1262],[1008,1262.5],[1007.76,1264.26],[1007,1265],[1006,1265.26],[1002,1265.26],[1001.5,1266.26],[1000.5,1266.26],[1000.26,1267.76],[999.26,1269.26],[999.76,1269.5],[999.5,1270.26],[998,1269.76],[996,1269.76],[995,1268.5],[994.26,1268.26],[992,1268.5],[991.26,1267.76],[991.26,1267],[992,1266.76],[992,1265.76],[991.26,1266],[989.5,1266],[988,1266.76],[985,1266.76],[984.5,1266.26],[982.26,1266.26],[981.5,1266.5],[980.5,1267.76],[980.26,1268.5],[979.26,1268.26],[977.5,1268.26],[976.26,1267.26],[975,1267.26],[974,1265.76],[974,1265],[975.5,1264.26],[975,1263],[972.76,1263],[972.76,1262.76],[969.76,1262.76],[969.5,1262],[969.76,1260.26],[970.26,1260.26],[971,1259.26],[971,1258.5],[972,1257.76],[972,1257],[971.26,1256.5],[971.26,1254.76],[971.76,1253.76],[971,1252.76],[971,1251.26],[971.5,1250.5],[973.26,1250],[974,1247.76],[973.76,1245.76],[973,1245.26],[972.76,1244],[973.26,1243.26],[974.26,1243.26],[974.26,1242],[975.26,1241.26],[975.5,1240.5],[976.76,1240],[976.76,1236.26],[976,1235.5],[976.26,1234],[977.26,1233.26],[978,1232],[979.76,1231.26],[979.76,1230.5],[978.5,1230.5],[978.5,1230],[976.76,1229],[976.76,1228],[977.5,1227],[977.5,1225.76],[976.5,1225.76],[975.76,1225],[974.26,1222.76],[973,1222],[973,1221],[974.76,1219.76],[974.76,1218.76],[975.26,1218],[977,1217.76],[976.5,1217],[976.5,1216],[977,1215.26],[976.76,1213.76],[979.5,1213.76],[979.5,1213.5],[981.5,1213.5],[981.5,1213],[980.5,1212.5],[979.26,1212.5],[979,1213],[976.76,1213],[975.76,1212.26],[977.26,1210.76],[976.26,1210],[976.26,1208.76],[977.5,1207.76],[977,1206.76],[977,1205.26],[976,1205.5],[974,1205.5],[973,1204.76],[973.26,1202.76],[972.5,1202.5],[972,1201.76],[972.5,1200.76],[974.5,1198.26],[975,1198.26],[975,1196.5],[976,1195.76],[976.26,1194.5],[979,1193.5],[978.76,1193],[977.26,1192.76],[977.26,1191],[976.26,1190.5],[975.26,1190.5],[974.76,1189.76],[975.5,1188.76],[976.5,1188.26],[976.26,1186],[977,1185]]],[[[966.26,1195.5],[965.76,1194.76],[966.5,1193.76],[968,1194],[968.26,1196],[967.5,1195.5],[966.26,1195.5]]],[[[967.76,1197.76],[968.26,1197.76],[968.76,1196.76],[970,1197.76],[969.76,1198.76],[968,1198.5],[967.76,1197.76]]],[[[990.5,1171.76],[988.26,1173.76],[988.26,1175.76],[987.76,1176.26],[986.26,1176],[983.26,1176.26],[981.76,1175.26],[982.26,1175],[982.5,1174],[983.76,1174],[986.5,1172.76],[986.5,1172],[987.26,1170.5],[988.26,1170.5],[988.5,1169.26],[988,1168.76],[988.26,1167.26],[990.26,1167.26],[990.76,1166.5],[992.76,1165.76],[995,1165.76],[995.26,1165.26],[996,1165.76],[996.5,1166.76],[998.5,1167],[999,1166.5],[1000.26,1166.5],[1000.26,1167],[998.5,1167.76],[998.5,1168.26],[997.5,1168.76],[997.5,1170],[996.76,1170.76],[996.26,1170.5],[994.5,1171],[993.76,1171.76],[992.26,1171.76],[991.5,1173],[990.26,1172.76],[990.5,1171.76]]],[[[980.26,1178.26],[979.26,1178],[979.26,1176.76],[982.26,1176.76],[983.26,1177.26],[983,1178.26],[981.76,1178.76],[980.76,1178.76],[980.26,1178.26]]],[[[984.5,1178.26],[984.26,1177.26],[986,1177.26],[986.26,1178],[984.5,1178.26]]],[[[989.5,1270],[991,1269.76],[991.76,1269],[993.26,1269.76],[993.5,1270.5],[995.26,1270.26],[995.5,1271],[994.26,1271.5],[993,1271.26],[990.26,1271.26],[989.5,1271.5],[989.5,1270]]],[[[1008.26,1272.26],[1008.26,1271.76],[1009.76,1271.26],[1010.26,1269.76],[1009.26,1269.26],[1009.26,1268.26],[1010.76,1268.26],[1011.5,1267.26],[1012.5,1267],[1013,1266.26],[1014.5,1265.26],[1015,1264],[1016.26,1264],[1016.5,1264.76],[1018.26,1264.5],[1018.76,1263.76],[1018.5,1262.5],[1018.5,1260.76],[1018.76,1260.26],[1020,1260.5],[1020.26,1261.26],[1020.76,1261],[1020.76,1259.5],[1020.26,1258.5],[1019,1257.5],[1019.26,1255.76],[1021,1256.26],[1022,1257],[1021.26,1255.76],[1019.76,1254.5],[1019.5,1252.5],[1020.26,1252],[1022.26,1252],[1023,1252.26],[1023.5,1253.26],[1023.5,1255.76],[1025,1257.26],[1024,1257.5],[1024,1259.26],[1024.5,1259.5],[1024.76,1260.5],[1024,1261.5],[1025.26,1262.26],[1026.26,1262.5],[1026,1263.5],[1022.5,1264.26],[1022.76,1266],[1024,1266],[1024.76,1266.76],[1025.26,1268],[1025.26,1269.26],[1025.76,1270.5],[1024.76,1271.26],[1024.76,1273],[1025,1274],[1024.5,1274.5],[1023.26,1274.5],[1022.76,1273.76],[1022.76,1272.5],[1024.26,1270.76],[1024,1269.76],[1022.5,1269.76],[1021.76,1269],[1022,1267],[1020.5,1266.76],[1019.76,1268.26],[1018.26,1268.26],[1018.26,1267.5],[1017.26,1267],[1017,1267.76],[1016.26,1268],[1015.76,1268.76],[1014.76,1269],[1014.5,1269.5],[1012.5,1270.5],[1011.5,1271.26],[1011.26,1273.26],[1009.76,1274.26],[1008.26,1274.26],[1009,1273.76],[1009.26,1273],[1008.26,1273],[1008.26,1272.26]]],[[[1013.26,1204],[1014.26,1204.26],[1015,1203.5],[1015,1204.5],[1015.5,1205.26],[1015.5,1206.26],[1016.26,1207.26],[1017,1207],[1017,1203.76],[1017.76,1203.26],[1016.5,1201.26],[1016.5,1200.5],[1017.26,1200],[1017.26,1199.26],[1018,1199],[1019.26,1197.76],[1019.26,1195.76],[1018.5,1194.76],[1018.5,1193.5],[1019.76,1192.5],[1019.26,1191.76],[1018.26,1191.26],[1017.5,1190.26],[1016.76,1190.26],[1016.5,1189.5],[1019,1187.26],[1019,1182.26],[1020.76,1181.76],[1021.26,1183],[1021.26,1184.5],[1021.76,1185],[1021.26,1187],[1020.5,1188],[1020.5,1189.5],[1021.76,1190.76],[1022.76,1191],[1022.76,1191.76],[1021.5,1193.76],[1021.5,1195.5],[1022.26,1196.76],[1023.26,1196.76],[1023,1197.5],[1023,1200.76],[1022.76,1201.76],[1021,1203],[1020,1203],[1020,1205.76],[1019.76,1205.76],[1020.26,1207.5],[1019.26,1207.76],[1019.5,1210.5],[1018.5,1211.26],[1017.5,1211.26],[1016.5,1211.76],[1015.26,1211.76],[1015.5,1210.26],[1013.5,1209],[1012,1209],[1011.26,1208.5],[1011.26,1207.5],[1012,1207.5],[1012.26,1206.76],[1010.76,1205.76],[1010.76,1204.76],[1012,1204],[1013.26,1204]]],[[[1011.76,1239.26],[1011.5,1238.76],[1012.76,1238.76],[1013.26,1238.26],[1015.76,1238],[1016,1239],[1017.5,1239.26],[1017.5,1241.76],[1018,1242.26],[1019.5,1242.76],[1019.76,1244.26],[1017.76,1244.26],[1017.76,1244],[1015.76,1244],[1014.5,1243.76],[1013.76,1242.76],[1014.26,1242.76],[1014.26,1241.5],[1013.26,1241],[1013,1240],[1011.76,1239.26]]],[[[1030.26,1187.76],[1031.26,1188.26],[1031.76,1189],[1031.76,1190.26],[1031.26,1190.76],[1031.26,1191.76],[1032.26,1192.5],[1032.26,1194],[1031.5,1195.26],[1028.5,1195.26],[1029.26,1194.26],[1030.26,1193.76],[1030.26,1191.5],[1029,1190.26],[1028.5,1189.26],[1028.5,1188],[1029.26,1187.5],[1030.26,1187.76]]],[[[1022.76,1211],[1023.5,1210.5],[1023.76,1211.26],[1023,1212.5],[1022.5,1212.5],[1022,1211],[1022.76,1211]]],[[[1028.5,1213.76],[1028,1213.5],[1028.76,1213],[1028.76,1212],[1029.26,1211.26],[1031,1211.26],[1031.26,1210],[1030.5,1209.26],[1030.5,1207.76],[1031.76,1208.5],[1032.76,1208],[1033.76,1206.76],[1034,1204.26],[1034.5,1203.76],[1036,1203.76],[1036,1204.76],[1036.76,1204.76],[1037.5,1205.5],[1037.5,1206.26],[1036.5,1206.76],[1035,1209],[1033.26,1209.5],[1033.26,1210.76],[1033.76,1211.76],[1033.76,1213.5],[1033.26,1213.76],[1031,1213.76],[1030,1214.5],[1029.26,1214.5],[1029.26,1213.76],[1028.5,1213.76]]],[[[1030.5,1217.5],[1030,1217.5],[1030,1216.5],[1030.76,1216],[1032.76,1215.76],[1033,1216.5],[1031.76,1217.76],[1030.5,1217.5]]],[[[1046.26,1068],[1045.76,1067.26],[1046.76,1066.5],[1046.76,1068],[1046.26,1068]]],[[[1044.76,1075.76],[1044.5,1075],[1045.26,1074.5],[1045.5,1075.5],[1044.76,1075.76]]],[[[1056.76,1188.26],[1057.26,1188],[1057.76,1186.26],[1058.5,1185.76],[1060.26,1186],[1060.5,1187],[1063.26,1186.5],[1064.26,1185.26],[1065,1185],[1065.26,1183.5],[1066,1183],[1066.76,1183.5],[1067,1185],[1067.76,1185.5],[1067.76,1186.76],[1066.76,1188],[1066.76,1189],[1067.26,1190],[1066.26,1190.76],[1065.76,1192.26],[1065.26,1192.5],[1064.76,1194],[1065.26,1194.5],[1065.76,1196.26],[1067.26,1197.76],[1067,1199.76],[1064.76,1201.76],[1064.26,1202.5],[1064.5,1203.76],[1064.5,1207],[1064.26,1207.5],[1063.26,1207.76],[1063,1207],[1062,1207.26],[1061.26,1208.5],[1059.5,1209.5],[1059.76,1210.76],[1061.5,1210.76],[1062,1212],[1063,1212],[1063.26,1211.26],[1064,1211.5],[1063.76,1212.5],[1063.76,1214.5],[1063,1215.26],[1064.26,1216.26],[1063,1218],[1062.26,1218.5],[1061,1218.76],[1061.26,1221],[1060.76,1221.5],[1060.76,1224.26],[1061,1224.26],[1061.5,1226.5],[1062.26,1227],[1062.26,1228.76],[1061.76,1229.26],[1061.26,1230.76],[1059.5,1232.26],[1059.26,1232.76],[1059.5,1234.26],[1061,1234.5],[1061,1235.5],[1060.26,1236.5],[1058.5,1237],[1056.76,1237],[1055.26,1238.76],[1054,1239],[1054,1235.5],[1053.26,1235],[1053.26,1236.26],[1052.76,1237],[1051.26,1238.26],[1051.26,1239.76],[1051.76,1240.5],[1050.5,1241.5],[1049.5,1241.5],[1048,1243.26],[1048,1244.76],[1045.76,1246.26],[1044,1246.5],[1043.26,1246],[1043.26,1245.26],[1044,1244],[1044,1241.5],[1044.76,1241.26],[1045.26,1240.26],[1046.76,1238.76],[1046.5,1236],[1046,1235.76],[1045.76,1233.5],[1046,1232.26],[1047.5,1231],[1048,1230.26],[1048.26,1228.5],[1042.76,1228.5],[1042,1228],[1042.5,1226.5],[1043,1226.26],[1043,1224.5],[1043.26,1223],[1042.76,1222],[1041.26,1221.76],[1041.76,1218.26],[1043.5,1217.26],[1045,1217.26],[1045.5,1215.76],[1045,1215.5],[1045,1212.76],[1045.26,1212],[1046.26,1211.26],[1047.5,1211],[1047.76,1210.26],[1048.76,1209.26],[1048.76,1208],[1050.5,1207],[1050.5,1206.5],[1048,1207.26],[1047.26,1208],[1045.26,1208.26],[1045.26,1206.26],[1046,1205.76],[1046.5,1204.5],[1047.76,1203.76],[1047,1202.26],[1047,1200.5],[1049,1200.76],[1049.26,1199.76],[1050.26,1198.26],[1050.26,1196],[1050,1194.5],[1050.76,1193.5],[1051.5,1193.5],[1051.76,1194.26],[1052.5,1194.76],[1052.26,1193.26],[1052.76,1193],[1052.76,1192],[1052.26,1191.5],[1050,1190.76],[1049.5,1190],[1049.76,1189],[1052.26,1189],[1052.26,1188.76],[1054.5,1188.76],[1056.76,1188.26]]],[[[1057,1050.5],[1057,1049.5],[1058.26,1048.76],[1058.26,1048],[1059,1047.26],[1060,1047.26],[1061,1048],[1061,1049.26],[1060,1050],[1060,1051.26],[1060.5,1051.26],[1060.5,1052.76],[1060,1052.76],[1059.76,1054.26],[1057,1054.26],[1056.26,1054.76],[1054.5,1054.5],[1055,1053.76],[1055.76,1053.76],[1056.5,1052.76],[1056.5,1051.76],[1057.5,1051.26],[1057,1050.5]]],[[[1057.26,1084.5],[1057.5,1085],[1056.26,1084.76],[1056.5,1083.76],[1057.26,1084.5]]],[[[1055,1177.5],[1054.76,1176],[1055.5,1175.5],[1056.76,1175.76],[1056.5,1176.76],[1056,1177],[1055.76,1178],[1055,1177.5]]],[[[1075,1121.5],[1075.5,1120.5],[1077.5,1120.5],[1077.5,1122],[1075.26,1122],[1075,1121.5]]],[[[1070.76,1185.5],[1070.76,1185],[1071.76,1184.26],[1072.76,1184.5],[1072.76,1186.76],[1073.76,1188.26],[1073.76,1189],[1072.76,1189.26],[1072.76,1190.26],[1072,1191.26],[1069.5,1191.26],[1069.5,1190.26],[1070.5,1189],[1070.5,1187.76],[1071.26,1187],[1070.76,1185.5]]],[[[1071.5,1197.5],[1072,1196],[1072.76,1196],[1073.5,1197],[1073.5,1198],[1072.5,1199.26],[1071,1199],[1071.5,1197.5]]]]},"properties":{"id":"k43","key":"k_valyria_proper","name":"Valyria Proper","counties":63,"color":"#d9e0e5","owner":null,"ownerCountryId":null,"notes":""},"id":"k43"},
{"type":"Feature","geometry":{"type":"MultiPolygon","coordinates":[[[[748.5,959.76],[748.76,959.76],[749.5,960.26],[750.5,960.26],[751,959.76],[752.26,960],[752.26,961],[753.26,961.5],[755.26,961.5],[756.26,961.26],[757,961.5],[757.5,960.76],[758.76,960.5],[762,960.5],[762.5,960],[763.5,960],[764.26,960.5],[766.26,960.5],[767,961.26],[769.76,961.26],[771.26,960.5],[770.5,960.26],[771,959.26],[772,959.26],[773,958.5],[773.26,957.76],[774.5,957.5],[775,958.26],[776,957.5],[776,956],[775.5,955.5],[775.76,954.26],[775.26,953.5],[775.26,951.26],[775.76,951],[776.26,951.76],[777,951.5],[778,948.76],[778.76,948.26],[778.5,947.26],[777.76,946.76],[777.76,945.76],[776.5,945],[776.26,944.26],[775.5,944.26],[775,943.26],[773.5,943.26],[774,942.76],[774.26,941],[774.26,939.26],[773.5,938.76],[773,937.26],[772.26,937],[772.26,936.26],[771.5,935.26],[771.26,933.26],[770.76,933],[770.26,931.26],[769.76,930.5],[769,930.5],[769.5,929.5],[770.5,928.76],[770.26,928],[772.26,927.76],[772.5,925.76],[773.26,925.5],[772.76,924.5],[772,924],[772,923.26],[770.76,922],[769.5,922.76],[769.5,921.76],[770,921.5],[770.26,920.5],[770.26,917],[769.76,915.26],[770.5,915.26],[770.5,910],[771,909.26],[770.76,908.26],[770.76,905.76],[770.26,905.76],[770.26,903.26],[769.5,901.5],[769,899.76],[767.26,899.5],[766.76,898.26],[765.76,898],[764,898],[763,896.5],[762.76,895.5],[761.76,895],[761.5,893.5],[759.76,893.26],[759.5,891.5],[760.26,891.5],[761.5,890.5],[760.76,889.5],[761,888.26],[761.5,888],[761.26,885.5],[761,884.76],[762.26,883],[762.76,883],[763.5,881],[764.5,880.5],[765.5,878.76],[767.26,878.26],[767.76,877.5],[768.76,878],[771,878],[771.76,877.76],[772.5,876.5],[772.26,875.76],[773,875.26],[773.76,875.26],[774.5,875.26],[775,875.5],[775,877],[776.76,877.26],[777.26,878.5],[777.76,878.76],[778.26,881.76],[779,882],[779.5,882.76],[779,883.26],[779,884.26],[781.26,886],[781.5,886.76],[782.5,886.76],[782.76,887.5],[783.76,887.76],[784.76,889],[786,889],[786.26,889.76],[787,890.26],[788.26,890],[788.5,889.5],[789.5,889.26],[789.5,888.5],[791.26,889],[791.5,889.76],[792.26,889.76],[793,888.5],[794,888.5],[795.76,890],[797.26,891],[797.26,892.26],[796.26,893],[796.26,894],[797.5,894.5],[798.26,895.26],[798.26,896.76],[797.76,897.5],[799.5,897.76],[800.26,898.26],[800.5,899.26],[801.26,900.26],[802.26,899.76],[802.5,900.76],[803.5,901.26],[803,902],[802.76,904.26],[803.5,905],[803.26,905],[801.76,906.5],[801.5,908],[801.76,908.76],[801.26,909],[801,910.5],[802,911.5],[802.26,911.5],[801,912.5],[801,913.76],[800.26,914.26],[800,915.26],[801.26,915.76],[801.5,916.76],[803.26,916.76],[804,916.26],[806.76,916.26],[808,915.76],[808.26,916.26],[810.26,916.26],[811.5,917],[811.76,917.76],[812.76,917.76],[813.5,918.26],[813.26,920],[814,920.5],[814,921.5],[814.76,922.26],[815.76,922.26],[817,921.76],[816.76,922.76],[815.76,923.76],[815.5,925.26],[815,925.5],[814.5,926.76],[814.5,928.76],[814.76,928.76],[814.76,930.5],[814,931.76],[814,932.5],[813,934],[813.5,937.26],[814.26,938.26],[813.26,941],[813.26,943],[812.5,944.26],[813.26,947.5],[814.76,948.76],[815,949.76],[815.5,950],[815.76,951],[816.5,951.76],[816.5,952.76],[817,953.26],[818,955.76],[819.76,957.26],[819.76,957.76],[820.76,958.5],[821,959.5],[821,961.26],[820.76,961.26],[820.5,963.26],[819.76,965],[819.76,967],[821,969],[823,970.26],[823.26,971.26],[825,971.5],[825.26,972.5],[826,973],[826.76,974.76],[827,976],[827,978],[826.5,978.5],[826,980.26],[826,981.5],[826.76,982.26],[827.26,983.5],[828,984],[829.26,984.26],[829.76,985],[829.76,988.26],[830,989.26],[829.5,990],[829.5,991],[828.76,992],[829,993],[829,995.5],[829.76,996.26],[831.26,996.5],[832.26,997.76],[833.76,998],[834.5,999.26],[836.76,1001],[837,1001.76],[837,1004.26],[836.76,1005.5],[836.26,1006],[836.26,1007.76],[835.76,1008.26],[835.76,1012],[836.26,1013.26],[838.5,1014.76],[838.76,1016],[840,1018.26],[840,1020.5],[840.26,1021.26],[841.26,1022],[842.26,1023.76],[843.26,1024.26],[845.26,1024.26],[846.76,1024.76],[847.26,1025.5],[850,1025.5],[850,1026],[851,1026.5],[851.5,1027.26],[851.5,1028.26],[852.5,1029.26],[853.26,1029.26],[854,1030.5],[854,1031.76],[854.76,1032.76],[854.76,1034.76],[854.5,1034.76],[854.5,1036.76],[853.26,1039.26],[853.26,1043],[853,1044.5],[852.26,1046.26],[852.26,1047.26],[851.26,1048.26],[850.76,1051.26],[849.26,1052.76],[849.26,1055],[848.76,1055.5],[848.76,1058],[849.76,1059.26],[849.76,1060.76],[850.76,1061.76],[850.76,1065.26],[849.26,1066.76],[849.26,1067.76],[850,1068],[849.76,1069],[848,1068.76],[847.5,1070],[847.76,1071.26],[846.5,1071.5],[846,1073],[843.26,1073],[843,1072.5],[841.76,1072],[842.76,1071.76],[844,1070.76],[844,1069.76],[844.5,1069.5],[843.5,1068.26],[842.5,1068],[842.5,1067.5],[841.5,1067.5],[841,1067],[840.5,1067.76],[840,1067.5],[838.26,1067.5],[837.5,1067],[837.5,1065.5],[837,1065],[837.26,1064.26],[835.76,1063.76],[835.5,1063.26],[834.5,1063.26],[834.5,1062.5],[832.5,1062.5],[831.5,1063.5],[830.5,1063.76],[829,1063.5],[829,1061.76],[829.5,1061],[827.76,1060.76],[825.76,1060],[825.5,1059.26],[824.76,1058.76],[824.26,1057.76],[823,1057.76],[823.76,1056.5],[823.76,1055],[823.26,1054.26],[822,1054],[822,1055],[821.5,1055.76],[820.76,1056],[818,1056],[817.5,1055.76],[817.76,1053.76],[817,1052.76],[817.76,1052.26],[817.5,1051.5],[816.5,1050.26],[814.26,1050.5],[813.76,1049.5],[811.5,1049.5],[810.26,1049],[811,1048],[812,1047.26],[811,1045.76],[809,1045],[809,1043.5],[808.26,1042.76],[805.76,1043],[805.5,1042.5],[802.26,1041.5],[801.76,1040.76],[799,1041.76],[799,1040.76],[798,1040.26],[798,1039.26],[797,1038.26],[795.26,1037.76],[795,1037],[793.26,1037.26],[793.26,1036.5],[792,1035.76],[789.26,1035.76],[788.26,1036.26],[787.5,1037.5],[785.76,1037.5],[784.76,1036.5],[784.26,1035.5],[785.26,1035],[785.26,1034.26],[786,1033.26],[787.76,1033.26],[789.26,1031.76],[789.26,1031],[790.26,1030.76],[791,1031.5],[792,1031.5],[792.5,1030.5],[792.5,1029.5],[791.26,1028.76],[788.5,1029],[787,1027.5],[786,1027],[784,1027],[784,1027.26],[781.5,1027.26],[781,1026.5],[779.76,1026.26],[778.76,1027.26],[774.26,1027.26],[774.26,1027.5],[772,1027.5],[770.5,1027.26],[770.26,1029.26],[767.26,1029.26],[767,1029],[766.76,1027.76],[767.76,1027.26],[767.76,1025],[769,1022.5],[768.76,1021],[769.26,1020.26],[770.26,1020.26],[771,1017.76],[771.5,1016.76],[770.5,1016.5],[770,1015.76],[769,1015.76],[768.26,1015.26],[767.76,1014.26],[767.76,1013.26],[767.26,1012.76],[767.26,1011.76],[768.26,1010.26],[768.76,1008.76],[769.5,1008.5],[769.26,1007],[768.26,1006.26],[768.26,1005],[767.76,1003.76],[768.5,1002.76],[768.5,1001.5],[768,1001],[767,1001],[766,1001.5],[765.76,1000.76],[764.26,1000.5],[763,1000],[762,998.76],[761.5,998.76],[761.5,997.76],[761,997],[760.26,997],[760.26,995.26],[761,994.76],[761,994],[759.5,993],[758,992.76],[757.5,992],[756,991.5],[756.76,988.26],[755.76,987],[756,985.5],[756.5,985.5],[757,984.26],[757,982],[756.5,981.76],[756.5,980.76],[754.5,980.26],[753.5,979.26],[753.5,977],[752.5,976],[752.5,975.5],[751.26,974.5],[751.26,973.76],[750.26,973],[748.5,973.26],[748.26,972.5],[747.26,972.5],[747,971.5],[747.5,970.76],[747.5,969.76],[747,969.76],[747.26,967],[748,966.76],[748.5,965],[749,964.76],[748.76,963.5],[748,963.26],[748.5,962.76],[748.5,961.76],[747.76,961],[748.26,959.76],[748.5,959.76]]],[[[927,870],[927.76,870.26],[927.76,870.5],[928,870.76],[928,871],[928.26,871.26],[928.5,871.5],[928.5,871.76],[928.5,872.5],[928.76,872.5],[929,874],[930,874.5],[930.76,875.5],[931.76,876],[931.76,876.5],[932.76,877.26],[932.26,878.5],[933.5,879.5],[933,881],[933.5,881.26],[933.76,882.5],[934.5,883],[934,884],[933.76,885.76],[932.5,887.5],[932.76,889.5],[931.26,890],[931.26,891.5],[930.26,891.76],[929.26,892.5],[928.76,893.5],[928.76,895.5],[929.26,896.26],[929,898.26],[928,899.76],[928,900.26],[924.5,902.26],[924.26,902.76],[923.26,902.76],[922.5,902],[921.5,902],[920.76,903],[919.26,903.26],[919.26,903.76],[917.76,903.76],[916.76,904.26],[916.76,905.26],[917.5,905.5],[916.76,906.26],[916.76,908.76],[916.26,909.5],[915.5,909.76],[915,909.26],[914.26,910.26],[914.76,911.76],[914,912.26],[914,913],[913.26,914],[912.26,913.76],[911.76,913],[910,913],[909.5,912.26],[908.5,912],[908.5,913],[908,913.5],[908.26,915],[907.76,915.26],[908,917.26],[908.5,917.26],[908.26,918.76],[909,919.26],[908.5,920],[908.5,921],[906.5,921],[905.5,922.26],[905.5,924.26],[906,924.76],[907.26,924.76],[907.5,925.76],[908.5,925.76],[910,925.26],[910.5,926],[911.5,926.5],[911.5,927.5],[909.76,929],[909,929],[908,929.76],[907.5,931],[907.5,932.76],[907.26,933.76],[908,933.76],[908.76,934.76],[909.76,934.76],[910.76,936],[912.26,936],[912.5,936.76],[914.26,937.76],[914.5,938.76],[914,939],[915.5,941],[916,941],[916.76,942],[917.26,942],[917,943.26],[915.5,944.26],[915.5,945.26],[916.26,946.26],[917.26,945.76],[919.5,945.76],[920.26,945.5],[920.76,946.26],[922.26,945.76],[923,946],[923.76,945],[925.26,944],[928,944],[928.76,943.5],[929.26,942.26],[930.5,942.5],[930.76,941.26],[931.26,941],[930.5,940.26],[930.76,939.5],[932.5,939.5],[933.5,940.26],[935,940.76],[935.5,942.26],[937.5,942.26],[937.5,941.76],[939.5,941.5],[940,942],[940.76,940.76],[941.5,940.26],[941.76,939],[941.26,938.76],[941.5,938],[942.5,937.76],[943,936.5],[944.76,936.26],[945.26,935.5],[945.5,934],[947,934.26],[947.26,934.76],[950.5,934.76],[951.76,933.76],[953.5,933.76],[952.5,932.26],[955.26,931],[956.26,931],[957,930.5],[957,929.26],[958,929.26],[958.76,930.5],[959.26,930.5],[960,931.5],[961,932.26],[962.26,932.76],[963.26,933.76],[965.76,933.5],[967,934.26],[968.26,934.26],[969.76,935.26],[970.26,935.26],[970.76,938],[969.76,938.76],[970,940],[970,942],[969.76,942],[969.76,943.76],[970.26,945.5],[971,946],[972.26,946],[973,949],[972.5,950],[972.5,952],[973,952.76],[973.26,954.76],[975.26,956.26],[975.26,957],[976.5,958.26],[978,958.26],[978.26,959.5],[977.5,960],[976.5,961.5],[976.76,962.5],[975.5,962.5],[975.5,963],[974.26,963.76],[973.76,964.5],[973,964.5],[971.76,965.76],[970.76,966],[970.26,967.26],[970.26,968.76],[969.26,969],[969.5,970],[971.26,969.76],[971.26,970.5],[972,970.76],[971.76,971.76],[969.76,971.76],[969.26,972.76],[968.26,973],[968,974],[966.76,974],[966.76,976],[967.5,976.26],[967.5,977.26],[966.76,977.76],[967.26,979],[968,979],[968.76,980],[968.26,981.26],[970.26,981.5],[970.76,982.5],[972.26,983],[973.5,982.5],[973.76,983.26],[975.5,983.5],[976,983.26],[976.5,984.5],[976.5,985.76],[977,986.5],[978.5,986.5],[978.76,988.26],[976.76,989.26],[976.76,991.5],[975.5,991.76],[975,991.5],[974.26,992.5],[973.26,992.5],[972.5,992],[972.5,993],[971.5,993.5],[970.76,994.5],[970.76,995.26],[972,996],[972,997.5],[972.76,997.76],[972.5,999.26],[971.76,999.26],[972.26,1000.26],[972,1001],[970.5,1000.76],[970.26,1002.76],[969,1002.76],[969,1003.5],[968.26,1004],[968.76,1006.26],[967.5,1006.76],[967.5,1007.26],[966,1007.5],[964.76,1006.26],[963.26,1006],[963,1007.5],[962.5,1008],[961.5,1008],[960.76,1008.76],[961.26,1010.5],[960.76,1010.76],[961,1011.76],[960.26,1012.5],[960.5,1013.76],[962,1014.5],[961.76,1015.76],[960.76,1016.5],[959.76,1016.26],[958.5,1017],[958.5,1018.76],[957,1020.26],[957,1021.26],[958.26,1022],[957.5,1023.26],[957.5,1024.26],[956.5,1025],[956.5,1026],[957.26,1026.26],[957.26,1027.76],[958,1027.76],[958,1029.5],[957.5,1030.76],[957.5,1033.26],[958.76,1033.5],[959.26,1034.5],[960.76,1035.26],[960.76,1036],[962,1036.76],[961.5,1037.5],[961.5,1040.5],[960.76,1041],[960.76,1042.26],[959.76,1042.5],[959.5,1042],[958.26,1042],[958.26,1042.76],[957.26,1044],[956.26,1044],[956.26,1045.26],[955,1046.5],[954,1046.76],[954.26,1048],[953.76,1048],[953.76,1049],[954.26,1049.76],[955.26,1049.76],[956.26,1049.26],[956.5,1050.26],[957,1050.5],[957,1051.76],[957.5,1052.76],[956,1053],[955.76,1054.26],[955,1054.76],[954,1054.76],[953.26,1056.26],[952.26,1056.26],[952,1058],[950,1058],[950,1057.26],[948.76,1056.76],[948.76,1057.76],[948.26,1058.26],[946.5,1057.26],[946.5,1055.76],[945,1054.76],[942.76,1053.76],[942.76,1053],[941.5,1052.5],[941.26,1050.5],[940.76,1050.5],[939.5,1049],[940.26,1048],[941.26,1048],[942.5,1046],[944.5,1045.76],[944.5,1044.5],[946,1043.5],[946,1042],[945.5,1041.76],[946,1040.76],[947.5,1040.76],[948.5,1041.26],[950.76,1041.26],[950.76,1040.26],[949,1040.26],[948,1039.76],[948.26,1038.26],[947.76,1037.76],[946,1037.5],[945.26,1036.5],[944.26,1036.26],[942,1036.26],[941.76,1035.76],[939.5,1035.76],[939.26,1035.26],[938,1035],[937.26,1034.26],[935,1034],[934.5,1033.26],[933.26,1032.76],[933.26,1034.26],[932.76,1034.26],[932.5,1035.26],[931.26,1036.76],[930.5,1037],[930.76,1039],[930.26,1039.26],[930.76,1040.26],[930.76,1042],[930.26,1042.5],[928,1042.5],[927.76,1043.76],[926.5,1044],[926.26,1044.5],[925,1044.5],[924.26,1045.26],[922.76,1045.26],[922.5,1046],[921,1046.26],[921,1045],[920,1044],[919.76,1043.26],[920,1041.76],[919.26,1040.76],[917.76,1041.26],[915.26,1041.26],[915,1042.26],[913.26,1042.26],[912.26,1042.5],[911.5,1046],[909.76,1046],[908.76,1045],[907.76,1045.26],[905.76,1045.26],[902.76,1044],[900.76,1044],[900.5,1044.76],[899.5,1044.76],[899.5,1046],[897.76,1046],[897,1046.76],[897.26,1048.26],[896,1048],[895.76,1048.5],[894.26,1048.5],[894,1049.5],[894.26,1050.76],[892.5,1050.76],[892.5,1050.5],[890.5,1050.5],[890.26,1049.76],[891,1049.5],[890.76,1049],[889.5,1048.76],[889.5,1048],[888.26,1047.26],[887,1047.5],[884.5,1047.26],[882.5,1044.76],[881.5,1044.76],[880.5,1045.5],[878,1045.26],[876.5,1044.76],[875.76,1044],[875.76,1042.5],[874.5,1041.26],[874.76,1040.76],[874,1039.5],[872.76,1038.76],[871.26,1037.26],[869.5,1037.26],[868.26,1036.76],[866.76,1034.76],[864.76,1033.26],[864.26,1032.5],[863.5,1030.26],[862.76,1030],[861.76,1029],[861,1029.26],[858.26,1029],[858,1028.5],[856.5,1027.5],[855.26,1024.5],[854.26,1023.76],[853.5,1022.5],[853,1022.26],[849.26,1022.26],[848.26,1021.5],[844.76,1020.5],[844,1019.5],[844,1018],[843.26,1015.76],[842.5,1015.5],[841.76,1014.26],[841.76,1013],[841.26,1011.76],[839.76,1010.5],[840.26,1007.76],[841.5,1006],[841,1004.26],[841,1001.26],[840.26,1000.26],[839.76,998.5],[838.26,997.26],[837.5,996],[836.5,995.26],[834.5,994.5],[834.26,994],[832.76,993.26],[833,992],[833.5,991.26],[833.26,989.26],[833.76,988.5],[833.5,987.5],[833.5,985.26],[833,984.76],[832.76,983.5],[831.5,982.5],[830,980.26],[830,976.26],[830.26,976.26],[829,970.26],[827.5,968.76],[826.26,968.26],[825.5,967.26],[825,967.26],[824,965.5],[824,964.26],[825,961.5],[825,959.5],[825.26,959],[826,959.26],[827.26,960.76],[829.76,960.5],[830.26,960.26],[831.26,958.5],[832.5,958],[834.76,958],[835.76,958.26],[836.5,958],[837,957.26],[837.76,957.26],[838.5,956],[838.76,954.26],[840,953.26],[840,951],[841.5,949.26],[841.5,948.76],[843.76,947.26],[843.5,945],[842.5,944.26],[842.5,943.76],[841,942.76],[841,940.26],[840.26,939.26],[840.26,936.5],[839.76,935.76],[839.76,930.26],[839.26,929],[840,928.26],[840.26,927.26],[842.5,927.26],[843.26,926.26],[843.26,925.5],[844.5,925.26],[846.26,925.26],[847.5,925],[848.26,924.5],[848.76,923.5],[848.76,922.5],[849.5,922.76],[851.76,922.76],[852.76,922],[853.76,920.76],[856.5,920.76],[856.76,919.76],[856.26,919.26],[856.26,918],[855.76,917],[855.76,915.26],[857.5,914.26],[857.26,912.26],[856.26,912],[856,911],[855.26,910.26],[855.26,908],[855.5,907.26],[855.5,904.26],[856,904],[856,902.26],[856.5,902],[856.5,900.76],[856,900.76],[856,899.76],[856.76,898.5],[857.76,898.5],[858,898],[859,897.76],[859.26,896.26],[859.76,896],[859.76,895],[860.76,894.76],[862.76,892.5],[863.26,892.5],[864,893.5],[865,893.5],[865,894],[866.5,893.76],[867.76,893.26],[868.5,892.5],[869,891],[869.5,890.76],[869.76,889.26],[870.5,888.5],[870.76,886.5],[869.5,885.5],[869,884.76],[869.26,884],[869.26,882.26],[872,881.26],[872,879.5],[873.26,879.76],[873.5,879.26],[876,879.5],[877,878],[877.76,877.5],[877.76,878.76],[878.5,879.26],[880.5,879],[881.26,878],[882.5,877.76],[882.76,877.26],[883.76,877],[884.26,878.76],[885.5,878.5],[886.26,878],[886.5,877.26],[888,876.26],[888,875.5],[889,875],[889,874.26],[889.76,874],[889.76,873.26],[890.5,872.76],[892.26,873],[892.76,872.26],[893.76,872],[894.5,872.26],[894.76,871.5],[895.5,871],[895.26,869.26],[896,868.76],[897.76,868.76],[898.76,867.26],[899.26,867.26],[899.26,866.26],[900.26,865.5],[901,865.5],[902,864.76],[902.76,864.76],[903.76,864],[904.5,864.5],[906.26,864.26],[906.76,864.76],[908.26,864.76],[909.76,864.26],[910.76,863.26],[912,863.76],[912,863.26],[913,862.5],[915,862.76],[915.5,863.5],[916.5,863.5],[917.5,863],[917.76,863.76],[919.76,864],[919.76,867.26],[921.76,868.76],[921.76,869.26],[924,869.5],[926.26,869.5],[926.5,869.76],[926.5,870],[926.76,870],[927,870]]],[[[776.76,1041.26],[775,1041.26],[774.5,1040.26],[775.26,1039.26],[776.76,1039],[777.26,1038.5],[777.26,1037.5],[778.26,1037],[778.76,1035.76],[779.76,1035.76],[780.26,1036.26],[782.5,1036.26],[783.5,1036.76],[783,1038],[782.76,1039.5],[781,1039.5],[780.76,1040],[779.26,1040],[778.76,1040.5],[777,1040.76],[776.76,1041.26]]],[[[771.26,1042.76],[771.26,1042],[772.26,1041.5],[773.5,1041.76],[775,1043],[775,1043.5],[773.5,1044.26],[771.5,1044.26],[771.26,1042.76]]],[[[778.26,1042],[777.5,1042.26],[777.5,1041.26],[778.26,1041.26],[778.26,1042]]],[[[773.26,1048.76],[773.5,1048],[775,1048.5],[775.5,1049.26],[776.76,1049],[776.76,1050.26],[775.76,1050.76],[774.76,1051.76],[774.76,1053.26],[773.76,1053.5],[771.76,1053.5],[771.26,1052.26],[772.76,1051.76],[773.26,1051],[773.26,1048.76]]],[[[783.76,1040],[782.76,1040.26],[783.26,1039.5],[783.76,1040]]],[[[786.76,1038.5],[786.26,1039],[785.76,1038.26],[786.76,1038.5]]],[[[788.5,1049.5],[789,1049],[790,1049],[790.5,1048],[792.26,1048],[793.76,1048.76],[795,1048.5],[795.5,1048.76],[795.5,1049.76],[796.5,1050],[796.76,1050.5],[798.26,1050.5],[798.26,1052],[799.76,1052.26],[801.26,1053],[801.26,1054.76],[800.5,1055],[801.5,1057],[802.5,1057.26],[802.5,1059],[801.5,1059.26],[799.5,1059.26],[798.76,1059],[798.26,1057],[796.5,1056.76],[796.5,1056],[795.5,1055.26],[795.5,1054.26],[794.76,1054.5],[794.5,1053.76],[792.26,1054],[792,1053.26],[792,1051.26],[791.26,1050.26],[790.26,1050.26],[789.26,1049.5],[788.5,1049.5]]],[[[853,1058],[852.5,1057.5],[852.5,1056.26],[853.76,1057],[853.76,1057.5],[854.76,1057.5],[855,1058.5],[855.5,1058.76],[857,1061.26],[858.76,1061.5],[859.26,1062.5],[859.26,1063.5],[860.26,1064.76],[860,1065.5],[858.76,1066],[856.5,1065.76],[856,1066.26],[854,1066.26],[854.26,1065.5],[854.26,1062.76],[854.76,1061.76],[853.76,1061],[853,1058]]],[[[860,1034.76],[860.26,1033.26],[862.26,1035],[863,1036.76],[864.5,1037.26],[865.26,1038.26],[867,1039],[868.5,1040.76],[869.76,1040.76],[869.76,1041.26],[871.76,1042.76],[871.76,1044.5],[871,1045.5],[870,1045.76],[868,1045.76],[868,1046.76],[867.26,1047.26],[867.26,1048],[866.5,1047.76],[865.26,1046.76],[865.26,1045.26],[864.76,1044.76],[864.5,1043.26],[863.5,1042.5],[863.5,1042],[862.5,1041.26],[862.26,1040],[861.76,1039.5],[862,1037.76],[860.76,1037],[861,1036.26],[860.26,1035.76],[860,1034.76]]],[[[857,1034.76],[857.26,1033.76],[857.76,1033.76],[858,1036.5],[859,1038],[859.5,1039.76],[860.26,1040],[861,1042],[861,1043.5],[861.76,1044.76],[861.76,1046.5],[862,1046.5],[862.5,1049.26],[864,1051.26],[865.5,1051.76],[866.26,1052.76],[866.26,1053.76],[868.26,1054.76],[868.26,1056],[867,1057],[867.26,1059],[868.26,1058.5],[868.5,1059.76],[869.5,1060.5],[869.76,1062],[869.26,1062.5],[869.5,1063.26],[868.26,1063],[866.26,1063.5],[866,1064.76],[865.26,1065],[865.26,1066],[863,1064.5],[862.26,1063.26],[860.76,1062.5],[860.76,1061.5],[858.5,1060.26],[858.26,1059],[857,1057.5],[856.5,1057.5],[855,1056.5],[854.26,1055.5],[853,1055.26],[852.5,1054.76],[852.5,1053],[853.5,1051.5],[854.5,1051.26],[854.26,1050.76],[854.26,1047.26],[855.76,1045.76],[855.76,1042.76],[855.5,1041.26],[856.5,1039],[856.5,1037.26],[856.76,1037.26],[856.76,1035.5],[857,1034.76]]],[[[868,1048.76],[867.76,1047.76],[869.5,1049],[869.5,1050.26],[870,1050.5],[870,1052.26],[868,1051.5],[868,1048.76]]],[[[886.76,1061.26],[887.26,1059.26],[888.5,1059.76],[890.5,1060],[890.5,1060.76],[891.26,1060.76],[891.26,1062.26],[892,1062.26],[892,1065.76],[891.5,1066],[891.5,1068.5],[891,1068.76],[890.26,1068.26],[890.26,1067],[889.76,1065.76],[889,1065.76],[888.26,1065],[887,1065],[886.76,1064.26],[887.5,1063.76],[887.76,1062.5],[886.76,1061.26]]],[[[895.26,1050.26],[895.5,1051],[894.76,1050.76],[895.26,1050.26]]],[[[889.76,1070.5],[889.26,1069.76],[889.76,1068.76],[890.5,1069],[890.76,1069.76],[889.76,1070.5]]],[[[907.76,1046.26],[907,1046.5],[906.76,1045.76],[908,1045.76],[907.76,1046.26]]],[[[919.5,1043.76],[918.76,1043.76],[919.26,1042.76],[919.5,1043.76]]],[[[919.26,1045.26],[919.26,1044.26],[920.76,1046.5],[920.76,1047.76],[919.5,1047.76],[918.76,1048.26],[919.26,1045.26]]],[[[927.5,1050.26],[927.5,1049.76],[929.26,1048.76],[930.76,1048.76],[931.76,1049.26],[931.5,1050.26],[930.5,1051],[930.26,1052.76],[929.76,1053.26],[927.26,1053.26],[927.26,1053],[922.26,1053],[922,1051.76],[923,1051.76],[923.26,1051.26],[927.26,1051.26],[927.5,1050.26]]],[[[931.5,1068.76],[931.76,1069.5],[932.5,1069],[932.5,1068],[933,1067.76],[933,1066.76],[933.76,1066.76],[934.26,1066],[934.26,1064.76],[935.26,1064.5],[936,1065.26],[937,1065.26],[937.5,1064.26],[937.5,1062.76],[936.76,1062],[935.5,1062],[935.26,1060.5],[935.76,1060.26],[936.26,1058.26],[936.26,1056],[937,1055.76],[939,1055.76],[939.5,1056.26],[941.5,1056.76],[941.5,1058.76],[941,1059.26],[940,1059.26],[939.76,1059.76],[940.76,1060],[940.76,1060.5],[941.76,1060.5],[942.76,1062],[944.26,1062],[944.5,1063],[947,1063],[946.5,1064.76],[945.76,1065.26],[945.76,1066.26],[947,1067],[947,1069],[946.76,1069.26],[944.5,1069.26],[943.5,1069.5],[943.5,1070.26],[942.76,1070.26],[941.76,1068.5],[940.76,1068.5],[940.5,1069.5],[941,1069.5],[940.5,1071],[939,1071],[938.76,1071.5],[936.26,1071.26],[935.76,1070.5],[934.26,1071.5],[933.76,1072.5],[933,1072.5],[932.5,1073.5],[928.76,1073.5],[928.5,1073],[926.76,1072.76],[926.76,1071.76],[927.76,1071.5],[928.5,1069.5],[930.5,1069.5],[931.5,1068.76]]]]},"properties":{"id":"k44","key":"k_volantis","name":"Volantis","counties":61,"color":"#ddded0","owner":null,"ownerCountryId":null,"notes":""},"id":"k44"},
{"type":"Feature","geometry":{"type":"Polygon","coordinates":[[[17.26,1520.76],[18.26,1520.5],[19.26,1519.5],[20,1520],[20.26,1522.5],[19.26,1523],[18,1523],[17.5,1522.26],[16.76,1522],[16.76,1521],[17.26,1520.76]]]},"properties":{"id":"k45","key":"k_wilderness","name":"Wilderness","counties":1,"color":"#e0d4d5","owner":null,"ownerCountryId":null,"notes":""},"id":"k45"}
]}